{
  "naive_zero": {
    "MAE": 0.006185959976469586,
    "RMSE": 0.008123078622544043
  },
  "baseline": {
    "MAE": 0.006137991756054805,
    "RMSE": 0.008093566858063672
  },
  "fast": {
    "MAE": 0.006268132855103736,
    "RMSE": 0.008191004900877076
  },
  "medium": {
    "MAE": 0.006214547061088688,
    "RMSE": 0.008142747641791192
  },
  "slow": {
    "MAE": 0.006175033725066786,
    "RMSE": 0.008111815659187959
  }
}