{
  "naive_zero": {
    "MAE": 0.00618596783315106,
    "RMSE": 0.00812308386950567
  },
  "baseline": {
    "MAE": 0.0061541835873574705,
    "RMSE": 0.008099068964302819
  },
  "fast": {
    "MAE": 0.006276086479290632,
    "RMSE": 0.008197777141252943
  },
  "medium": {
    "MAE": 0.006215235893344391,
    "RMSE": 0.008143142603948784
  },
  "slow": {
    "MAE": 0.006176832217814881,
    "RMSE": 0.008112496570537687
  }
}