{
  "naive_zero": {
    "MAE": 0.005198441161110467,
    "RMSE": 0.006237000421499075
  },
  "baseline": {
    "MAE": 0.002201631030736886,
    "RMSE": 0.00349406495384975
  },
  "fast": {
    "MAE": 0.004138132894061863,
    "RMSE": 0.005382873085636406
  },
  "medium": {
    "MAE": 0.0025755796658865535,
    "RMSE": 0.003569206796294522
  },
  "slow": {
    "MAE": 0.0025039249455494866,
    "RMSE": 0.0035310312725722126
  }
}