{
  "naive_zero": {
    "MAE": 0.005198441161110467,
    "RMSE": 0.006237000421499075
  },
  "baseline": {
    "MAE": 0.0021916075863071967,
    "RMSE": 0.003469268306937147
  },
  "fast": {
    "MAE": 0.004140536654532173,
    "RMSE": 0.005384892461127396
  },
  "medium": {
    "MAE": 0.0025731264568063053,
    "RMSE": 0.003568089449380999
  },
  "slow": {
    "MAE": 0.0025027802030622615,
    "RMSE": 0.0035315300362647813
  }
}