{
  "naive_zero": {
    "MAE": 0.03876271777669343,
    "RMSE": 0.05784714253997382
  },
  "baseline": {
    "MAE": 0.04598030859273892,
    "RMSE": 0.06198067407481016
  },
  "fast": {
    "MAE": 0.04250011828422849,
    "RMSE": 0.06020265193536974
  },
  "medium": {
    "MAE": 0.04086793694245996,
    "RMSE": 0.05809936226094396
  },
  "slow": {
    "MAE": 0.04381249024046959,
    "RMSE": 0.06026144509453529
  }
}