date,window_start,actual_return,baseline_pred,selected_pred,ma_linear_pred,baseline_err,selected_err,ma_linear_err,baseline_correct,selected_correct,ma_signal_correct
2020-01-01,2020-01-01,0.0009140341575637,0.007199135143985374,0.0030279533461055486,0.0020588070823664125,0.006285100986421674,0.0021139191885418485,0.0011447729248027123,True,True,False
2020-01-02,2020-01-01,-0.0298192921625907,0.0014499989927210016,0.0025761233396027427,0.0020995598145260603,0.0312692911553117,0.03239541550219344,0.03191885197711676,False,False,True
2020-01-03,2020-01-01,0.0514516634451127,-0.00245961909118225,0.002664400083403844,0.0021292389684752586,0.05391128253629495,0.048787263361708855,0.04932242447663744,False,True,False
2020-01-04,2020-01-01,0.0089548668779415,0.0017903182996723143,0.0028110244627616125,0.0021824449296128806,0.007164548578269186,0.006143842415179887,0.0067724219483286194,True,True,False
2020-01-05,2020-01-01,8.914790612779555e-05,-0.0001578626674944455,0.0020082437268087987,0.002230904357598159,0.00024701057362224105,0.0019190958206810032,0.0021417564514703636,False,True,False
2020-01-06,2020-01-01,0.0482912601069758,0.0072584253100097884,0.003215772466171577,0.0022970763253937726,0.04103283479696601,0.04507548764080422,0.04599418378158203,True,True,False
2020-01-07,2020-01-01,0.0507738464358893,0.006414325551559689,0.0025122189621742536,0.0024009311067874468,0.04435952088432961,0.04826162747371505,0.04837291532910185,True,True,False
2020-01-08,2020-01-01,-0.0102685875352482,0.0017632023464173815,0.002291061443856407,0.002468785061133617,0.012031789881665582,0.012559648979104608,0.012737372596381817,False,False,True
2020-01-09,2020-01-01,-0.0248508556458387,0.008687095717051181,0.003160580478071761,0.00253542571036365,0.03353795136288988,0.028011436123910462,0.02738628135620235,False,False,False
2020-01-10,2020-01-01,0.0364869030383474,0.00048162978953946497,0.003049555196078263,0.0025871675479742814,0.03600527324880794,0.03343734784226914,0.033899735490373124,True,True,True
2020-01-11,2020-01-01,-0.0157981687765988,0.0019572206184411472,0.0025448803394856907,0.0026419986097489787,0.01775538939503995,0.01834304911608449,0.01844016738634778,False,False,False
2020-01-12,2020-01-01,0.0192791064534409,-0.00017707773058824126,0.0025301139673177104,0.0026581309407230995,0.01945618418402914,0.01674899248612319,0.016620975512717802,False,True,True
2020-01-13,2020-01-01,-0.0058956166288836,0.00799244820656533,0.003366424025501085,0.0026948600340612736,0.01388806483544893,0.009262040654384684,0.008590476662944874,False,False,False
2020-01-14,2020-01-01,0.0839334480862816,0.0025722795514890907,0.0022142504690150053,0.0027215511986097662,0.08136116853479251,0.08171919761726659,0.08121189688767183,True,True,True
2020-01-15,2020-01-01,-0.0023509809194645,0.0014359799637840797,0.002721995254499181,0.00278292237696787,0.00378696088324858,0.005072976173963681,0.00513390329643237,False,False,False
2020-01-16,2020-01-01,-0.0094498135418793,0.0027609292555165936,0.0023022181446165674,0.0028475498085591853,0.012210742797395892,0.011752031686495867,0.012297363350438486,False,False,False
2020-01-17,2020-01-01,0.0235278524714164,0.007196716348946717,0.0035491605577694578,0.0029137890306275963,0.016331136122469683,0.019978691913646943,0.020614063440788803,True,True,True
2020-01-18,2020-01-01,0.0015422162701026,0.002808097204085137,0.0024791365807951657,0.002984009090880219,0.0012658809339825372,0.0009369203106925658,0.001441792820777619,True,True,True
2020-01-19,2020-01-01,-0.0264529285271554,-0.004922228658310826,0.0024556120842709936,0.0030557103788698197,0.021530699868844573,0.028908540611426392,0.02950863890602522,True,False,False
2020-01-20,2020-01-01,-0.0055824914654137,0.007230580609529504,0.003378926601625315,0.003120841001272426,0.012813072074943203,0.008961418067039015,0.008703332466686125,False,False,False
2020-01-21,2020-01-01,0.0101935315911496,0.002021802584254464,0.0026589545716582067,0.0031862458309940118,0.008171729006895136,0.0075345770194913935,0.007007285760155588,True,True,True
2020-01-22,2020-01-01,-0.0074341800550168,0.002983994192414951,0.0024688953197818503,0.003251224426071817,0.010418174247431751,0.00990307537479865,0.010685404481088616,False,False,False
2020-01-23,2020-01-01,-0.0316051458750529,0.006128994089811017,0.00277980097345539,0.003327927958468981,0.03773413996486392,0.03438494684850829,0.03493307383352188,False,False,False
2020-01-24,2020-01-01,0.0046296167221482,0.009053141562076511,0.003012336521812327,0.0033666616419149183,0.004423524839928311,0.0016172802003358733,0.0012629550802332819,True,True,True
2020-01-25,2020-01-01,-0.0091868468598684,0.005689131618880008,0.00268280094031665,0.0034080144497695645,0.014875978478748409,0.01186964780018505,0.012594861309637965,False,False,False
2020-01-26,2020-01-01,0.027364554337216,0.00138705685660009,0.002424340318684213,0.003449063537868966,0.02597749748061591,0.02494021401853179,0.023915490799347034,True,True,True
2020-01-27,2020-01-01,0.0364075193958892,0.0026576636505215743,0.0028845206681695234,0.0034745656305663775,0.03374985574536763,0.03352299872771968,0.03293295376532283,True,True,True
2020-01-28,2020-01-01,0.0503680816514873,0.0007518675141888456,0.002301691264259915,0.0034852940541738537,0.04961621413729845,0.04806639038722738,0.046882787597313444,True,True,True
2020-01-29,2020-01-01,-0.0044835772950903,0.00014309524061953448,0.0025240764497213215,0.003513845165076836,0.004626672535709834,0.007007653744811621,0.007997422460167136,False,False,False
2020-01-30,2020-01-01,0.020647303120292,0.0034043988725044405,0.0026925422003855858,0.003550414463214929,0.01724290424778756,0.017954760919906415,0.01709688865707707,True,True,True
2020-01-31,2020-01-01,-0.016664631518128,0.00465774537930328,0.003059605139083564,0.0035727545699379597,0.021322376897431283,0.019724236657211566,0.02023738608806596,False,False,False
2020-02-01,2020-01-01,0.0045286958396197,0.007914558002450698,0.0026465453535050357,0.0035982963988056144,0.0033858621628309977,0.0018821504861146645,0.0009303994408140859,True,True,True
2020-02-02,2020-01-01,-0.0051645279666768,0.005475306617094514,0.0031482509480463224,0.003615644642850464,0.010639834583771313,0.008312778914723122,0.008780172609527265,False,False,False
2020-02-03,2020-01-01,-0.0054411133046214,0.0055886095879907624,0.002636315548096274,0.0036299769093285595,0.011029722892612163,0.008077428852717674,0.009071090213949959,False,False,False
2020-02-04,2020-01-01,-0.0121115116524175,-0.002839176153939916,0.0027361088667200322,0.003598304184493787,0.009272335498477585,0.014847620519137532,0.01570981583691129,True,False,False
2020-02-05,2020-01-01,0.0471040938354734,0.0025769277330990534,0.002754101559660951,0.0035579007763516333,0.044527166102374345,0.04434999227581245,0.04354619305912177,True,True,True
2020-02-06,2020-01-01,0.0121057733194935,0.0017181993240697078,0.002563477146090996,0.0035307309044852473,0.010387573995423793,0.009542296173402503,0.008575042415008251,True,True,True
2020-02-07,2020-01-01,0.0067978365036462,0.0026458301171651062,0.002426107169615815,0.0035128983471291878,0.004152006386481093,0.0043717293340303845,0.0032849381565170123,True,True,True
2020-02-08,2020-01-01,0.0070616763196977,0.002915736516996074,0.0030461531785762317,0.0034947011774136283,0.004145939802701626,0.004015523141121469,0.0035669751422840717,True,True,True
2020-02-09,2020-01-01,0.0254994069421916,0.0014220110674208904,0.0025690212082658255,0.0034946681384847612,0.024077395874770712,0.022930385733925775,0.02200473880370684,True,True,True
2020-02-10,2020-01-01,-0.0257063244716865,0.0010853868195037108,0.00261274367131499,0.0035058496283967974,0.026791711291190214,0.028319068143001492,0.0292121741000833,False,False,False
2020-02-11,2020-01-01,0.035674025108068,0.0017225051081153427,0.0028704195912526726,0.0035110126452494936,0.033951519999952655,0.032803605516815326,0.032163012462818504,True,True,True
2020-02-12,2020-01-01,0.0115414999798149,0.00014898915900261748,0.002954121298788401,0.003528193398908079,0.011392510820812283,0.008587378681026499,0.00801330658090682,True,True,True
2020-02-13,2020-01-01,-0.0108148569872175,0.0031381140413384648,0.0021915402844509134,0.0035652946692209453,0.013952971028555965,0.013006397271668413,0.014380151656438446,False,False,False
2020-02-14,2020-01-01,0.0095685033498174,0.005644631005142616,0.003114908156963109,0.0035943741528147157,0.003923872344674784,0.006453595192854291,0.005974129197002684,True,True,True
2020-02-15,2020-01-01,-0.0409897830477971,0.008770045043078146,0.002868737874711707,0.003630134802050191,0.049759828090875244,0.04385852092250881,0.04461991784984729,False,False,False
2020-02-16,2020-01-01,0.0045512039326256,0.00552211094748185,0.0025710316767722226,0.003638651942783828,0.0009709070148562499,0.0019801722558533776,0.0009125519898417721,True,True,True
2020-02-17,2020-01-01,-0.0245903315291864,0.00791911450158169,0.0032518528466858026,0.0036304593143757433,0.032509446030768094,0.0278421843758722,0.028220790843562143,False,False,False
2020-02-18,2020-01-01,0.0466302236506857,-0.0021301915374759787,0.002266171542952297,0.0035900752568268973,0.048760415188161675,0.0443640521077334,0.0430401483938588,False,True,True
2020-02-19,2020-01-01,-0.0501488435115282,0.0028734527101034585,0.0029089440127836896,0.0035642727386345865,0.05302229622163166,0.05305778752431189,0.053713116250162785,False,False,False
2020-02-20,2020-01-01,-0.0025859164113087,-0.0016362409415711888,0.002222796823179881,0.0035079291760757303,0.0009496754697375111,0.0048087132344885805,0.00609384558738443,True,False,False
2020-02-21,2020-01-01,0.0081142757365806,0.003473431115151564,0.0033390659330634832,0.003460878486851497,0.004640844621429035,0.0047752098035171164,0.004653397249729102,True,True,True
2020-02-22,2020-01-01,-0.0024012704614092,0.0020879109141786626,0.0021247948795584054,0.0034089571140347515,0.004489181375587863,0.004526065340967606,0.0058102275754439514,False,False,False
2020-02-23,2020-01-01,0.0270443001170883,0.004832043678718052,0.0027943009307044996,0.0033687802926444113,0.02221225643837025,0.024249999186383802,0.02367551982444389,True,True,True
2020-02-24,2020-01-01,-0.0276427415380788,0.006247670747887965,0.0029149223314257336,0.0033422105879873177,0.033890412285966766,0.030557663869504533,0.030984952126066116,False,False,False
2020-02-25,2020-01-01,-0.0319651957405645,-0.0023467535914877312,0.0022489136745199034,0.0033134426993210392,0.02961844214907677,0.034214109415084404,0.03527863843988554,True,False,False
2020-02-26,2020-01-01,-0.0557909517404833,0.0046061900240644705,0.0032380958482829333,0.0032588429560693813,0.06039714176454777,0.05902904758876623,0.05904979469655268,False,False,False
2020-02-27,2020-01-01,-0.0040846016176541,6.300344757324307e-05,0.0026121451651304104,0.0031904700506939472,0.004147605065227343,0.006696746782784511,0.007275071668348047,False,False,False
2020-02-28,2020-01-01,-0.0127541848974389,0.005799786712217021,0.002936649946494263,0.003115274545042185,0.01855397160965592,0.015690834843933164,0.015869459442481085,False,False,False
2020-02-29,2020-01-01,-0.0084112616791174,0.0016816302823588285,0.00236701214180676,0.003027802938001071,0.010092891961476228,0.01077827382092416,0.01143906461711847,False,False,False
2020-03-01,2020-01-01,-0.0043089307085921,0.00018144052647513882,0.0027168090954062226,0.0029306773692187506,0.004490371235067238,0.007025739803998322,0.0072396080778108505,False,False,False
2020-03-02,2020-01-01,0.0358794122185646,0.0026726857340064495,0.0024659324228369457,0.0028442966098074967,0.033206726484558156,0.03341347979572766,0.033035115608757104,True,True,True
2020-03-03,2020-01-01,-0.0092318868440135,0.0002715832274538224,0.0024052074319281516,0.0027520180261854125,0.009503470071467322,0.011637094275941652,0.011983904870198913,False,False,False
2020-03-04,2020-01-01,-0.0037028710724991,0.002808921849586713,0.002585505277109371,0.0026494161997261535,0.006511792922085813,0.006288376349608471,0.0063522872722252535,False,False,False
2020-03-05,2020-01-01,0.0369511716859043,-0.000339353812161831,0.003015788665400993,0.0025680087112226494,0.03729052549806613,0.03393538302050331,0.03438316297468165,False,True,True
2020-03-06,2020-01-01,0.0048225958309942,-0.001302845960237129,0.0023697369177497225,0.002491587390808581,0.006125441791231329,0.002452858913244478,0.002331008440185619,False,True,True
2020-03-07,2020-01-01,-0.0233039986032201,0.0002434603024181331,0.002440242250086373,0.0024389093507299576,0.023547458905638235,0.025744240853306476,0.02574290795395006,False,False,True
2020-03-08,2020-01-01,-0.0899934928379019,0.0028297032111710904,0.0031919634801736373,0.0023810881311625517,0.09282319604907299,0.09318545631807554,0.09237458096906445,False,False,True
2020-03-09,2020-01-01,-0.022751484424786,0.003742943639893945,0.002849883694803682,0.00230980053353938,0.026494428064679946,0.02560136811958968,0.02506128495832538,False,False,True
2020-03-10,2020-01-01,-0.0017561412564156,0.0002447891587581321,0.0030186712637821347,0.00220078665805115,0.002000930415173732,0.0047748125201977345,0.00395692791446675,False,False,True
2020-03-11,2020-01-01,0.0002150116000085,0.002660340844482651,0.0022203194805523645,0.0021189135222219845,0.002445329244474151,0.0020053078805438644,0.0019039019222134843,True,True,False
2020-03-12,2020-01-01,-0.3716953856011707,0.004767944978862574,0.002813422156074682,0.0020401971831130504,0.3764633305800333,0.3745088077572454,0.37373558278428376,False,False,True
2020-03-13,2020-01-01,0.1192806724128683,0.001592573532018783,0.003280310602493365,0.0018500655587346516,0.11768809888084952,0.11600036181037493,0.11743060685413365,True,True,False
2020-03-14,2020-01-01,-0.0653055271012118,-0.0006948561727123858,0.004008092687076682,0.0016740485670351938,0.06461067092849943,0.06931361978828848,0.066979575668247,True,False,True
2020-03-15,2020-01-01,0.0369106179609119,-0.013452175870666529,-0.0012562311443193377,0.0014678124397235041,0.05036279383157843,0.038166849105231236,0.03544280552118839,False,False,False
2020-03-16,2020-01-01,-0.0700691567616348,0.013695679329521832,0.0054355692647266324,0.0012804401762599015,0.08376483609115663,0.07550472602636144,0.07134959693789471,False,False,True
2020-03-17,2020-01-01,0.0421079383874141,-0.009385655091115587,0.0010355681324974956,0.0010989607301876195,0.051493593478529685,0.041072370254916606,0.04100897765722648,False,True,False
2020-03-18,2020-01-01,0.0024512036855608,-0.015043294913243133,0.0020372308140304673,0.0009604474107933734,0.017494498598803934,0.0004139728715303326,0.0014907562747674265,False,True,False
2020-03-19,2020-01-01,0.1818775573663802,0.01099479565199488,0.0024756558565520834,0.0008314332311471718,0.17088276171438532,0.17940190150982813,0.18104612413523302,True,True,False
2020-03-20,2020-01-01,0.0012251999536576,0.00470164746779034,0.0026910684552597865,0.0007446336626914334,0.00347644751413274,0.0014658685016021864,0.0004805662909661667,True,True,False
2020-03-21,2020-01-01,-0.0022120349130034,0.010724118044846742,0.001959803185453958,0.0006652636940892901,0.012936152957850142,0.004171838098457358,0.0028772986070926903,False,False,True
2020-03-22,2020-01-01,-0.057365838963178,-0.012921090274442677,0.003521137598368796,0.0005831746539721684,0.044444748688735325,0.06088697656154679,0.057949013617150165,True,False,True
2020-03-23,2020-01-01,0.1005204867323117,0.003844884514367445,0.002532249151763593,0.00046666717153647777,0.09667560221794426,0.09798823758054812,0.10005381956077522,True,True,False
2020-03-24,2020-01-01,0.0496373342704787,0.006327035534823656,0.002996073393714703,0.0003773767265864512,0.04331029873565505,0.046641260876764,0.04925995754389225,True,True,False
2020-03-25,2020-01-01,-0.0079795529257925,0.01656340160514474,0.00247614735957383,0.0003016030834215727,0.024542954530937237,0.010455700285366331,0.008281156009214074,False,False,True
2020-03-26,2020-01-01,0.0052951815404678,-0.008063438090212621,0.003134460200431569,0.00019977699375762657,0.013358619630680421,0.0021607213400362314,0.005095404546710173,False,True,False
2020-03-27,2020-01-01,-0.0367221435856948,-0.00175249008440215,0.0027130006215270097,0.0001040461072935421,0.03496965350129265,0.03943514420722181,0.03682618969298834,True,False,True
2020-03-28,2020-01-01,-0.0351795342346012,-0.002670056394436557,0.0022977871803553716,1.1936569288986763e-05,0.03250947784016464,0.03747732141495657,0.035191470803890186,True,False,True
2020-03-29,2020-01-01,-0.051288198783903,0.010915391041565227,0.0037900572338239627,-3.854212227345647e-05,0.062203589825468225,0.05507825601772696,0.05124965666162954,False,False,True
2020-03-30,2020-01-01,0.0857472380400818,-0.00654317588138069,0.0026820615959850893,-9.108107360848933e-05,0.09229041392146249,0.08306517644409671,0.08583831911369029,False,True,False
2020-03-31,2020-01-01,0.0013690436954885,-0.008443263513166419,0.0024255003323655766,-0.00011520431444124891,0.009812307208654919,0.0010564566368770766,0.001484248009929749,False,True,False
2020-04-01,2020-01-01,0.0261129240978394,-0.01617155307383881,0.0015267207911029796,-0.0001447047733511989,0.04228447717167821,0.02458620330673642,0.026257628871190597,False,True,False
2020-04-02,2020-01-01,0.0282812878999854,0.016621423169647237,0.0035625133495952362,3.857318334187345e-05,0.011659864730338164,0.024718774550390163,0.028242714716643528,True,True,False
2020-04-03,2020-01-01,-0.0088667403657051,-0.004195954541387278,0.002086322063426918,0.00019614331488227495,0.004670785824317822,0.010953062429132018,0.009062883680587375,True,False,True
2020-04-04,2020-01-01,0.0199216430890349,0.009926572708180188,0.002834917753616579,0.0003762798361894703,0.009995070380854712,0.017086725335418322,0.019545363252845428,True,True,False
2020-04-05,2020-01-01,-0.0111245205726451,0.011684592440646572,0.0033352963876567194,0.0005548702407076253,0.022809113013291672,0.01445981696030182,0.011679390813352725,False,False,True
2020-04-06,2020-01-01,0.0707764242948763,0.011716705025929659,0.0024458338663585644,0.0007496856016780827,0.05905971926894664,0.06833059042851773,0.07002673869319821,True,True,False
2020-04-07,2020-01-01,-0.0131146270686772,0.007858677651624735,0.002973144889802345,0.0009561918898476037,0.020973304720301934,0.016087771958479546,0.014070818958524803,False,False,True
2020-04-08,2020-01-01,0.0219725436588782,-0.0031030714114771265,0.002114125647337407,0.0011542917854783724,0.025075615070355325,0.019858418011540792,0.020818251873399828,False,True,False
2020-04-09,2020-01-01,-0.0043644459866604,0.013349395472769466,0.0034996307754305385,0.0013058564301053491,0.017713841459429867,0.007864076762090938,0.005670302416765749,False,False,True
2020-04-10,2020-01-01,-0.0597905846056608,0.009956322500170426,0.002366667275864166,0.001444532754572317,0.06974690710583123,0.06215725188152497,0.06123511736023312,False,False,True
2020-04-11,2020-01-01,-0.0009336774645052,0.0045943895344359095,0.0031706727429910157,0.001565286142531199,0.005528066998941109,0.004104350207496216,0.002498963607036399,False,False,True
2020-04-12,2020-01-01,0.0163299946851382,0.011073996797476646,0.003263134962470024,0.0017155314976805306,0.005255997887661554,0.013066859722668175,0.014614463187457669,True,True,False
2020-04-13,2020-01-01,-0.0180824184922163,-0.00036689437343509317,0.0020164545629704697,0.0018295846570553793,0.017715524118781203,0.020098873055186768,0.019912003149271676,True,False,True
2020-04-14,2020-01-01,-0.0003812781513637,0.00392393449074562,0.002929758040573582,0.001923320826875199,0.00430521264210932,0.003311036191937282,0.002304598978238899,False,False,True
2020-04-15,2020-01-01,-0.029275847531044,-0.004112329305304334,0.002698590552840628,0.0020147481858574117,0.025163518225739666,0.03197443808388463,0.03129059571690141,True,False,True
2020-04-16,2020-01-01,0.0714674020316485,-0.006768587898961418,0.002341946459498346,0.002086768096564567,0.07823598993060991,0.06912545557215016,0.06938063393508394,False,True,False
2020-04-17,2020-01-01,-0.0028973157514314,0.00021736041435532327,0.0028345598797142333,0.0021852435800404565,0.003114676165786723,0.005731875631145633,0.005082559331471856,False,False,True
2020-04-18,2020-01-01,0.0227559566905246,0.004516139910240727,0.0021580801941809297,0.0022999444628255166,0.01823981678028387,0.02059787649634367,0.020456012227699084,True,True,False
2020-04-19,2020-01-01,-0.0094025053523019,0.014176945604223973,0.0034212495125708394,0.002444205201851634,0.023579450956525874,0.012823754864872739,0.011846710554153534,False,False,True
2020-04-20,2020-01-01,-0.0427664683819047,-0.001431739478179595,0.002210025237313116,0.0025453911729788462,0.0413347289037251,0.044976493619217815,0.045311859554883545,True,False,False
2020-04-21,2020-01-01,-0.0002376146132206,0.0012600229665580929,0.0030164268760745944,0.002631519647265685,0.001497637579778693,0.0032540414892951943,0.002869134260486285,False,False,False
2020-04-22,2020-01-01,0.034429236680519,0.00448958800932695,0.0031165937827048865,0.0027151262257300024,0.029939648671192046,0.03131264289781411,0.031714110454788995,True,True,True
2020-04-23,2020-01-01,0.0439100713286961,0.0001293726729291963,0.002217705485438581,0.002793392029872056,0.043780698655766906,0.04169236584325752,0.041116679298824045,True,True,True
2020-04-24,2020-01-01,0.0163096582850927,0.005528620727676571,0.0026618270593441154,0.002890365037893971,0.010781037557416131,0.013647831225748586,0.013419293247198729,True,True,True
2020-04-25,2020-01-01,0.0025209119488212,0.0010939260270703623,0.0025361526253670666,0.002993732152560379,0.0014269859217508375,1.524067654586677e-05,0.00047282020373917927,True,True,True
2020-04-26,2020-01-01,0.0145220714987825,0.011773596883207001,0.0028646015946679326,0.0031063848463272954,0.0027484746155754993,0.011657469904114568,0.011415686652455206,True,True,True
2020-04-27,2020-01-01,0.0150697771059273,-1.02221301117064e-05,0.00273015769109857,0.003179853997812771,0.015079999236039006,0.01233961941482873,0.011889923108114528,False,True,True
2020-04-28,2020-01-01,0.0014697416430327,0.00315345919988737,0.0028004697764861613,0.003239414125932131,0.00168371755685467,0.0013307281334534612,0.0017696724828994309,True,True,True
2020-04-29,2020-01-01,0.1273180520232342,-0.00048337915520988133,0.0028731256862713876,0.0032808232393150205,0.12780143117844409,0.12444492633696282,0.12403722878391919,False,True,True
2020-04-30,2020-01-01,-0.0161894964672024,-0.003558256903499552,0.0024317368367245203,0.0033689359542003524,0.012631239563702847,0.01862123330392692,0.019558432421402754,True,False,False
2020-05-01,2020-01-01,0.0238160895582955,0.00021951698167369492,0.0019676448055757764,0.0034847195684669543,0.023596572576621802,0.02184844475271972,0.020331369989828544,True,True,True
2020-05-02,2020-01-01,0.0139687916998485,0.006704424406470876,0.003998453948640873,0.0035081773006282848,0.007264367293377624,0.009970337751207627,0.010460614399220216,True,True,True
2020-05-03,2020-01-01,-0.0101381709442399,0.0047153958382976004,0.0020853152831443733,0.0035479145937201747,0.0148535667825375,0.012223486227384273,0.013686085537960075,False,False,False
2020-05-04,2020-01-01,0.0017067266322232,0.006417948646211716,0.0031535690128386765,0.0035803593324834565,0.004711222013988516,0.0014468423806154765,0.0018736327002602565,True,True,True
2020-05-05,2020-01-01,0.0101446788592149,0.00826171331670894,0.0032938324351990318,0.0036193725405164086,0.001882965542505959,0.006850846424015868,0.006525306318698491,True,True,True
2020-05-06,2020-01-01,0.0295111997382837,0.002367343621060457,0.002372878737941244,0.0036637858906688305,0.027143856117223242,0.027138321000342455,0.02584741384761487,True,True,True
2020-05-07,2020-01-01,0.0736621413577107,0.0001254680570949981,0.002731199039889384,0.003689980814426256,0.0735366733006157,0.07093094231782131,0.06997216054328444,True,True,True
2020-05-08,2020-01-01,-0.0109382842894089,0.0007945679716528501,0.0024062911229926383,0.003745054959445219,0.01173285226106175,0.01334457541240154,0.01468333924885412,False,False,False
2020-05-09,2020-01-01,-0.0252746086126547,0.005596343836509934,0.0026689636651633783,0.0038136519758839443,0.030870952449164633,0.027943572277818077,0.029088260588538643,False,False,False
2020-05-10,2020-01-01,-0.0872915214038874,0.005104079567735559,0.0034292125831557906,0.003876286919923215,0.09239560097162297,0.0907207339870432,0.09116780832381062,False,False,False
2020-05-11,2020-01-01,-0.0176595660443747,0.006510841785682344,0.002796384791387108,0.003926756464697959,0.024170407830057042,0.020455950835761808,0.021586322509072657,False,False,False
2020-05-12,2020-01-01,0.0235627121380335,0.007227518866443391,0.003252612543719239,0.003959313675573363,0.01633519327159011,0.020310099594314263,0.019603398462460137,True,True,True
2020-05-13,2020-01-01,0.052871935167043,0.0075297704496216315,0.00230671136463738,0.004001265284033611,0.04534216471742137,0.05056522380240562,0.048870669883009386,True,True,True
2020-05-14,2020-01-01,0.0500253516814965,-0.0006637865205983045,0.002399751552794216,0.004048640166477948,0.05068913820209481,0.04762560012870228,0.04597671151501855,False,True,True
2020-05-15,2020-01-01,-0.0416618049505931,-0.002589652752776463,0.0023127086257649036,0.004102571489488169,0.03907215219781664,0.043974513576358,0.04576437644008127,True,False,False
2020-05-16,2020-01-01,0.0052332090392097,0.0022339721129470747,0.002602795277449299,0.004140545200766893,0.002999236926262625,0.0026304137617604007,0.0010926638384428063,True,True,True
2020-05-17,2020-01-01,0.0313240010322781,0.011798980073644657,0.003421769886517466,0.004164525376348599,0.019525020958633444,0.027902231145760636,0.0271594756559295,True,True,True
2020-05-18,2020-01-01,0.0057736989915111,0.008829710122248511,0.002334061561560171,0.0041838287387722705,0.0030560111307374113,0.0034396374299509288,0.0015898702527388292,True,True,True
2020-05-19,2020-01-01,0.0002532125209073,0.012058144163179789,0.0030456463846262154,0.004194087696706209,0.01180493164227249,0.0027924338637189154,0.003940875175798909,True,True,True
2020-05-20,2020-01-01,-0.0211795491810066,-0.004370481716822475,0.0028369360415517724,0.0041540377313893295,0.016809067464184126,0.02401648522255837,0.02533358691239593,True,False,False
2020-05-21,2020-01-01,-0.0463320997836955,-0.0036307664825530423,0.0023771439071298066,0.004116983546465778,0.04270133330114246,0.048709243690825306,0.05044908333016128,True,False,False
2020-05-22,2020-01-01,0.011100867079496,1.355093040960589e-05,0.0029784477115038814,0.004056518753001839,0.011087316149086394,0.008122419367992118,0.007044348326494161,True,True,True
2020-05-23,2020-01-01,0.0029087652089092,0.006367504685882613,0.002954063741932266,0.003997847668417117,0.003458739476973413,4.529853302306583e-05,0.0010890824595079173,True,True,True
2020-05-24,2020-01-01,-0.0454887485140997,0.008229303666825876,0.0024222765483786837,0.003944913966516505,0.05371805218092558,0.047911025062478386,0.04943366248061621,False,False,False
2020-05-25,2020-01-01,0.0132606967164989,0.005192585094665507,0.002974560989142735,0.003880826711227028,0.008068111621833393,0.010286135727356167,0.009379870005271872,True,True,True
2020-05-26,2020-01-01,-0.0080703226648916,0.004306422381120497,0.00272111050950773,0.0038134521474874287,0.012376745046012097,0.01079143317439933,0.011883774812379028,False,False,False
2020-05-27,2020-01-01,0.039158209254817,-0.004724418471148639,0.002053446841476844,0.0037410163573730363,0.04388262772596564,0.03710476241334015,0.035417192897443966,False,True,True
2020-05-28,2020-01-01,0.0375484956328668,-0.0027968325664525897,0.0030116225158995126,0.0036353397498145017,0.040345328199319394,0.03453687311696729,0.0339131558830523,False,True,True
2020-05-29,2020-01-01,-0.0090939762479766,-0.004286596410532529,0.0021892290725204636,0.0035540873965224954,0.00480737983744407,0.011283205320497064,0.012648063644499094,True,False,False
2020-05-30,2020-01-01,0.0276815982514597,-0.0035773953539930846,0.002688564126759628,0.0034853482233831567,0.031258993605452784,0.02499303412470007,0.024196250028076544,False,True,True
2020-05-31,2020-01-01,-0.0246747682323483,0.007552272843774352,0.0029660654708325005,0.00346683973627765,0.032227041076122655,0.027640833703180802,0.02814160796862595,False,False,False
2020-06-01,2020-01-01,0.074643862939822,0.00673558205917881,0.002445208087369745,0.0034496252256825755,0.0679082808806432,0.07219865485245226,0.07119423771413942,True,True,True
2020-06-02,2020-01-01,-0.0626977482025989,0.011269799443241604,0.0032646279685972462,0.0034476539811545614,0.0739675476458405,0.06596237617119614,0.06614540218375345,False,False,False
2020-06-03,2020-01-01,0.0133175946063126,0.0012323611202605896,0.0021525301626556465,0.0033919624765888015,0.01208523348605201,0.011165064443656954,0.009925632129723798,True,True,True
2020-06-04,2020-01-01,0.0149035053823747,-6.108035086565796e-05,0.0037082417034831833,0.003313116778443095,0.014964585733240358,0.011195263678891516,0.011590388603931606,False,True,True
2020-06-05,2020-01-01,-0.0137851773820498,-0.001686458083102263,0.0018032240212536399,0.003259506027975851,0.012098719298947538,0.015588401403303441,0.01704468341002565,True,False,False
2020-06-06,2020-01-01,-0.0012263695520872,0.004079126101138955,0.003016693028555901,0.003211250403977362,0.005305495653226154,0.004243062580643101,0.004437619956064562,False,False,False
2020-06-07,2020-01-01,0.0108945868277234,0.00852286628670738,0.0031566005765675635,0.0031451244953516694,0.002371720541016019,0.007737986251155836,0.00774946233237173,True,True,True
2020-06-08,2020-01-01,0.001294898011771,-0.0017026297853754,0.0021516179948422058,0.003084086780936612,0.0029975277971464,0.0008567199830712057,0.001789188769165612,False,True,True
2020-06-09,2020-01-01,0.0024777121338637,0.003595934756327373,0.0028237831385554478,0.003022325907521155,0.001118222622463673,0.00034607100469174774,0.0005446137736574552,True,True,True
2020-06-10,2020-01-01,0.0075946108768825,-0.002534699764189805,0.0027142788633034752,0.00296663277213261,0.010129310641072305,0.0048803320135790244,0.00462797810474989,False,True,True
2020-06-11,2020-01-01,-0.0555530105589435,0.00273565488325382,0.0026890008633411143,0.0029397850866025024,0.058288665442197324,0.05824201142228462,0.058492795645546006,False,False,False
2020-06-12,2020-01-01,0.0170635306422792,-0.0010314986889876326,0.0027198402058200115,0.002894639476749156,0.018095029331266832,0.014343690436459187,0.014168891165530044,False,True,True
2020-06-13,2020-01-01,-0.0005871213994007,0.004755903526827159,0.0030707163560536235,0.002861205410019817,0.005343024926227859,0.0036578377554543234,0.003448326809420517,False,False,False
2020-06-14,2020-01-01,-0.0093389622912587,0.0032485162387117373,0.002098710717492173,0.0028547751212372858,0.012587478529970438,0.011437673008750874,0.012193737412495987,False,False,False
2020-06-15,2020-01-01,0.0068089384691394,0.005617083732226951,0.0031137838160807266,0.00283922568080357,0.0011918547369124486,0.003695154653058673,0.003969712788335829,True,True,True
2020-06-16,2020-01-01,0.0092397648612212,0.0045865708552264295,0.002617952187494208,0.002832606265999253,0.00465319400599477,0.006621812673726992,0.006407158595221946,True,True,True
2020-06-17,2020-01-01,-0.0060567606814705,-0.0006989517424624441,0.002347184064582635,0.002812038639915384,0.005357808939008056,0.008403944746053136,0.008868799321385883,True,False,False
2020-06-18,2020-01-01,-0.0072164792345439,0.008013428747760714,0.0029228687309107294,0.002770495538355583,0.015229907982304614,0.01013934796545463,0.009986974772899483,False,False,False
2020-06-19,2020-01-01,-0.0131560093279274,0.004066917807893565,0.0027879496166564066,0.002754801770613791,0.017222927135820965,0.015943958944583808,0.015910811098541193,False,False,False
2020-06-20,2020-01-01,0.004771982890003,-0.000274641224757885,0.0026613319583736594,0.002717020128979952,0.005046624114760885,0.002110650931629341,0.0020549627610230484,False,True,True
2020-06-21,2020-01-01,-0.0030764990320015,0.003569957952089188,0.002702207239116406,0.0026990181884421175,0.006646456984090688,0.005778706271117906,0.005775517220443617,False,False,False
2020-06-22,2020-01-01,0.0370917475191607,-0.0007338874631671833,0.002575978363984976,0.0026432092009704747,0.03782563498232788,0.03451576915517573,0.034448538318190225,False,True,True
2020-06-23,2020-01-01,-0.0019753474772544,0.005459607844053201,0.002702109987083811,0.002632760971295788,0.0074349553213076,0.004677457464338211,0.004608108448550188,False,False,False
2020-06-24,2020-01-01,-0.0328202564302787,0.00041819436305953186,0.0024045321812061703,0.0026149387545857123,0.03323845079333823,0.03522478861148487,0.03543519518486441,False,False,False
2020-06-25,2020-01-01,-0.0052393081907075,0.0014835501825235487,0.0030751972683913794,0.00258060207076342,0.0067228583732310485,0.00831450545909888,0.00781991026147092,False,False,False
2020-06-26,2020-01-01,-0.010998117562784,0.003988690885374782,0.0027974605631525236,0.002558236228197934,0.014986808448158782,0.013795578125936524,0.013556353790981933,False,False,False
2020-06-27,2020-01-01,-0.0128264101185697,0.0022658681793082673,0.002501071454178467,0.0025485161064330805,0.015092278297877968,0.015327481572748169,0.01537492622500278,False,False,False
2020-06-28,2020-01-01,0.0108554080548621,0.004090582866291288,0.002982395447750829,0.0025264379791747307,0.006764825188570811,0.00787301260711127,0.00832897007568737,True,True,True
2020-06-29,2020-01-01,0.0051700155120757,-0.003411793209087732,0.0025049344907074607,0.0025012756937672965,0.00858180872116343,0.002665081021368239,0.002668739818308403,False,True,True
2020-06-30,2020-01-01,-0.0057515139827242,-0.0005794206596551514,0.00238740776206948,0.00245748184569185,0.005172093323069049,0.00813892174479368,0.008208995828416051,True,False,True
2020-07-01,2020-07-01,0.0098853248878816,0.0013288061962871576,0.0004919079854401677,0.002058061616171586,0.008556518691594444,0.009393416902441432,0.007827263271710015,True,True,False
2020-07-02,2020-07-01,-0.0113688060229814,0.0056007982566135825,0.0004690466171388607,0.0020449015603656697,0.016969604279594982,0.011837852640120262,0.013413707583347069,False,False,True
2020-07-03,2020-07-01,-0.0039575602427306,0.002150917141071667,0.0005000065051603474,0.002029843459374487,0.006108477383802267,0.004457566747890948,0.005987403702105087,False,False,True
2020-07-04,2020-07-01,0.0049722746977318,0.0032809357107589187,0.0004890610804682565,0.0020231854946219183,0.0016913389869728812,0.004483213617263544,0.0029490892031098816,True,True,False
2020-07-05,2020-07-01,-0.0064107280113023,0.0012527649693036774,0.0004760886116223855,0.0020142702214924297,0.0076634929806059775,0.006886816622924686,0.008424998232794731,False,False,True
2020-07-06,2020-07-01,0.0332305643833104,0.0002594634109070726,0.0004927723901100325,0.0020013090470716683,0.03297110097240333,0.03273779199320037,0.031229255336238732,True,True,False
2020-07-07,2020-07-01,-0.0131403764351096,0.0010199407848711921,0.0004352162183310711,0.0019989848088293287,0.014160317219980793,0.01357559265344067,0.015139361243938929,False,False,True
2020-07-08,2020-07-01,0.0190283599941398,-0.00027200188972815054,0.0005029091556375438,0.001996918757345251,0.01930036188386795,0.018525450838502256,0.01703144123679455,False,True,False
2020-07-09,2020-07-01,-0.0159482311719796,0.0058058492570851866,0.00045587799991670357,0.002003745571253467,0.021754080429064786,0.016404109171896303,0.017951976743233067,False,False,True
2020-07-10,2020-07-01,9.052022711308894e-05,0.003425284586608172,0.0005067086775451284,0.0020081267229623808,0.003334764359495083,0.0004161884504320395,0.0019176064958492918,True,True,False
2020-07-11,2020-07-01,-0.0041450301683976,0.003971518468485103,0.00048319571979942125,0.0020014883781563704,0.008116548636882704,0.004628225888197021,0.006146518546553971,False,False,True
2020-07-12,2020-07-01,0.0039125502067984,0.002328849422589963,0.0004893203527284353,0.001997138031475392,0.0015837007842084373,0.0034232298540699648,0.0019154121753230083,True,True,False
2020-07-13,2020-07-01,-0.0035450592559155,-0.0011065847528361926,0.0004777131434177596,0.0019769889072443125,0.0024384745030793073,0.004022772399333259,0.005522048163159812,True,False,True
2020-07-14,2020-07-01,-4.331537576462985e-05,3.71544621219572e-05,0.0004885923019482195,0.0019484952446733727,8.046983788658705e-05,0.0005319076777128494,0.0019918106204380023,False,False,True
2020-07-15,2020-07-01,-0.0054501555247826,0.0005561023790667489,0.0004834671238285525,0.0019382885106673565,0.006006257903849349,0.005933622648611153,0.007388444035449956,False,False,True
2020-07-16,2020-07-01,-0.0065931089136678,0.0033386160649036484,0.0004912984651424646,0.0019275923705375337,0.009931724978571449,0.0070844073788102644,0.008520701284205333,False,False,True
2020-07-17,2020-07-01,0.002098616025556,0.003081373006876371,0.0004929030852542873,0.00192700787532955,0.0009827569813203713,0.0016057129403017124,0.00017160815022644973,True,True,False
2020-07-18,2020-07-01,0.0008356608977502,0.00543969448944822,0.0004802568977076745,0.0019397491606700313,0.00460403359169802,0.00035540400004252553,0.0011040882629198313,True,True,False
2020-07-19,2020-07-01,0.0029235971931333,0.0005872538310851716,0.00048220942241892877,0.0019460715649324408,0.0023363433620481287,0.0024413877707143714,0.0009775256282008593,True,True,False
2020-07-20,2020-07-01,-0.0023499201650132,0.001719900615300735,0.0004792205214115776,0.0019560173386648032,0.004069820780313935,0.002829140686424777,0.004305937503678003,False,False,True
2020-07-21,2020-07-01,0.0229867885001693,-0.00045411010630746346,0.00048687867255614944,0.001963238047799776,0.023440898606476763,0.02249990982761315,0.021023550452369522,False,True,False
2020-07-22,2020-07-01,0.0160509214433297,0.0018801492093938133,0.00045010454463639566,0.0019864350192385287,0.014170772233935886,0.015600816898693304,0.01406448642409117,True,True,False
2020-07-23,2020-07-01,0.0058484892103443,0.003469487171276567,0.0004604881775543177,0.0020068865049669327,0.0023790020390677333,0.0053880010327899824,0.0038416027053773676,True,True,False
2020-07-24,2020-07-01,-0.00461114228921,0.0038500168997468243,0.0004753343079544563,0.002033417804345661,0.008461159188956825,0.005086476597164456,0.0066445600935556605,False,False,True
2020-07-25,2020-07-01,0.0147029760455337,0.0037743709079324323,0.0004902812186830973,0.0020592129331566443,0.010928605137601268,0.014212694826850602,0.012643763112377054,True,True,False
2020-07-26,2020-07-01,0.0235662954756732,0.0028202061134067124,0.00046208507801866276,0.0020895578444964243,0.020746089362266486,0.023104210397654538,0.021476737631176777,True,True,False
2020-07-27,2020-07-01,0.1096100707382146,0.0013172091454123475,0.00044946276160816307,0.00211132179921399,0.10829286159280226,0.10916060797660644,0.10749874893900062,True,True,False
2020-07-28,2020-07-01,-0.0071013289257937,0.0026876406346932544,0.0003250480583089189,0.0021743300926609,0.009788969560486954,0.007426376984102619,0.009275659018454601,False,False,False
2020-07-29,2020-07-01,0.0171948658092977,-0.0001610487849049171,0.0004954540952856198,0.0022260474136787576,0.017355914594202614,0.01669941171401208,0.01496881839561894,False,True,True
2020-07-30,2020-07-01,0.0009680757576464,0.004100291899779491,0.00045908643426116835,0.0022911699729258645,0.003132216142133091,0.0005089893233852316,0.0013230942152794643,True,True,True
2020-07-31,2020-07-01,0.0191025870102548,0.001732114732039436,0.000482163436552143,0.0023577367848938145,0.017370472278215365,0.01862042357370266,0.016744850225360985,True,True,True
2020-08-01,2020-07-01,0.038515234281683,0.0057271243878065075,0.00045588356860131385,0.002420814579468525,0.03278810989387649,0.03805935071308168,0.03609441970221448,True,True,True
2020-08-02,2020-07-01,-0.0600342655759016,0.006006686041721884,0.00042789364212182917,0.0024975266630936506,0.06604095161762348,0.06046215921802343,0.06253179223899526,False,False,False
2020-08-03,2020-07-01,0.017436321777176,-0.001021780845338948,0.0005711063586209169,0.002554695802881529,0.018458102622514946,0.016865215418555082,0.014881625974294469,False,True,True
2020-08-04,2020-07-01,-0.0035972612986107,0.0023721002129247536,0.0004575166525282601,0.0026151870533544963,0.005969361511535454,0.00405477795113896,0.006212448351965196,False,False,False
2020-08-05,2020-07-01,0.0482897617516733,-0.0019328764719440325,0.0004884909374919598,0.002677869625630224,0.05022263822361733,0.04780127081418134,0.04561189212604308,False,True,True
2020-08-06,2020-07-01,0.0027880236605835,0.010709348943929829,0.0004135565385667006,0.002760089877045053,0.007921325283346329,0.0023744671220167993,2.793378353844675e-05,True,True,True
2020-08-07,2020-07-01,-0.0151361808608638,0.003081810780470349,0.00048005440438202553,0.002840330249704392,0.01821799164133415,0.015616235265245824,0.01797651111056819,False,False,False
2020-08-08,2020-07-01,0.013151196120374,0.002828482590322829,0.0005057132002544663,0.0029131091762708613,0.01032271353005117,0.012645482920119532,0.010238086944103138,True,True,True
2020-08-09,2020-07-01,-0.0066621009737088,0.0011957195978248326,0.0004641317545022024,0.0029854943559626066,0.007857820571533633,0.0071262327282110025,0.009647595329671407,False,False,False
2020-08-10,2020-07-01,0.0173326986706292,0.004162546672473216,0.000493179739876159,0.0030570186166641393,0.013170151998155983,0.01683951893075304,0.014275680053965059,True,True,True
2020-08-11,2020-07-01,-0.0393653439156483,0.007266552652982402,0.000458309889749822,0.0031225931078151916,0.0466318965686307,0.03982365380539812,0.04248793702346349,False,False,False
2020-08-12,2020-07-01,0.015284938573538,-0.0013981034596510238,0.0005406709166472824,0.003175269237053832,0.016683042033189023,0.014744267656890717,0.012109669336484167,False,True,True
2020-08-13,2020-07-01,0.0171950151113047,0.005867789470960714,0.0004608218027160323,0.0032291087117155125,0.011327225640343986,0.016734193308588666,0.013965906399589187,True,True,True
2020-08-14,2020-07-01,-0.0012955213149429,0.0029042976795197626,0.0004584723134982861,0.003283107738045508,0.0041998189944626625,0.0017539936284411862,0.004578629052988408,False,False,False
2020-08-15,2020-07-01,0.0082273947659194,0.011245520593224775,0.00048567957699238604,0.0033285703674561574,0.0030181258273053752,0.0077417151889270135,0.004898824398463243,True,True,True
2020-08-16,2020-07-01,0.0022843551383793,0.00498642684904705,0.00047158357796502645,0.003363259997531316,0.0027020717106677502,0.0018127715604142735,0.0010789048591520163,True,True,True
2020-08-17,2020-07-01,0.0304048264481104,-0.002340521012510445,0.0004802219849158936,0.0033453861894273866,0.03274534746062084,0.029924604463194504,0.027059440258683013,False,True,True
2020-08-18,2020-07-01,-0.0214754614652196,0.0041127602762177405,0.00043945540665156,0.003342524396315449,0.02558822174143734,0.02191491687187116,0.02481798586153505,False,False,False
2020-08-19,2020-07-01,-0.0194267084604369,-0.0005477616337269684,0.0005149975647964066,0.0033254306834721477,0.018878946826709934,0.01994170602523331,0.02275213914390905,True,False,False
2020-08-20,2020-07-01,0.0102131293414997,0.0038795304167643894,0.0005114574946436608,0.0033010901635311604,0.00633359892473531,0.009701671846856039,0.006912039177968539,True,True,True
2020-08-21,2020-07-01,-0.0240675078039106,-0.0021975353802122797,0.0004681905796919094,0.0032722003534443773,0.02186997242369832,0.02453569838360251,0.027339708157354977,True,False,False
2020-08-22,2020-07-01,0.0077063636215832,0.0020873546506611634,0.000518342435465746,0.003214609069293292,0.005619008970922036,0.007188021186117454,0.004491754552289908,True,True,True
2020-08-23,2020-07-01,-0.0014533293195752,0.008111677281151797,0.00047198554959855917,0.003190843993915461,0.009565006600726997,0.0019253148691737592,0.004644173313490661,False,False,False
2020-08-24,2020-07-01,0.0094084423653999,-0.0011007647962670195,0.0004854897751633363,0.003159155159762319,0.01050920716166692,0.008922952590236564,0.006249287205637582,False,True,True
2020-08-25,2020-07-01,-0.034690018052305,0.001305734373402338,0.0004698363399885804,0.0031311460415914196,0.035995752425707336,0.03515985439229358,0.037821164093896416,False,False,False
2020-08-26,2020-07-01,0.0107537450633314,6.136083755321504e-05,0.0005338108205138151,0.0030751654074331093,0.010692384225778184,0.010219934242817584,0.00767857965589829,True,True,True
2020-08-27,2020-07-01,-0.0143593840370401,0.004065714802996958,0.00046740461356439703,0.003018809738988603,0.018425098840037058,0.014826788650604496,0.017378193776028703,False,False,False
2020-08-28,2020-07-01,0.0193495406143202,-0.000143394214469102,0.000504163764519028,0.002970044971734878,0.019492934828789305,0.018845376849801174,0.016379495642585323,False,True,True
2020-08-29,2020-07-01,-0.0030872658111327,-0.0008031479288394738,0.00045527214076237187,0.002917517731178987,0.0022841178822932263,0.003542537951895072,0.0060047835423116865,True,False,False
2020-08-30,2020-07-01,0.0177842201878464,0.0016244752877074718,0.00048808399389797325,0.0028679795438437453,0.01615974490013893,0.017296136193948427,0.014916240644002656,True,True,True
2020-08-31,2020-07-01,-0.002620119670643,0.001734154921470244,0.00045774673761536037,0.00281440968820752,0.004354274592113244,0.0030778664082583606,0.00543452935885052,False,False,False
2020-09-01,2020-07-01,0.0247977620899644,0.00508039997696796,0.0004874474409681243,0.0027814740251764325,0.01971736211299644,0.024310314648996276,0.02201628806478797,True,True,True
2020-09-02,2020-07-01,-0.0464847194881287,0.0015390164020813975,0.00044757527104991854,0.0027478711953750155,0.0480237358902101,0.046932294759178615,0.04923259068350371,False,False,False
2020-09-03,2020-07-01,-0.1023947612464131,0.00390937840849229,0.0005511152189140786,0.002692304003084247,0.10630413965490539,0.10294587646532717,0.10508706524949735,False,False,False
2020-09-04,2020-07-01,0.0260135557626288,0.0023676420618053825,0.0006312765877865032,0.0026079489944924,0.023645913700823418,0.025382279174842298,0.0234056067681364,True,True,True
2020-09-05,2020-07-01,-0.0325582350289114,0.0018642948999887375,0.00044393508570170096,0.0025253420575424433,0.03442252992890014,0.0330021701146131,0.03508357708645384,False,False,False
2020-09-06,2020-07-01,0.0108936964098134,-0.002416021021742336,0.0005303677045431728,0.002433760959138559,0.013309717431555736,0.010363328705270227,0.008459935450674841,False,True,True
2020-09-07,2020-07-01,0.0086779049840981,0.003687459113387758,0.0004673926808128486,0.002330044725503692,0.004990445870710342,0.00821051230328525,0.006347860258594408,True,True,True
2020-09-08,2020-07-01,-0.0229563062647756,-0.003083506437180151,0.00047078756309983517,0.0022406396730451136,0.019872799827595447,0.023427093827875434,0.025196945937820715,True,False,False
2020-09-09,2020-07-01,0.0109392363499072,0.001556122213405542,0.0005169056658520553,0.0021550756311502187,0.009383114136501659,0.010422330684055145,0.008784160718756982,True,True,True
2020-09-10,2020-07-01,0.0117932938500961,0.003101612904968829,0.00046727807978649936,0.002071094469772391,0.00869168094512727,0.0113260157703096,0.009722199380323707,True,True,False
2020-09-11,2020-07-01,0.0036452631180188,0.0037200559160826896,0.0004663565964861055,0.002005056780716614,7.479279806388945e-05,0.0031789065215326946,0.0016402063373021861,True,True,False
2020-09-12,2020-07-01,0.0039665605593408,0.0027824119188159663,0.00047840071591215413,0.0019373364658770854,0.001184148640524834,0.003488159843428646,0.0020292240934637147,True,True,False
2020-09-13,2020-07-01,-0.0113400786306053,-0.004595605240429211,0.00047779802699300146,0.0018708670036105526,0.006744473390176089,0.011817876657598302,0.013210945634215853,True,False,True
2020-09-14,2020-07-01,0.0345883839286778,-0.0005297390553318398,0.0004999357959529857,0.0017992120251457142,0.03511812298400964,0.03408844813272482,0.03278917190353209,False,True,False
2020-09-15,2020-07-01,0.0108711771903136,0.0027572090033617727,0.0004331651735468432,0.001757822144354366,0.008113968186951826,0.010438012016766756,0.009113355045959233,True,True,False
2020-09-16,2020-07-01,0.0164818844440135,0.004976413581274061,0.0004681070407827885,0.0017318833381991154,0.011505470862739437,0.01601377740323071,0.014750001105814384,True,True,False
2020-09-17,2020-07-01,-0.0023612995663134,0.004782359687783503,0.0004599315998828638,0.0017162317391884886,0.007143659254096903,0.0028212311661962638,0.004077531305501888,False,False,True
2020-09-18,2020-07-01,-0.0004022559871478,0.002969238825125258,0.0004871350563546531,0.0016937089509300998,0.003371494812273058,0.0008893910435024532,0.0020959649380778997,False,False,True
2020-09-19,2020-07-01,0.0136835457314439,0.0020066469412642297,0.0004840757565733417,0.0016727303749360643,0.01167689879017967,0.01319946997487056,0.012010815356507836,True,True,False
2020-09-20,2020-07-01,-0.0140679933500055,-0.00023733138691331554,0.0004635686184260706,0.001650428639437887,0.013830661963092183,0.01453156196843157,0.015718421989443385,True,False,True
2020-09-21,2020-07-01,-0.0435180018552262,-0.0009529391642983127,0.0005040140589091895,0.0016322780095259157,0.04256506269092789,0.04402201591413539,0.04515027986475212,True,False,True
2020-09-22,2020-07-01,0.0072833400259153,-0.0027794546055035655,0.0005463656396366447,0.0015781020632760325,0.010062794631418865,0.0067369743862786555,0.005705237962639268,False,True,False
2020-09-23,2020-07-01,-0.0277339799727245,-0.0003435043683247827,0.0004721435307599976,0.0015523794059523997,0.02739047560439972,0.028206123503484497,0.0292863593786769,True,False,True
2020-09-24,2020-07-01,0.0501532820661649,0.005531470397342272,0.0005234542022564354,0.0015676696713120683,0.04462181166882263,0.04962982786390847,0.04858561239485283,True,True,False
2020-09-25,2020-07-01,-0.0062592187475608,0.003431394650762593,0.0004104248757041164,0.0015939333058511084,0.009690613398323392,0.0066696436232649165,0.007853152053411909,False,False,True
2020-09-26,2020-07-01,0.0054248921990014,0.0037102603286105055,0.0004930477108507955,0.0016335741254427676,0.0017146318703908947,0.0049318444881506045,0.0037913180735586324,True,True,False
2020-09-27,2020-07-01,0.0022831856976197,0.002046325990922055,0.00047580940302044183,0.001667297995359009,0.00023685970669764514,0.001807376294599258,0.0006158877022606909,True,True,False
2020-09-28,2020-07-01,-0.0060896098524217,0.0005687981692413233,0.0004801217367267082,0.0017004526560509127,0.006658408021663023,0.0065697315891484085,0.007790062508472613,False,False,True
2020-09-29,2020-07-01,0.0126043569779159,0.0031283399067384325,0.0004923284886593904,0.001740876820289829,0.009476017071177466,0.012112028489256509,0.01086348015762607,True,True,False
2020-09-30,2020-07-01,-0.0055464644834646,0.003361099104317123,0.00046508395403729353,0.0017835850676166062,0.008907563587781723,0.0060115484375018935,0.007330049551081207,False,False,True
2020-10-01,2020-07-01,-0.0153033703001788,0.0021086459975213924,0.000491612715314601,0.001811952791282015,0.017412016297700193,0.0157949830154934,0.017115323091460816,False,False,True
2020-10-02,2020-07-01,-0.0040941414354315,0.005110822465261003,0.0005056039158810691,0.0018373310883286864,0.009204963900692503,0.004599745351312569,0.005931472523760186,False,False,True
2020-10-03,2020-07-01,-0.0025194375739971,0.0017302846256129732,0.0004890920173999507,0.0018632104368458044,0.004249722199610073,0.003008529591397051,0.004382648010842904,False,False,True
2020-10-04,2020-07-01,0.0113991994270221,0.006908093570258147,0.0004869278873954706,0.0018933476268635189,0.004491105856763954,0.01091227153962663,0.009505851800158581,True,True,False
2020-10-05,2020-07-01,0.0115990321127716,0.0019426812740881607,0.0004668561447486578,0.0019129987987182714,0.00965635083868344,0.011132175968022942,0.009686033314053329,True,True,False
2020-10-06,2020-07-01,-0.017504646058134,0.003245503482119056,0.0004667745461632691,0.0019314290072871881,0.020750149540253057,0.01797142060429727,0.019436075065421186,False,False,True
2020-10-07,2020-07-01,0.0060882710901424,0.0002859373030049007,0.0005090331659369597,0.001943386680874538,0.005802333787137499,0.00557923792420544,0.0041448844092678615,True,True,False
2020-10-08,2020-07-01,0.0231247089251245,0.0005116496724711249,0.000474415211944299,0.0019537559635048,0.022613059252653375,0.0226502937131802,0.0211709529616197,True,True,False
2020-10-09,2020-07-01,0.0136292365970629,9.780740263470389e-05,0.0004498931465497927,0.0019669040351157456,0.013531429194428197,0.013179343450513107,0.011662332561947155,True,True,False
2020-10-10,2020-07-01,0.0209593023127527,-0.0001800107398658786,0.0004640662828180606,0.0019795571886618165,0.02113931305261858,0.02049523602993464,0.018979745124090886,False,True,False
2020-10-11,2020-07-01,0.0077742124166433,0.0029622566358743926,0.0004533987404176942,0.0020002754569214687,0.0048119557807689076,0.007320813676225606,0.005773936959721831,True,True,False
2020-10-12,2020-07-01,0.0150367980790231,0.0017198889152087106,0.0004725418359358337,0.0020456671733303966,0.01331690916381439,0.014564256243087265,0.012991130905692703,True,True,False
2020-10-13,2020-07-01,-0.0112037903124665,0.003228752113088428,0.000461875948118525,0.0020919839160006616,0.014432542425554928,0.011665666260585026,0.013295774228467162,False,False,True
2020-10-14,2020-07-01,0.0003157232305546,0.005543442994907326,0.0004999174607250506,0.0021496214196480637,0.005227719764352726,0.00018419423017045056,0.0018338981890934636,True,True,True
2020-10-15,2020-07-01,0.0057607711673501,0.002698743271572322,0.0004829010422201689,0.002177769662950933,0.0030620278957777785,0.005277870125129931,0.0035830015043991676,True,True,True
2020-10-16,2020-07-01,-0.0150692730875036,0.0018035190562828275,0.00047500578128443035,0.0022127259993110003,0.016872792143786428,0.01554427886878803,0.0172819990868146,False,False,False
2020-10-17,2020-07-01,0.0031777181254826,0.000573464319293037,0.0005053570582047773,0.002237721542331538,0.002604253806189563,0.002672361067277823,0.000939996583151062,True,True,True
2020-10-18,2020-07-01,0.0110280588539155,0.001658758620425736,0.0004786391693907294,0.0022664638881054722,0.009369300233489763,0.01054941968452477,0.008761594965810027,True,True,True
2020-10-19,2020-07-01,0.0225263118507079,0.0025320726963648137,0.0004673974191288246,0.002300708744898657,0.019994239154343087,0.022058914431579077,0.020225603105809245,True,True,True
2020-10-20,2020-07-01,0.0148439193249814,0.002645413069186936,0.0004509772570480169,0.0023393989178526146,0.012198506255794463,0.014392942067933383,0.012504520407128785,True,True,True
2020-10-21,2020-07-01,0.0761437552034132,0.003148562110403817,0.00046231385664589284,0.00238465380178883,0.07299519309300938,0.0756814413467673,0.07375910140162437,True,True,True
2020-10-22,2020-07-01,0.011089019970212,0.0032877007985502842,0.00037345178573910904,0.0024655400627040026,0.007801319171661715,0.01071556818447289,0.008623479907507997,True,True,True
2020-10-23,2020-07-01,-0.0026494544392426,0.0002658874234443172,0.0004685477667922038,0.0025415608712080345,0.0029153418626869172,0.0031180022060348037,0.005191015310450634,False,False,False
2020-10-24,2020-07-01,0.0136506131750318,0.00498675082024609,0.000487900407342899,0.0025961651913703043,0.00866386235478571,0.013162712767688902,0.011054447983661496,True,True,True
2020-10-25,2020-07-01,-0.0058657541398662,0.002364106083163389,0.0004636348242853232,0.002654297208681224,0.00822986022302959,0.006329388964151523,0.008520051348547424,False,False,False
2020-10-26,2020-07-01,0.0033822140147401,0.002893290583600357,0.000492108303477815,0.00269845370550296,0.0004889234311397429,0.0028901057112622848,0.0006837603092371401,True,True,True
2020-10-27,2020-07-01,0.0442799020752324,0.006875511346426899,0.00047852880669455153,0.0027533053260631445,0.0374043907288055,0.04380137326853785,0.04152659674916925,True,True,True
2020-10-28,2020-07-01,-0.0280450753544577,0.0019416680128488217,0.00041927767953857164,0.002820520990648675,0.029986743367306522,0.02846435303399627,0.030865596345106373,False,False,False
2020-10-29,2020-07-01,0.0125532421531566,0.0036566416140177637,0.0005247345973362472,0.002863041207425929,0.008896600539138835,0.012028507555820352,0.00969020094573067,True,True,True
2020-10-30,2020-07-01,0.0080845807299676,0.004239470775105719,0.0004651034579405713,0.0029048251522702617,0.0038451099548618807,0.007619477272027028,0.005179755577697337,True,True,True
2020-10-31,2020-07-01,0.0173086972635316,0.0033014358588786255,0.0004716949309610683,0.002941220629681024,0.014007261404652974,0.016837002332570534,0.014367476633850577,True,True,True
2020-11-01,2020-07-01,-0.0031845118450674,0.004015424417829713,0.00045856471553242927,0.0029797374065530973,0.007199936262897113,0.003643076560599829,0.006164249251620497,False,False,False
2020-11-02,2020-07-01,-0.0135851081980266,0.001039725896278589,0.0004883344289734097,0.003010473866710361,0.01462483409430519,0.01407344262700001,0.016595582064736963,False,False,False
2020-11-03,2020-07-01,0.02950532012761,0.00014830952527400106,0.0005031757184342042,0.0030397433823091662,0.029357010602336,0.029002144409175798,0.026465576745300833,True,True,True
2020-11-04,2020-07-01,0.0131471179636863,0.0024940280207287535,0.0004404438288356742,0.0030840676017952675,0.010653089942957546,0.012706674134850627,0.010063050361891033,True,True,True
2020-11-05,2020-07-01,0.1023186343374065,0.0013845168408394902,0.00046472501947065407,0.0031314546351158884,0.10093411749656701,0.10185390931793584,0.09918717970229061,True,True,True
2020-11-06,2020-07-01,-0.0008965281862933,0.0073279690144389,0.0003355599153925999,0.0032207592750755597,0.008224497200732199,0.0012320881016858998,0.00411728746136886,False,False,False
2020-11-07,2020-07-01,-0.0470340843373509,0.0023548532835924296,0.00048628156468220467,0.003306474019328427,0.04938893762094333,0.0475203659020331,0.050340558356679325,False,False,False
2020-11-08,2020-07-01,0.0435367527764092,0.007518801283035738,0.0005522035687067437,0.0033699582768241484,0.03601795149337346,0.042984549207702456,0.04016679449958505,True,True,True
2020-11-09,2020-07-01,-0.0095126659216909,0.0037327171874281012,0.00041958911584658975,0.0034389758740468665,0.013245383109119001,0.00993225503753749,0.012951641795737767,False,False,False
2020-11-10,2020-07-01,-0.0027010327388199,0.005242518077581942,0.0004975589675585346,0.003494280571134243,0.007943550816401843,0.0031985917063784347,0.006195313309954143,False,False,False
2020-11-11,2020-07-01,0.026841941094978,0.005320657094932903,0.0004875049875317541,0.0035042862884648567,0.021521284000045098,0.026354436107446245,0.02333765480651314,True,True,True
2020-11-12,2020-07-01,0.0366213273499003,-0.00314108267081469,0.00044441395325624635,0.003518555948868164,0.03976241002071499,0.03617691339664405,0.033102771401032134,False,True,True
2020-11-13,2020-07-01,0.0025475527174214,0.0006183271231888089,0.00043074716469338,0.0035406252139885334,0.001929225594232591,0.00211680555272802,0.0009930724965671336,True,True,True
2020-11-14,2020-07-01,-0.0153004565803417,0.003000016224605604,0.00048043086878469247,0.0035653797398271384,0.018300472804947305,0.015780887449126393,0.01886583632016884,False,False,False
2020-11-15,2020-07-01,-0.0070045935965815,0.0097570914274984,0.000505855612587225,0.0035863857660614323,0.0167616850240799,0.0075104492091687255,0.010590979362642933,False,False,False
2020-11-16,2020-07-01,0.0476650213526046,0.0038236397211692426,0.0004933499345364298,0.0036041534514432132,0.04384138163143536,0.04717167141806817,0.044060867901161385,True,True,True
2020-11-17,2020-07-01,0.0555927693728297,-0.0005075268094910769,0.00041416237786880237,0.0036157877184945725,0.05610029618232078,0.055178606994960896,0.051976981654335126,False,True,True
2020-11-18,2020-07-01,0.0089881529009852,0.002190701924367496,0.0004035382612490352,0.0036581692519147917,0.006797450976617705,0.008584614639736166,0.0053299836490704085,True,True,True
2020-11-19,2020-07-01,0.0007348899162549,0.00020897554627747348,0.0004715206229798882,0.0036989752791397245,0.0005259143699774266,0.00026336929327501187,0.0029640853628848246,True,True,True
2020-11-20,2020-07-01,0.045137820846602,0.0015001080156078943,0.00048281358363953824,0.003734308011867984,0.0436377128309941,0.04465500726296246,0.041403512834734015,True,True,True
2020-11-21,2020-07-01,0.0011233347035009,0.0009352525149987541,0.0004180587005610244,0.003772951500124526,0.00018808218850214597,0.0007052760029398757,0.002649616796623626,True,True,True
2020-11-22,2020-07-01,-0.0146028899645388,0.010653985907122769,0.00048245906095038105,0.003811887121582837,0.025256875871661567,0.015085349025489182,0.018414777086121638,False,False,False
2020-11-23,2020-07-01,-0.0003201338459302,0.010818599263650945,0.0005048915760239241,0.0038509582856606633,0.011138733109581144,0.0008250254219541242,0.004171092131590864,False,False,False
2020-11-24,2020-07-01,0.0404780466326257,0.0006210181412688108,0.00048366266686511645,0.0038773991681544957,0.03985702849135689,0.039994383965760584,0.036600647464471205,True,True,True
2020-11-25,2020-07-01,-0.0196438278478776,0.0008655858467259091,0.0004246802196888357,0.003912190162015192,0.02050941369460351,0.020068508067566437,0.023556018009892793,False,False,False
2020-11-26,2020-07-01,-0.0844270672263948,0.000557030676712388,0.0005124848539892983,0.003888644220462896,0.0849840979031072,0.0849395520803841,0.0883157114468577,False,False,False
2020-11-27,2020-07-01,-0.0024617591448197,0.0054657497939208325,0.0006057323463054148,0.0038396765614241626,0.007927508938740533,0.003067491491125115,0.006301435706243863,False,False,False
2020-11-28,2020-07-01,0.0355972291575479,0.002908126019330414,0.00048561656334390263,0.003818518818363225,0.03268910313821748,0.035111612594204,0.031778710339184675,True,True,True
2020-11-29,2020-07-01,0.0259671253873197,-0.0022963875639081003,0.0004312925484727773,0.0037895320591713605,0.028263512951227802,0.025535832838846924,0.02217759332814834,False,True,True
2020-11-30,2020-07-01,0.0796783280139663,0.00962201552531907,0.00044635607714565414,0.0037770916522778396,0.07005631248864724,0.07923197193682065,0.07590123636168847,True,True,True
2020-12-01,2020-07-01,-0.0419262595104428,0.003911016332964168,0.00036858079491776326,0.0037918613372231497,0.045837275843406966,0.04229484030536056,0.04571812084766595,False,False,False
2020-12-02,2020-07-01,0.0211718231851947,-0.0034478271649781332,0.0005454788225317592,0.0037822966533580904,0.02461965035017283,0.02062634436266294,0.01738952653183661,False,True,True
2020-12-03,2020-07-01,0.0127235806801757,0.0011841310340298394,0.00045261918198832656,0.0037597339097048916,0.011539449646145861,0.012270961498187374,0.00896384677047081,True,True,True
2020-12-04,2020-07-01,-0.0383449490580797,0.003373666474590769,0.0004649897348799167,0.0037403994305899883,0.041718615532670464,0.03880993879295962,0.04208534848866968,False,False,False
2020-12-05,2020-07-01,0.0243032374235974,0.010438193161782825,0.0005393433286711325,0.0037179016879100918,0.013865044261814573,0.023763894094926265,0.020585335735687306,True,True,True
2020-12-06,2020-07-01,0.0099659772451541,0.00380377134961703,0.00044771805675862596,0.003704090929019792,0.0061622058955370694,0.009518259188395474,0.0062618863161343075,True,True,True
2020-12-07,2020-07-01,-0.0079343124104087,-0.0036967710775007165,0.0004690997798140714,0.0036714026167043393,0.004237541332907984,0.008403412190222772,0.01160571502711304,True,False,False
2020-12-08,2020-07-01,-0.0453576006387062,0.005976202246067358,0.000495240839912404,0.003611185337479279,0.05133380288477356,0.0458528414786186,0.048968785976185474,False,False,False
2020-12-09,2020-07-01,0.0127050733090372,0.0043735449198270375,0.0005490787134584382,0.0035371717897857546,0.008331528389210162,0.012155994595578761,0.009167901519251445,True,True,True
2020-12-10,2020-07-01,-0.0155721211566165,0.003769845067064688,0.0004643084707946995,0.003469963643617834,0.019341966223681187,0.0160364296274112,0.019042084800234334,False,False,False
2020-12-11,2020-07-01,-0.0112832181097805,-0.0021243803785760944,0.0005058900384011396,0.003387943433607552,0.009158837731204406,0.01178910814818164,0.014671161543388052,True,False,False
2020-12-12,2020-07-01,0.0412401517213796,0.004348584823665762,0.0004996599191198533,0.0033049817776667797,0.036891566897713834,0.04074049180225974,0.03793516994371282,True,True,True
2020-12-13,2020-07-01,0.0180138669839808,-3.0816990076750535e-05,0.00042340148529417833,0.003242116440262812,0.01804468397405755,0.017590465498686623,0.014771750543717987,False,True,True
2020-12-14,2020-07-01,0.0054466426552663,-0.003518052873213804,0.0004578651518051404,0.0031878438982944346,0.008964695528480105,0.00498877750346116,0.0022587987569718656,False,True,True
2020-12-15,2020-07-01,0.0088551352599814,-0.001776695089615853,0.0004760595456727361,0.003114147441881522,0.010631830349597252,0.008379075714308664,0.005740987818099877,False,True,True
2020-12-16,2020-07-01,0.0975183630951452,0.0010495298722843559,0.00047076638032466094,0.003055198387220347,0.09646883322286084,0.09704759671482054,0.09446316470792485,True,True,True
2020-12-17,2020-07-01,0.0701324513386734,0.009984101677716097,0.0003422828095167949,0.003077277015010193,0.06014834966095729,0.0697901685291566,0.0670551743236632,True,True,True
2020-12-18,2020-07-01,0.0145931358228841,0.002014049299287738,0.000383279391766184,0.003118343283613047,0.01257908652359636,0.014209856431117916,0.011474792539271052,True,True,True
2020-12-19,2020-07-01,0.031630751548372,0.007085203603866402,0.0004639181789877507,0.0031490620641558614,0.024545547944505596,0.031166833369384247,0.028481689484216137,True,True,True
2020-12-20,2020-07-01,-0.0164449045498559,0.00312736629017964,0.0004381919852243226,0.0031789748812464155,0.01957227084003554,0.016883096535080223,0.019623879431102317,False,False,False
2020-12-21,2020-07-01,-0.0287176564791031,-0.002096581840695144,0.000507769616908366,0.0031669422359942695,0.026621074638407953,0.029225426096011465,0.03188459871509737,True,False,False
2020-12-22,2020-07-01,0.0429743340958057,0.007713944537129607,0.0005249919879888239,0.0031663607266888797,0.035260389558676095,0.042449342107816875,0.03980797336911682,True,True,True
2020-12-23,2020-07-01,-0.0227760554380335,0.001353121136166129,0.0004206266470321963,0.003167454747526271,0.024129176574199628,0.023196682085065694,0.02594351018555977,False,False,False
2020-12-24,2020-07-01,0.0212811909406129,0.0018495164855091438,0.0005168912082472715,0.003159096694438663,0.019431674455103756,0.020764299732365626,0.018122094246174236,True,True,True
2020-12-25,2020-07-01,0.0391322794093809,0.005270963388817488,0.0004525441083923063,0.0031788409373710103,0.033861316020563414,0.038679735300988595,0.035953438472009894,True,True,True
2020-12-26,2020-07-01,0.0718532783280949,0.0005984802942131146,0.00042686696731036725,0.0032158675384438623,0.0712547980338818,0.07142641136078454,0.06863741078965105,True,True,True
2020-12-27,2020-07-01,-0.0062314920850786,0.0037576774402542077,0.00038003570703814307,0.003271603434532751,0.009989169525332808,0.006611527792116744,0.009503095519611352,False,False,False
2020-12-28,2020-07-01,0.0309266348558869,0.0015019058348277603,0.0004937314390474301,0.003319544135344236,0.02942472902105914,0.03043290341683947,0.027607090720542665,True,True,True
2020-12-29,2020-07-01,0.010250355112868,0.0033376398415872937,0.000438961916812882,0.0034053149272165123,0.006912715271280707,0.009811393196055118,0.006845040185651488,True,True,True
2020-12-30,2020-07-01,0.0540344998503878,0.0014848895141211208,0.0004689421449605779,0.003485499365209116,0.05254961033626668,0.05356555770542722,0.050549000485178686,True,True,True
2020-12-31,2020-07-01,0.0055742810380854,0.004713904730779595,0.0004054857431295424,0.003588969079712728,0.0008603763073058044,0.005168795294955857,0.0019853119583726716,True,True,True
2021-01-01,2021-01-01,0.0128417084088692,0.008870119473863765,0.002621703847758126,0.0034129666170108885,0.003971588935005434,0.010220004561111074,0.00942874179185831,True,True,True
2021-01-02,2021-01-01,0.0937257763954093,0.003515205822444417,0.0021780257877505966,0.003493354876965168,0.09021057057296489,0.0915477506076587,0.09023242151844413,True,True,True
2021-01-03,2021-01-01,0.0203800668009754,0.003955234532201126,0.0009902431286985618,0.0035917134042868773,0.016424832268774274,0.01938982367227684,0.01678835339668852,True,True,True
2021-01-04,2021-01-01,-0.0247120003603347,0.006319521596633025,0.0021073758375380522,0.0036891607712139143,0.031031521956967727,0.026819376197872752,0.028401161131548613,False,False,False
2021-01-05,2021-01-01,0.0631965800061333,0.014995963764986091,0.0034939486450172325,0.003772561884947619,0.048200616241147215,0.059702631361116074,0.05942401812118569,True,True,True
2021-01-06,2021-01-01,0.0833107141732614,-0.0003881668751867101,0.0012872562446616781,0.0038452252303185523,0.08369888104844811,0.08202345792859972,0.07946548894294285,False,True,True
2021-01-07,2021-01-01,0.0691574669750421,-0.0011750528553979697,0.0009858139623410743,0.003922269354989058,0.07033251983044007,0.06817165301270103,0.06523519762005305,False,True,True
2021-01-08,2021-01-01,0.0362338992996023,0.003802817589942312,0.0018180990938877822,0.00401344471921507,0.03243108170965999,0.03441580020571452,0.032220454580387234,True,True,True
2021-01-09,2021-01-01,-0.0133111353414933,-0.0005950241387648061,0.0020132304973888757,0.00410095998428779,0.012716111202728494,0.015324365838882177,0.017412095325781092,True,False,False
2021-01-10,2021-01-01,-0.0471525732147494,0.0011718963318070623,0.002654727460339616,0.004193455525232584,0.04832446954655646,0.04980730067508902,0.05134602873998199,False,False,False
2021-01-11,2021-01-01,-0.072733159124491,0.007877215829963233,0.003544401372010912,0.004278929161524713,0.08061037495445424,0.07627756049650192,0.07701208828601572,False,False,False
2021-01-12,2021-01-01,-0.0462145021715387,0.013210136844251257,0.003937432104790614,0.0043240706221503045,0.059424639015789954,0.05015193427632931,0.050538572793689,False,False,False
2021-01-13,2021-01-01,0.1000324955050955,0.007990119973225851,0.003150698495100266,0.004364133752264981,0.09204237553186966,0.09688179700999525,0.09566836175283053,True,True,True
2021-01-14,2021-01-01,0.0501380301116258,-0.0031904906023228164,0.00033713426014821005,0.0044257512143517945,0.05332852071394861,0.04980089585147759,0.04571227889727401,False,True,True
2021-01-15,2021-01-01,-0.0602735897167012,-0.0022758107872548903,0.001128107884035404,0.004482178388011989,0.05799777892944631,0.061401697600736604,0.06475576810471319,True,False,False
2021-01-16,2021-01-01,-0.0175755630406774,0.004730460865089062,0.003499530287807408,0.004483367174727818,0.022306023905766463,0.02107509332848481,0.02205893021540522,False,False,False
2021-01-17,2021-01-01,-0.0106932881172634,0.0055518310967679705,0.00265404933533309,0.004482178597056348,0.01624511921403137,0.01334733745259649,0.015175466714319748,False,False,False
2021-01-18,2021-01-01,0.0234357904285993,0.005156936608288113,0.002387120342235557,0.00447156441879727,0.018278853820311188,0.02104867008636374,0.018964226009802028,True,True,True
2021-01-19,2021-01-01,-0.0152953425074746,0.012389803809605552,0.0025802315296703775,0.004466234716674417,0.027685146317080155,0.01787557403714498,0.019761577224149018,False,False,False
2021-01-20,2021-01-01,-0.0144734547919778,0.0022612601378148643,0.0025547053647328177,0.004447599493452107,0.016734714929792664,0.017028160156710617,0.01892105428542991,False,False,False
2021-01-21,2021-01-01,-0.1328368400602007,-0.0006684183783980621,0.0021642538225505347,0.004418129374844572,0.13216842168180262,0.13500109388275122,0.13725496943504525,True,False,False
2021-01-22,2021-01-01,0.0707222400546216,0.0017305682199763991,0.004212823395736211,0.004356882279911907,0.0689916718346452,0.06650941665888539,0.0663653577747097,True,True,True
2021-01-23,2021-01-01,-0.0284228901795673,0.004395486045951468,0.0013324857990774197,0.004275965129399469,0.03281837622551877,0.02975537597864472,0.03269885530896677,False,False,False
2021-01-24,2021-01-01,0.0069146438683416,0.009879349266982617,0.002605000102602853,0.004177053368872211,0.0029647053986410175,0.004309643765738747,0.0027375904994693893,True,True,True
2021-01-25,2021-01-01,0.0023851084933719,0.00599344057826514,0.0023706110714436465,0.004094862301673821,0.0036083320848932397,1.4497421928253654e-05,0.0017097538083019207,True,True,True
2021-01-26,2021-01-01,0.0062860583167834,-0.0005090509384213437,0.0019619627648357774,0.0039899506554852355,0.006795109255204743,0.004324095551947622,0.002296107661298164,False,True,True
2021-01-27,2021-01-01,-0.0656221247567502,-0.005548972389226886,0.0016845944241547588,0.003851255842913483,0.06007315236752331,0.06730671918090496,0.06947338059966368,True,False,False
2021-01-28,2021-01-01,0.0996811339422276,0.005343315555463671,0.003920783806927261,0.0036637172255777487,0.09433781838676393,0.09576035013530035,0.09601741671664986,True,True,True
2021-01-29,2021-01-01,0.0254074756858064,-0.008558843777045286,0.0005235100903824589,0.0034828767120124674,0.03396631946285168,0.02488396559542394,0.02192459897379393,False,True,True
2021-01-30,2021-01-01,-0.0013656239986477,-0.0013970303231283033,0.0017825628963520843,0.0033163595977368063,3.140632448060329e-05,0.0031481868949997842,0.004681983596384507,True,False,False
2021-01-31,2021-01-01,-0.0337082032846696,-0.005136953414177975,0.0024340972763860214,0.003175103836926715,0.028571249870491623,0.03614230056105562,0.036883307121596313,True,False,False
2021-02-01,2021-01-01,0.0127683704057766,0.010876300256286974,0.003082190427727573,0.003066875360636957,0.0018920701494896247,0.009686179978049027,0.009701495045139643,True,True,True
2021-02-02,2021-01-01,0.0588336147957078,0.005183447788052294,0.0019099045692271422,0.002984986562825696,0.0536501670076555,0.056923710226480656,0.0558486282328821,True,True,True
2021-02-03,2021-01-01,0.0552459817434074,0.0028371604873731575,0.0018101624194786017,0.002878018164152198,0.052408821256034244,0.053435819323928796,0.0523679635792552,True,True,True
2021-02-04,2021-01-01,-0.0145714701202092,-0.004455417370215873,0.0013997640880360131,0.002765243538480088,0.010116052749993327,0.015971234208245214,0.017336713658689287,True,False,False
2021-02-05,2021-01-01,0.0329913880914702,-0.0006404574234614934,0.0026971090831148436,0.0026881675743119543,0.033631845514931695,0.03029427900835536,0.03030322051715825,False,True,True
2021-02-06,2021-01-01,0.0294068280787711,-0.006012669930199369,0.0016124693077162909,0.0026353961621382017,0.03541949800897047,0.02779435877105481,0.0267714319166329,False,True,True
2021-02-07,2021-01-01,-0.0092336933808551,0.002439909126281932,0.002030292376061428,0.0025970184477896808,0.011673602507137032,0.011263985756916528,0.011830711828644782,False,False,False
2021-02-08,2021-01-01,0.1874647376652993,0.010089552325718149,0.0029832303170614703,0.0025510222235745296,0.17737518533958116,0.18448150734823784,0.18491371544172477,True,True,True
2021-02-09,2021-01-01,0.0061615239599552,-0.0003268468759002716,-0.0004218370657447963,0.0025575954596808955,0.006488370835855472,0.006583361025699996,0.0036039285002743044,False,False,True
2021-02-10,2021-01-01,-0.0336248860529098,-0.004514911984158718,0.0018747318437406556,0.0025684227136946415,0.029109974068751085,0.03549961789665046,0.03619330876660444,True,False,False
2021-02-11,2021-01-01,0.0665910372634968,0.006144450458375191,0.003724179954233361,0.002624824799761484,0.060446586805121605,0.06286685730926343,0.06396621246373532,True,True,True
2021-02-12,2021-01-01,-0.0084426238396763,0.0031065032887508236,0.0013977128168820572,0.0026724070613478035,0.011549127128427124,0.009840336656558358,0.011115030901024104,False,False,False
2021-02-13,2021-01-01,-0.0084062137732313,0.007802856062895118,0.002497378340596696,0.002728349241205575,0.016209069836126418,0.010903592113827996,0.011134563014436875,False,False,False
2021-02-14,2021-01-01,0.0342162359569755,0.011643261188202445,0.0035252704829228402,0.0027823113488248436,0.022572974768773058,0.030690965474052662,0.03143392460815066,True,True,True
2021-02-15,2021-01-01,-0.0158512610945837,-0.002566614874973773,0.0014227097136343195,0.0028514335821732007,0.013284646219609928,0.01727397080821802,0.0187026946767569,True,False,False
2021-02-16,2021-01-01,0.0261718837520321,0.000999837948123795,0.002384695645489896,0.0029116684103317426,0.025172045803908305,0.023787188106542203,0.023260215341700356,True,True,True
2021-02-17,2021-01-01,0.0599419602773032,0.006094920422271595,0.0022120515002891548,0.003002585286710207,0.0538470398550316,0.05772990877701404,0.05693937499059299,True,True,True
2021-02-18,2021-01-01,-0.0089975045965789,0.006758390736663558,0.001460805607960425,0.003078635274825518,0.01575589533324246,0.010458310204539325,0.012076139871404419,False,False,False
2021-02-19,2021-01-01,0.0814309690047518,0.007256966005910575,0.002635685490019073,0.0031484038363809464,0.07417400299884122,0.07879528351473272,0.07828256516837086,True,True,True
2021-02-20,2021-01-01,0.003782318501482,-0.0006253473897840428,0.0012914071832643074,0.0032397829586708034,0.004407665891266043,0.0024909113182176924,0.0005425355428111964,False,True,True
2021-02-21,2021-01-01,0.0256762587859173,0.006098685136945731,0.002227676260377496,0.00334235860872778,0.01957757364897157,0.023448582525539805,0.02233390017718952,True,True,True
2021-02-22,2021-01-01,-0.0579184596353103,0.007877155109342997,0.0024730448935811195,0.003457492640279671,0.0657956147446533,0.06039150452889142,0.06137595227558997,False,False,False
2021-02-23,2021-01-01,-0.0993019854185399,0.0072788470032856545,0.0034611934107575152,0.003537972413010425,0.10658083242182556,0.10276317882929742,0.10283995783155034,False,False,False
2021-02-24,2021-01-01,0.0180423268866849,0.0036803936698324084,0.0039788318638291804,0.0035691520900472365,0.014361933216852491,0.01406349502285572,0.014473174796637664,True,True,True
2021-02-25,2021-01-01,-0.0525392420094518,0.010621851040329984,0.002215857260467543,0.0036178305506696035,0.06316109304978179,0.054755099269919345,0.0561570725601214,False,False,False
2021-02-26,2021-01-01,-0.0160124903512981,-0.0015000838625850665,0.002650393866398703,0.003654676806390552,0.014512406488713032,0.018662884217696803,0.01966716715768865,True,False,False
2021-02-27,2021-01-01,-0.0032652000816995,0.009513310876749264,0.002821181691798509,0.0036885459189978918,0.012778510958448765,0.006086381773498009,0.006953746000697392,False,False,False
2021-02-28,2021-01-01,-0.0227477545287462,0.002628637191528992,0.0017669079419357207,0.00373098814382231,0.025376391720275192,0.024514662470681924,0.02647874267256851,False,False,False
2021-03-01,2021-01-01,0.0995501705758645,-0.0017026549878590858,0.002361709712193442,0.0037001344681679353,0.10125282556372359,0.09718846086367106,0.09585003610769657,False,True,True
2021-03-02,2021-01-01,-0.0252311618862803,0.002311163637022901,0.0009550804565710935,0.0036796663161056016,0.027542325523303202,0.026186242342851395,0.028910828202385903,False,False,False
2021-03-03,2021-01-01,0.0446320599698619,0.0015301014532738977,0.002528636018893074,0.0036556154892432857,0.043101958516588004,0.042103423950968825,0.040976444480618615,True,True,True
2021-03-04,2021-01-01,-0.0391203598141568,-0.0007891371200417037,0.001985277384992961,0.00360841134760404,0.0383312226941151,0.04110563719914976,0.04272877116176084,True,False,False
2021-03-05,2021-01-01,0.0075397016600922,-6.274757054870305e-05,0.002695605423120603,0.0035705240450444897,0.007602449230640903,0.004844096236971597,0.00396917761504771,False,True,True
2021-03-06,2021-01-01,-0.0003049805235605,0.007260936909396151,0.0024868407229495823,0.00354597751760866,0.0075659174329566516,0.002791821246510082,0.00385095804116916,False,False,False
2021-03-07,2021-01-01,0.0469064981467979,0.005403638070347649,0.002589407104882387,0.0034978317473741373,0.04150286007645025,0.04431709104191551,0.04340866639942376,True,True,True
2021-03-08,2021-01-01,0.020306565464276,0.0019193567179810723,0.0014042461000328753,0.0034648435233352566,0.01838720874629493,0.018902319364243126,0.016841721940940746,True,True,True
2021-03-09,2021-01-01,0.049335220420617,-5.250302492511858e-05,0.00213705975832309,0.0034247457488348477,0.04938772344554212,0.04719816066229391,0.04591047467178215,False,True,True
2021-03-10,2021-01-01,0.0216042437983854,-0.00034199646202033845,0.0013696527032137223,0.003375211600683866,0.02194624026040574,0.02023459109517168,0.018229032197701535,False,True,True
2021-03-11,2021-01-01,0.0320767148487162,0.007368802510353925,0.0023051710926813075,0.0033336548621527963,0.024707912338362274,0.029771543756034892,0.028743059986563405,True,True,True
2021-03-12,2021-01-01,-0.0081832066268457,-0.006729071133112184,0.001891401223092705,0.0032637995030819094,0.0014541354937335164,0.010074607849938405,0.01144700612992761,True,False,False
2021-03-13,2021-01-01,0.0682165276795043,0.004140032968387008,0.0028336904832248866,0.00317374315709992,0.06407649471111729,0.06538283719627941,0.06504278452240438,True,True,True
2021-03-14,2021-01-01,-0.0316896103705583,-0.009414485360407825,0.0012270016453928478,0.003099594061272179,0.022275125010150474,0.03291661201595115,0.03478920443183048,True,False,False
2021-03-15,2021-01-01,-0.0572510045685531,0.0022494016650032255,0.0029445481226013153,0.0030420696128679228,0.059500406233556326,0.06019555269115442,0.060293074181421026,False,False,False
2021-03-16,2021-01-01,0.0160570219496691,0.0035405688396732337,0.003471702044255779,0.003014517696663352,0.012516453109995867,0.012585319905413322,0.01304250425300575,True,True,True
2021-03-17,2021-01-01,0.0363699628422531,0.001727354480096828,0.002055774728696547,0.0029847814121332834,0.03464260836215627,0.034314188113556555,0.033385181430119815,True,True,True
2021-03-18,2021-01-01,-0.0171896938938616,0.005106796284909346,0.0015104512223137164,0.002985737536987716,0.022296490178770945,0.018700145116175314,0.020175431430849315,False,False,False
2021-03-19,2021-01-01,0.0084296501376868,0.007522868283561179,0.002990576891641883,0.002980835920266648,0.0009067818541256207,0.005439073246044916,0.005448814217420152,True,True,True
2021-03-20,2021-01-01,-0.0005657190459794,0.002667069485476151,0.0020685873211452096,0.002989527867169188,0.003232788531455551,0.0026343063671246097,0.003555246913148588,False,False,False
2021-03-21,2021-01-01,-0.0135512479558111,0.0015348493927409145,0.00210669689974032,0.00300870172733696,0.015086097348552013,0.015657944855551418,0.01655994968314806,False,False,False
2021-03-22,2021-01-01,-0.052053185400838,0.0018508410043514129,0.002690697624842559,0.0029904120508655913,0.05390402640518941,0.054743883025680555,0.05504359745170359,False,False,False
2021-03-23,2021-01-01,0.0038474981233158,0.010196410439175865,0.0034703108262331374,0.002965569512854965,0.0063489123158600655,0.00037718729708266247,0.0008819286104608348,True,True,True
2021-03-24,2021-01-01,-0.035891807492523,0.000621576826775638,0.0020914976005675535,0.0029274867491882114,0.03651338431929864,0.03798330509309055,0.03881929424171121,False,False,False
2021-03-25,2021-01-01,-0.0202770319222229,0.0011030343318712613,0.002635243509945858,0.002902743067450739,0.021380066254094162,0.02291227543216876,0.02317977498967364,False,False,False
2021-03-26,2021-01-01,0.0663999247521864,0.00564638715037179,0.0026558952076123415,0.002877532826987783,0.06075353760181461,0.06374402954457406,0.06352239192519861,True,True,True
2021-03-27,2021-01-01,0.0151657594618888,0.007369285353643953,0.0011654984064590973,0.002864972040693787,0.007796474108244847,0.014000261055429702,0.012300787421195013,True,True,True
2021-03-28,2021-01-01,-0.0004067213991215,0.00243218514290395,0.0018002269558203886,0.0028433266580308123,0.0028389065420254497,0.0022069483549418886,0.003250048057152312,False,False,False
2021-03-29,2021-01-01,0.0321613785450665,0.005105761187398932,0.002688342689111162,0.002817948337067347,0.027055617357667573,0.029473035855955343,0.029343430207999156,True,True,True
2021-03-30,2021-01-01,0.0202162451955827,-0.00024266801485901953,0.00173916861886986,0.002780770025457744,0.02045891321044172,0.01847707657671284,0.017435475170124955,False,True,True
2021-03-31,2021-01-01,1.9359634988669328e-05,0.002679292433917753,0.0020533798014158574,0.0027625513118388415,0.0026599327989290837,0.002034020166427188,0.002743191676850172,True,True,True
2021-04-01,2021-01-01,0.0030037350775407,0.0008541060510294013,0.0026833620818897943,0.002732782390337747,0.0021496290265112985,0.00032037299565090566,0.00027095268720295305,True,True,True
2021-04-02,2021-01-01,0.0048819690112593,0.0028443484375894183,0.0023562669772121134,0.0027026324950062018,0.0020376205736698815,0.0025257020340471864,0.002179336516253098,True,True,True
2021-04-03,2021-01-01,-0.0299813502934802,-0.003437674158293471,0.002130221987159644,0.0026556596237256227,0.02654367613518673,0.03211157228063984,0.03263700991720582,True,False,False
2021-04-04,2021-01-01,0.0200448971410081,0.0014849781991935185,0.0028436434470114247,0.0026142190547419914,0.018559918941814583,0.017201253693996676,0.01743067808626611,True,True,True
2021-04-05,2021-01-01,0.0050941385529632,0.005384986925624837,0.002162116273603247,0.0025999039580373758,0.0002908483726616366,0.002932022279359953,0.0024942345949258244,True,True,True
2021-04-06,2021-01-01,-0.0146554455947182,0.0022762727184717233,0.0021121158349219483,0.0025854033161087603,0.016931718313189924,0.016767561429640147,0.01724084891082696,False,False,False
2021-04-07,2021-01-01,-0.0368333901223608,0.00022257392355108196,0.002581992380200286,0.002551255638480485,0.03705596404591188,0.03941538250256109,0.03938464576084129,False,False,False
2021-04-08,2021-01-01,0.0405898082367752,0.0015143831541640925,0.00291118922436918,0.0025193324208821278,0.03907542508261111,0.037678619012406024,0.038070475815893075,True,True,True
2021-04-09,2021-01-01,-0.0013536328475677,-0.0015926859761592961,0.0015109303648589627,0.0025016283662091117,0.00023905312859159606,0.0028645632124266627,0.003855261213776812,True,False,False
2021-04-10,2021-01-01,0.0265813437190596,-0.0008737387308578536,0.002295983455220879,0.002482591171640011,0.027455082449917453,0.02428536026383872,0.02409875254741959,False,True,True
2021-04-11,2021-01-01,0.0068859039497308,-0.0013001456026791244,0.002016050552044433,0.0024869597847120267,0.008186049552409924,0.004869853397686367,0.004398944165018773,False,True,True
2021-04-12,2021-01-01,-0.0051741865402374,0.005948258872417178,0.0021643307214833864,0.0025137846115019648,0.011122445412654579,0.007338517261720787,0.007687971151739364,False,False,False
2021-04-13,2021-01-01,0.0602737647922182,0.001607332886121662,0.002337337499890777,0.0025419689707598565,0.058666431906096536,0.057936427292327425,0.05773179582145835,True,True,True
2021-04-14,2021-01-01,-0.006200634377373,0.00778351346936637,0.0016969364467419935,0.0025879725823790187,0.01398414784673937,0.007897570824114993,0.008788606959752018,False,False,False
2021-04-15,2021-01-01,0.0032374804732979,0.005962922646193048,0.002434178149465433,0.0026240197503675034,0.0027254421728951476,0.000803302323832467,0.0006134607229303967,True,True,True
2021-04-16,2021-01-01,-0.0275013793784661,0.005072758533191937,0.002637860814607244,0.0026400920267779285,0.03257413791165804,0.030139240193073347,0.03014147140524403,False,False,False
2021-04-17,2021-01-01,-0.0144376885233774,-0.000525955669786778,0.002599257106084446,0.002636459470518965,0.013911732853590621,0.017036945629461845,0.017074147993896366,True,False,False
2021-04-18,2021-01-01,-0.0736215468265391,0.003971469240430582,0.0026354512364769357,0.002627526486916571,0.07759301606696968,0.07625699806301603,0.07624907331345566,False,False,False
2021-04-19,2021-01-01,-0.0087504689451151,0.005105207897090572,0.0036325798880396023,0.002589495406211842,0.01385567684220567,0.012383048833154702,0.011339964351326942,False,False,False
2021-04-20,2021-01-01,0.0134369760929442,0.0005927647899500875,0.0023088903075481303,0.0025393278230746927,0.012844211302994114,0.01112808578539607,0.010897648269869508,True,True,True
2021-04-21,2021-01-01,-0.0454542876384026,0.0008869560067596171,0.0017963377441579129,0.0025046087804008995,0.04634124364516221,0.04725062538256051,0.0479588964188035,False,False,False
2021-04-22,2021-01-01,-0.0397694659817468,0.00014754102499004796,0.0027951970272716473,0.002455723249956008,0.039917007006736845,0.04256466300901845,0.042225189231702806,False,False,False
2021-04-23,2021-01-01,-0.0129171508387729,0.004461811839413813,0.0030262554119788315,0.002402728121544639,0.017378962678186713,0.015943406250751732,0.01531987896031754,False,False,False
2021-04-24,2021-01-01,-0.0204092897731074,-0.0022456199405224255,0.002048590750839926,0.0023535350283990057,0.018163669832584977,0.02245788052394733,0.022762824801506407,True,False,False
2021-04-25,2021-01-01,-0.0209109919580251,0.004607136299775374,0.002646523645665757,0.0022938512485717877,0.025518128257800476,0.02355751560369086,0.023204843206596888,False,False,False
2021-04-26,2021-01-01,0.1023890703366074,0.0013755062095204473,0.0026396915823655516,0.0022281567280484937,0.10101356412708695,0.09974937875424184,0.1001609136085589,True,True,True
2021-04-27,2021-01-01,0.0187214077315063,-0.00023022197552848575,0.00043283164357354174,0.002193665163041605,0.018951629707034786,0.018288576087932756,0.016527742568464694,False,True,True
2021-04-28,2021-01-01,-0.0037870662821065,-4.500141014806072e-05,0.0017207848081349092,0.0021798135256847267,0.0037420648719584393,0.005507851090241409,0.005966879807791227,True,False,True
2021-04-29,2021-01-01,-0.0231573301383015,0.0031923714446209115,0.002768179481285253,0.002157075639523483,0.02634970158292241,0.025925509619586753,0.025314405777824983,False,False,True
2021-04-30,2021-01-01,0.0783317680648467,0.007772177769961488,0.0028177751722403607,0.0021329353160820202,0.0705595902948852,0.07551399289260634,0.07619883274876467,True,True,False
2021-05-01,2021-01-01,0.0013484807439372,0.0004120185613847179,0.0010745705803018903,0.002119790820050224,0.0009364621825524821,0.00027391016363530977,0.0007713100761130242,True,True,False
2021-05-02,2021-01-01,-0.0206988241878991,0.006766330003926882,0.002665175988724609,0.002103057264737635,0.027465154191825984,0.023364000176623708,0.022801881452636737,False,False,True
2021-05-03,2021-01-01,0.0100512803675323,-0.0001841548535419144,0.0028443948413770462,0.0020936934785101627,0.010235435221074216,0.0072068855261552545,0.007957586889022138,False,True,False
2021-05-04,2021-01-01,-0.0676002465295502,-0.0021279135228098028,0.0019962834099551364,0.00205802611043973,0.0654723330067404,0.06959652993950534,0.06965827263998993,True,False,True
2021-05-05,2021-01-01,0.0766959932136981,-0.004133876586787404,0.0030726006691663703,0.002000854452322749,0.08082986980048551,0.07362339254453173,0.07469513876137536,False,True,False
2021-05-06,2021-01-01,-0.0178930768965995,0.005357672407716708,0.0016482772295953285,0.001960865387152787,0.02325074930431621,0.01954135412619483,0.01985394228375229,False,False,True
2021-05-07,2021-01-01,0.0170203195731561,-0.001478984639706308,0.0022257810626807517,0.0019333430642768383,0.01849930421286241,0.014794538510475349,0.015086976508879264,False,True,False
2021-05-08,2021-01-01,0.0252347591699624,-0.0013009709808273172,0.002194771684906113,0.0019128872501281697,0.026535730150789718,0.023039987485056288,0.02332187191983423,False,True,False
2021-05-09,2021-01-01,-0.0097180991309351,-0.0011908077312428487,0.001709406807531365,0.0019286282613365895,0.00852729139969225,0.011427505938466465,0.01164672739227169,True,False,True
2021-05-10,2021-01-01,-0.0407423176282123,0.0023421421213087683,0.0024135570289327,0.0019452054783287034,0.04308445974952107,0.043155874657145,0.042687523106541,False,False,True
2021-05-11,2021-01-01,0.0151231724963196,0.007052684989374433,0.003526643987849874,0.0019454064720089862,0.008070487506945168,0.011596528508469726,0.013177766024310615,True,True,False
2021-05-12,2021-01-01,-0.1332174549686006,-0.003530535229983667,0.0018229285153101432,0.001958174794989254,0.12968691973861693,0.13504038348391073,0.13517562976358985,True,False,True
2021-05-13,2021-01-01,0.0115086488519764,0.008894457245091426,0.004477071852755782,0.0019552679655005884,0.0026141916068849747,0.007031576999220619,0.009553380886475813,True,True,False
2021-05-14,2021-01-01,0.0033056383715535,0.00028486101459555824,0.0021230691170950433,0.0019540110834641404,0.0030207773569579416,0.0011825692544584565,0.0013516272880893594,True,True,False
2021-05-15,2021-01-01,-0.0625564189813834,0.008370061698478863,0.0018071524606325436,0.0019575254346790054,0.07092648067986226,0.06436357144201593,0.0645139444160624,False,False,True
2021-05-16,2021-01-01,-0.0065040138312105,0.005083341756284509,0.0032005375622864082,0.0019641243389494985,0.011587355587495008,0.009704551393496907,0.008468138170159999,False,False,True
2021-05-17,2021-01-01,-0.0628238159530961,0.005220214537336487,0.002504249529420251,0.0019386005111487702,0.06804403049043257,0.06532806548251635,0.06476241646424487,False,False,True
2021-05-18,2021-01-01,-0.0144268551463747,-0.0033310701263740746,0.0025240450078386507,0.0018942705406164695,0.011095785020000625,0.01695090015421335,0.016321125686991168,True,False,True
2021-05-19,2021-01-01,-0.1376612260916373,0.006250486932613798,0.0028546840727504677,0.001852924743539174,0.1439117130242511,0.14051591016438778,0.1395141508351765,False,False,True
2021-05-20,2021-01-01,0.1021634446629102,0.005366500844315904,0.004231265827457141,0.0017980535748412273,0.0967969438185943,0.09793217883545306,0.10036539108806898,True,True,False
2021-05-21,2021-01-01,-0.0852823282981722,-0.003993724794352593,0.0004683956897206917,0.001729903178247685,0.08128860350381961,0.0857507239878929,0.08701223147641989,True,False,True
2021-05-22,2021-01-01,0.0062174862599491,-0.00037899625200198865,0.002952634472822548,0.0016458902939002736,0.006596482511951088,0.003264851787126552,0.004571595966048826,False,True,False
2021-05-23,2021-01-01,-0.0736893688644572,-5.128106203209021e-05,0.0023710050417318205,0.0015704722682466107,0.07363808780242512,0.07606037390618903,0.07525984113270381,True,False,True
2021-05-24,2021-01-01,0.1131818395781545,0.0045145097679896926,0.0031792522521594795,0.0014732163878215727,0.1086673298101648,0.11000258732599502,0.11170862319033294,True,True,False
2021-05-25,2021-01-01,-0.0078478263260955,-0.004352477200304608,4.5359781597455184e-05,0.0014217878288267688,0.0034953491257908916,0.007893186107692955,0.009269614154922268,True,False,True
2021-05-26,2021-01-01,0.023227211885217,0.008440428156836762,0.0028017406753447337,0.0013402052440738355,0.01478678372838024,0.020425471209872266,0.021887006641143167,True,True,False
2021-05-27,2021-01-01,-0.0218157001744154,-0.0025986830705690194,0.0018359613677515424,0.0012665688082740736,0.01921701710384638,0.02365166154216694,0.023082268982689474,True,False,True
2021-05-28,2021-01-01,-0.0712689728232016,0.003957442676408205,0.002793496684961917,0.0011757373071364964,0.0752264154996098,0.07406246950816352,0.0724447101303381,False,False,True
2021-05-29,2021-01-01,-0.0302972439831233,-0.01525159440874034,0.002905825704507126,0.0010658521037727642,0.015045649574382959,0.03320306968763043,0.03136309608689607,True,False,True
2021-05-30,2021-01-01,0.0306812012530759,0.011527567659475392,0.0035734657356359016,0.0009527505361570086,0.019153633593600505,0.027107735517439998,0.02972845071691889,True,True,False
2021-05-31,2021-01-01,0.0463792977162018,-0.006718161195024651,0.0012226067098114646,0.0008638623603302699,0.05309745891122645,0.04515669100639033,0.04551543535587153,False,True,False
2021-06-01,2021-01-01,-0.0173554816358035,-0.001832965787651083,0.0015153546750647975,0.0007762762444285581,0.015522515848152417,0.0188708363108683,0.018131757880232056,True,False,True
2021-06-02,2021-01-01,0.0242675673261145,-0.0017699686819212562,0.002259574538401444,0.000739401345548248,0.026037536008035756,0.022007992787713055,0.023528165980566253,False,True,False
2021-06-03,2021-01-01,0.0434751330821563,-0.001092407935633876,0.0019419156115453944,0.0007108425296002059,0.044567541017790174,0.04153321747061091,0.042764290552556095,False,True,False
2021-06-04,2021-01-01,-0.0590265808705882,0.002410616885256627,0.0015475476474903947,0.000687936693290645,0.06143719775584483,0.0605741285180786,0.05971451756387885,False,False,True
2021-06-05,2021-01-01,-0.0363862535055703,0.0009976740286857491,0.003613798706577507,0.0006769462958405943,0.03738392753425605,0.04000005221214781,0.037063199801410894,False,False,True
2021-06-06,2021-01-01,0.008731498936251,0.004613916788158947,0.0032524585021406595,0.0006566473759929542,0.004117582148092052,0.00547904043411034,0.008074851560258046,True,True,False
2021-06-07,2021-01-01,-0.064180680289418,-0.008174088137122231,0.0016466077517542314,0.0006583007623157807,0.05600659215229576,0.06582728804117223,0.06483898105173377,True,False,True
2021-06-08,2021-01-01,-0.0026243254847995,0.0033569208670923816,0.0032469957784601704,0.0006412397912902009,0.005981246351891881,0.00587132126325967,0.003265565276089701,False,False,True
2021-06-09,2021-01-01,0.1156911768172552,0.005786654548822688,0.0025276884444642087,0.0006694554694480167,0.10990452226843252,0.113163488372791,0.11502172134780718,True,True,False
2021-06-10,2021-01-01,-0.0172050168450927,0.0010293119948732725,-2.2360144063573485e-05,0.0006908879153793639,0.018234328839965973,0.017182656701029128,0.017895904760472064,False,True,True
2021-06-11,2021-01-01,0.0172140617175746,0.0026487029788323808,0.0024586552727110618,0.0007307416690333823,0.014565358738742219,0.014755406444863537,0.01648332004854122,True,True,False
2021-06-12,2021-01-01,-0.0477276422568579,0.006588026493822882,0.002587007126239547,0.0007671124790531254,0.05431566875068078,0.050314649383097446,0.04849475473591102,False,False,True
2021-06-13,2021-01-01,0.0997213189467518,0.009539647228300373,0.0029150486421043328,0.0008150599309259044,0.09018167171845143,0.09680627030464747,0.0989062590158259,True,True,False
2021-06-14,2021-01-01,0.0286618552885926,-0.003901157964578814,0.0008941545471139248,0.0008479320749310182,0.032563013253171416,0.027767700741478676,0.027813923213661582,False,True,False
2021-06-15,2021-01-01,0.0046693207898655,0.0048183756203435055,0.0021102424598543994,0.0008870341690447477,0.00014905483047800584,0.0025590783300111003,0.0037822866208207517,True,True,False
2021-06-16,2021-01-01,-0.0509625623730847,-0.0028458456593973246,0.0024053962136851076,0.0009339855249254818,0.04811671671368738,0.053367958586769806,0.05189654789801018,True,False,True
2021-06-17,2021-01-01,-0.0076553085063556,0.0024534326578546295,0.003150786965325757,0.0009800596285442162,0.01010874116421023,0.010806095471681357,0.008635368134899816,False,False,True
2021-06-18,2021-01-01,-0.0595545108824469,-0.0032584954936608996,0.0021729170061610247,0.0010478785902744553,0.056296015388786,0.061727427888607925,0.060602389472721355,True,False,True
2021-06-19,2021-01-01,-0.0047887171745782,0.02082627036104368,0.0038896749720566124,0.001109517767809269,0.02561498753562188,0.008678392146634812,0.005898234942387469,False,False,True
2021-06-20,2021-01-01,0.0023142991795155,0.005273836822276895,0.002378227452655533,0.0011745587873046245,0.002959537642761395,6.392827314003315e-05,0.0011397403922108753,True,True,False
2021-06-21,2021-01-01,-0.1126553328218126,0.00033890449873756135,0.001960116429029481,0.0012271835827390475,0.11299423732055017,0.11461544925084208,0.11388251640455165,False,False,True
2021-06-22,2021-01-01,0.026169612701373,-0.0076318728888698645,0.003596109726380926,0.00125983001518598,0.03380148559024286,0.022573502974992075,0.02490978268618702,False,True,False
2021-06-23,2021-01-01,0.0374509295196066,0.0026076560062658666,0.0020414915486270556,0.001291894676333219,0.03484327351334073,0.03540943797097955,0.03615903484327338,True,True,False
2021-06-24,2021-01-01,0.0278566377411577,-0.006076053558741745,0.001055240646770326,0.001304699954126174,0.033932691299899446,0.026801397094387374,0.026551937787031528,False,True,False
2021-06-25,2021-01-01,-0.0872604012088013,0.005621484860300858,0.0021489368934078257,0.001357703849590879,0.09288188606910215,0.08940933810220912,0.08861810505839218,False,False,True
2021-06-26,2021-01-01,0.0173368061559611,0.006163637031947431,0.0037610126453639704,0.0014029596817752821,0.011173169124013671,0.013575793510597131,0.01593384647418582,True,True,False
2021-06-27,2021-01-01,0.076534703320648,-0.0009789990787456406,0.001725896707939226,0.001452971227030392,0.07751370239939365,0.07480880661270878,0.07508173209361761,False,True,False
2021-06-28,2021-01-01,-0.0062138759765866,0.007842747093904354,0.0010767528836842983,0.0015460105523859694,0.014056623070490954,0.007290628860270898,0.007759886528972569,False,False,True
2021-06-29,2021-01-01,0.0416282575871875,0.005368546927920059,0.002697292239748061,0.001638885739546497,0.03625971065926745,0.03893096534743944,0.039989371847641,True,True,False
2021-06-30,2021-01-01,-0.0230552732143045,0.005477097097361562,0.002075100495971172,0.0016964996501023773,0.028532370311666062,0.02513037371027567,0.024751772864406878,False,False,True
2021-07-01,2021-07-01,-0.0419144895007543,-0.008003879948497999,0.0030314097336169767,0.0019548699412943247,0.0339106095522563,0.04494589923437128,0.043869359442048624,True,False,True
2021-07-02,2021-07-01,0.0096785581226608,0.006346041684025287,0.0033571334979497535,0.0019803260146081694,0.003332516438635513,0.006321424624711047,0.00769823210805263,True,True,False
2021-07-03,2021-07-01,0.0227600947907058,0.009215012128727041,0.0025332960428868408,0.0020329213096760878,0.01354508266197876,0.02022679874781896,0.020727173481029714,True,True,False
2021-07-04,2021-07-01,0.0178615612945272,0.0004222318054451805,0.002324521237603612,0.00204958439473017,0.017439329489082018,0.015537040056923588,0.01581197689979703,True,True,False
2021-07-05,2021-07-01,-0.0436915354022151,-0.005139286415492181,0.002434548997908533,0.002042727609697053,0.038552248986722916,0.04612608440012363,0.04573426301191215,True,False,True
2021-07-06,2021-07-01,0.0144962765846001,-0.002917966916871368,0.0033627617944790864,0.002020160726340778,0.017414243501471468,0.011133514790121014,0.012476115858259322,False,True,False
2021-07-07,2021-07-01,-0.0110958089776488,0.0012925223831615736,0.002473079182302083,0.0020129612622282857,0.012388331360810374,0.013568888159950884,0.013108770239877086,False,False,True
2021-07-08,2021-07-01,-0.0288863551296624,-0.0036088420289245556,0.0028391721164519315,0.002003423737772764,0.025277513100737847,0.031725527246114334,0.030889778867435165,True,False,True
2021-07-09,2021-07-01,0.0280022579169967,0.010407493898144519,0.003141157546946028,0.0019865111757763295,0.017594764018852183,0.02486110037005067,0.02601574674122037,True,True,False
2021-07-10,2021-07-01,-0.0082103110031782,5.2634340468851216e-05,0.0022554102729999068,0.0019969350943673837,0.008262945343647052,0.010465721276178107,0.010207246097545584,False,False,True
2021-07-11,2021-07-01,0.0214694753784792,0.0008412991413354572,0.002797540973722733,0.0019875302970380187,0.020628176237143744,0.01867193440475647,0.01948194508144118,True,True,False
2021-07-12,2021-07-01,-0.0316686304287907,0.00302342590044013,0.002386540056504057,0.0020358213475166215,0.03469205632923083,0.03405517048529476,0.03370445177630732,False,False,True
2021-07-13,2021-07-01,-0.0136875482819831,0.003407663844345558,0.0031671135014667527,0.002051862594361575,0.017095212126328658,0.016854661783449854,0.015739410876344676,False,False,True
2021-07-14,2021-07-01,0.0036793520947939,0.004622186108607843,0.0029059048059835247,0.0020680097905066983,0.0009428340138139426,0.0007734472888103754,0.0016113423042872018,True,True,False
2021-07-15,2021-07-01,-0.0317349995316881,0.0013229941690460418,0.0026174359774941572,0.0020717387866694466,0.033057993700734145,0.03435243550918226,0.03380673831835755,False,False,True
2021-07-16,2021-07-01,-0.0113021759082344,0.009006585457687724,0.0031642201058106243,0.002110392266330471,0.020308761365922124,0.014466396014045025,0.013412568174564871,False,False,True
2021-07-17,2021-07-01,0.0035494536614886,0.00365710716005539,0.002860265831667047,0.0021352220939038842,0.00010765349856678994,0.000689187829821553,0.001414231567584716,True,True,False
2021-07-18,2021-07-01,0.008363987433579,-0.0029700793087015656,0.0026101434816180606,0.002115705488594072,0.011334066742280567,0.0057538439519609404,0.0062482819449849285,False,True,False
2021-07-19,2021-07-01,-0.030788575922789,0.003499387004394847,0.0025596488884688834,0.0020956216543132284,0.03428796292718385,0.03334822481125788,0.03288419757710223,False,False,True
2021-07-20,2021-07-01,-0.0327889506950178,0.0018371827474545984,0.0031605436171004138,0.0020543281275903127,0.034626133442472395,0.03594949431211821,0.03484327882260811,False,False,True
2021-07-21,2021-07-01,0.0772744267516882,0.0019480839067340895,0.0031832536568401574,0.002023584343274969,0.07532634284495411,0.07409117309484804,0.07525084240841323,True,True,False
2021-07-22,2021-07-01,0.006303573302191,-0.0009468082300435965,0.0014984113672555535,0.0020272055073297978,0.007250381532234597,0.004805161934935447,0.004276367794861203,False,True,False
2021-07-23,2021-07-01,0.039254825375008,0.004362834437802646,0.002593344528913814,0.0020326676743013727,0.03489199093720535,0.036661480846094184,0.03722215770070662,True,True,False
2021-07-24,2021-07-01,0.0211691990009861,0.004761213890025786,0.002149004551634856,0.0020465145764842277,0.016407985110960314,0.019020194449351244,0.019122684424501872,True,True,False
2021-07-25,2021-07-01,0.0308447583093305,-0.003586322097344441,0.0023776500830751885,0.0020464681234135477,0.03443108040667494,0.02846710822625531,0.028798290185916953,False,True,False
2021-07-26,2021-07-01,0.0562188717174414,0.0008386489356628749,0.0022567540667003836,0.00206857883701637,0.055380222781778524,0.05396211765074102,0.054150292880425034,True,True,False
2021-07-27,2021-07-01,0.0554242866150631,0.0033819717860687883,0.0018740912878373586,0.002101939382681448,0.05204231482899431,0.05355019532722574,0.053322347232381655,True,True,False
2021-07-28,2021-07-01,0.01494571318485,0.003516295927036963,0.0018870474848531383,0.002145274102998314,0.011429417257813036,0.013058665699996861,0.012800439081851685,True,True,False
2021-07-29,2021-07-01,0.0003129226506775,0.00473309051013477,0.002518242385157534,0.002205337472017511,0.00442016785945727,0.002205319734480034,0.001892414821340011,True,True,False
2021-07-30,2021-07-01,0.0556664046124664,0.0002982786780617282,0.002727144655241576,0.002272773199529179,0.05536812593440467,0.05293925995722482,0.05339363141293722,True,True,False
2021-07-31,2021-07-01,-0.0144274576177131,0.003821397866746241,0.0018682493946404635,0.0023578377358096088,0.018248855484459342,0.016295707012353566,0.01678529535352271,False,False,True
2021-08-01,2021-07-01,-0.0396697504745078,0.0006238572567077367,0.00293053441249047,0.0024315569551924847,0.040293607731215535,0.04260028488699827,0.04210130742970028,False,False,True
2021-08-02,2021-07-01,-0.0193358663684717,0.00585405483394082,0.003330307204659923,0.002496910866811729,0.02518992120241252,0.022666173573131623,0.02183277723528343,False,False,False
2021-08-03,2021-07-01,-0.0267579793652619,0.000893797676798813,0.0029669286140908873,0.0025803524675814737,0.02765177704206071,0.029724907979352785,0.029338331832843373,False,False,False
2021-08-04,2021-07-01,0.0417928931871005,0.0020298113539067267,0.003070162984378589,0.0026601236020827616,0.03976308183319377,0.03872273020272191,0.03913276958501774,True,True,True
2021-08-05,2021-07-01,0.0282294652740084,0.006241578868472296,0.002049917337528293,0.0027666986852297477,0.021987886405536106,0.02617954793648011,0.025462766588778656,True,True,True
2021-08-06,2021-07-01,0.0476380358774859,0.002277952370981838,0.002252030129845903,0.0028753199765686223,0.04536008350650406,0.04538600574764,0.04476271590091728,True,True,True
2021-08-07,2021-07-01,0.0406222082900282,0.002216557221301667,0.0019989289399725187,0.0029950765915876393,0.03840565106872654,0.03862327935005568,0.037627131698440563,True,True,True
2021-08-08,2021-07-01,-0.0170052738468309,0.0012879303059235158,0.002102877010275151,0.003111097765469228,0.018293204152754414,0.01910815085710605,0.020116371612300128,False,False,False
2021-08-09,2021-07-01,0.0586163360689555,0.011184016855070651,0.002989291071277368,0.0032320368801221316,0.04743231921388485,0.05562704499767813,0.05538429918883337,True,True,True
2021-08-10,2021-07-01,-0.0168308923098386,0.010549378756880346,0.0018378376558707394,0.003383413431182641,0.027380271066718948,0.018668729965709337,0.02021430574102124,False,False,False
2021-08-11,2021-07-01,0.000188778388739,0.00412627471613595,0.002952657440898676,0.003475928452944126,0.00393749632739695,0.0027638790521596762,0.003287150064205126,True,True,True
2021-08-12,2021-07-01,-0.0255594363625475,0.0074829354200350445,0.0027304852108805205,0.003569195961048345,0.03304237178258254,0.02828992157342802,0.029128632323595846,False,False,False
2021-08-13,2021-07-01,0.0757407345861598,0.0035019221314488156,0.003069293857360923,0.0036442859388336095,0.07223881245471099,0.07267144072879889,0.0720964486473262,True,True,True
2021-08-14,2021-07-01,-0.0145705507683229,0.003442090319669511,0.0015430681437549674,0.0037376138225035755,0.01801264108799241,0.016113618912077868,0.018308164590826476,False,False,False
2021-08-15,2021-07-01,-0.0010603958689597,0.005358833645793978,0.0029181568974946046,0.0037950535963628008,0.0064192295147536774,0.003978552766454304,0.0048554494653225005,False,False,False
2021-08-16,2021-07-01,-0.0221591056749844,0.004946412943585766,0.00274994707025144,0.0038301682661539245,0.027105518618570166,0.02490905274523584,0.025989273941138324,False,False,False
2021-08-17,2021-07-01,-0.0284564650117329,0.003747372137483799,0.0030172982777191227,0.0038467183235763856,0.0322038371492167,0.03147376328945202,0.032303183335309286,False,False,False
2021-08-18,2021-07-01,0.0023677653895135,0.00031212343027316744,0.003117982112003903,0.0038463592832166777,0.0020556419592403325,0.0007502167224904032,0.0014785938937031777,True,True,True
2021-08-19,2021-07-01,0.0427754426152209,0.004616038494775487,0.0026479847156746926,0.003854422155791396,0.03815940412044541,0.04012745789954621,0.0389210204594295,True,True,True
2021-08-20,2021-07-01,0.0561158724717174,-0.005355253686337922,0.0020239664694356486,0.0038436986231739734,0.06147112615805532,0.05409190600228175,0.05227217384854343,False,True,True
2021-08-21,2021-07-01,-0.0087898426936189,0.0013506565431348821,0.0018532771507608582,0.0038489692307445648,0.01014049923675378,0.010643119844379757,0.012638811924363464,False,False,False
2021-08-22,2021-07-01,0.008509476904035,0.0007717387040910096,0.002857723400998643,0.0038724552944271484,0.00773773819994399,0.005651753503036356,0.004637021609607852,True,True,True
2021-08-23,2021-07-01,0.0045516742258624,0.010021201172339993,0.0025967034466185803,0.0039112652223307195,0.005469526946477593,0.00195497077924382,0.0006404090035316808,True,True,True
2021-08-24,2021-07-01,-0.0371377252930388,0.008047592126826347,0.002624060485404958,0.003966258486654946,0.045185317419865145,0.039761785778443755,0.041103983779693744,False,False,False
2021-08-25,2021-07-01,0.0263000208142856,0.007676154585046763,0.00326941062410133,0.003982824875016524,0.01862386622923884,0.02303061019018427,0.022317195939269077,True,True,True
2021-08-26,2021-07-01,-0.0412283043462234,0.005586708255701695,0.0022956721025162823,0.0039966038075353585,0.046815012601925096,0.043523976448739676,0.04522490815375876,False,False,False
2021-08-27,2021-07-01,0.0450862629655739,-0.003560564719225911,0.0032935642310200648,0.003974155168022707,0.04864682768479981,0.04179269873455384,0.041112107797551194,False,True,True
2021-08-28,2021-07-01,-0.0031852806337819,-0.0012494701694718028,0.0020202375421943452,0.003940114566109481,0.0019358104643100974,0.005205518175976245,0.007125395199891381,True,False,False
2021-08-29,2021-07-01,-0.001483982565721,0.0015380494090169677,0.002721675428233353,0.003918821433025962,0.003022031974737968,0.004205657993954353,0.005402803998746961,False,False,False
2021-08-30,2021-07-01,-0.0363476092875793,0.0054481839647536915,0.002740694850316572,0.00386773815211141,0.041795793252332986,0.039088304137895866,0.040215347439690706,False,False,False
2021-08-31,2021-07-01,0.0023738850726162,0.005269424728620291,0.003241344887838554,0.0038190748900080243,0.002895539656004091,0.0008674598152223541,0.0014451898173918243,True,True,True
2021-09-01,2021-07-01,0.0356255639904752,0.003639139211886282,0.0026456172308253786,0.003766186120016752,0.03198642477858892,0.032979946759649825,0.03185937787045845,True,True,True
2021-09-02,2021-07-01,0.0098408304177286,0.004715032430715803,0.0021390246731959293,0.003734217358145168,0.005125797987012797,0.007701805744532671,0.006106613059583432,True,True,True
2021-09-03,2021-07-01,0.0141432100689449,-0.0042047633755415105,0.002549677549858655,0.0036701300412887734,0.01834797344448641,0.011593532519086245,0.010473080027656127,False,True,True
2021-09-04,2021-07-01,-0.0016141808032423,0.0021520248931150548,0.00250144378835309,0.0036135159126651157,0.0037662056963573545,0.00411562459159539,0.005227696715907415,False,False,False
2021-09-05,2021-07-01,0.0362158121369415,-0.0029898531907116294,0.0027202371308957863,0.0035562280838195535,0.03920566532765313,0.03349557500604571,0.03265958405312194,False,True,True
2021-09-06,2021-07-01,0.0170061257285807,0.008314757287949986,0.0021586907460944623,0.003521743372294354,0.008691368440630714,0.014847434982486238,0.013484382356286346,True,True,True
2021-09-07,2021-07-01,-0.1106216071695616,0.005694420119737732,0.0024471856542670144,0.003507652956250264,0.11631602728929932,0.11306879282382862,0.11412926012581186,False,False,False
2021-09-08,2021-07-01,-0.0153753668853284,0.010510785663592023,0.0043916585108562415,0.0034551988314619727,0.025886152548920426,0.01976702539618464,0.018830565716790374,False,False,False
2021-09-09,2021-07-01,0.0065094857397784,0.0013577080695122248,0.002913835562685818,0.0033753938473602947,0.005151777670266175,0.0035956501770925816,0.003134091892418105,True,True,True
2021-09-10,2021-07-01,-0.0324954842473235,-0.0034841202802902227,0.0025220714763184355,0.003282132607015498,0.029011363967033278,0.03501755572364194,0.035777616854339,True,False,False
2021-09-11,2021-07-01,0.007074848735205,0.00278927096686579,0.0031811924881745067,0.003186685863011138,0.0042855777683392104,0.0038936562470304934,0.003888162872193862,True,True,True
2021-09-12,2021-07-01,0.0190660336325925,-0.0017406923907623889,0.0025773766028452712,0.003095377957319012,0.02080672602335489,0.01648865702974723,0.015970655675273487,False,True,True
2021-09-13,2021-07-01,-0.0238844381585552,-0.0017981484080616585,0.002369668438540432,0.003010705256998073,0.022086289750493544,0.026254106597095633,0.026895143415553276,True,False,False
2021-09-14,2021-07-01,0.0473592610325122,0.00550825096959567,0.003063459383708694,0.0029432070639361474,0.04185101006291653,0.04429580164880351,0.04441605396857606,True,True,True
2021-09-15,2021-07-01,0.0230154620918043,0.006908518910357486,0.0019853078002168493,0.0028843135991899406,0.016106943181446814,0.02103015429158745,0.02013114849261436,True,True,True
2021-09-16,2021-07-01,-0.0081572867261351,0.004833298358518495,0.002337074503475458,0.0028604107106661642,0.012990585084653596,0.010494361229610557,0.011017697436801263,False,False,False
2021-09-17,2021-07-01,-0.0107953867308016,-0.0032512490097596387,0.002851637555554173,0.002816128288613136,0.007544137721041962,0.013647024286355773,0.013611515019414737,True,False,False
2021-09-18,2021-07-01,0.021385589090024,0.0012885670847946884,0.0028690929037994647,0.0027707662142329825,0.02009702200522931,0.018516496186224533,0.018614822875791016,True,True,True
2021-09-19,2021-07-01,-0.021089044077959,0.0013304347897296351,0.002361611530679295,0.002741098527662759,0.022419478867688636,0.023450655608638297,0.02383014260562176,False,False,False
2021-09-20,2021-07-01,-0.0934489531695195,0.0068776276532832425,0.003016168203505038,0.002720560433389783,0.10032658082280274,0.09646512137302453,0.09616951360290928,False,False,False
2021-09-21,2021-07-01,-0.0501852067461991,0.005032457315575371,0.0041146496467588875,0.0026672133465099773,0.05521766406177447,0.054299856392957986,0.052852420092709074,False,False,False
2021-09-22,2021-07-01,0.0707931140636199,0.004354632042017978,0.003416540054280497,0.0025823038662045085,0.06643848202160192,0.06737657400933941,0.0682108101974154,True,True,True
2021-09-23,2021-07-01,0.0303064775724482,-0.0018052944404896958,0.0015528614720851206,0.0025054657919016212,0.0321117720129379,0.028753616100363078,0.027801011780546576,False,True,True
2021-09-24,2021-07-01,-0.0457811156128283,0.0008519276958156969,0.0022192504768851116,0.0024360443111338037,0.046633043308644,0.04800036608971341,0.048217159923962104,False,False,True
2021-09-25,2021-07-01,-0.0028748125280843,-8.140721181307915e-05,0.0034264579504590296,0.002360004154952839,0.0027934053162712207,0.006301270478543329,0.005234816683037139,True,False,True
2021-09-26,2021-07-01,0.0115164920540977,-0.005713279094856635,0.002731533255187952,0.0022732866188616653,0.017229771148954333,0.008784958798909748,0.009243205435236036,False,True,False
2021-09-27,2021-07-01,-0.0225142671994269,-0.0018759845570314373,0.002489928497541513,0.0021874780147763807,0.020638282642395464,0.025004195696968413,0.02470174521420328,True,False,True
2021-09-28,2021-07-01,-0.0284400787359118,0.012672934452520608,0.003047570091812294,0.002149166115186982,0.04111301318843241,0.0314876488277241,0.030589244851098783,False,False,True
2021-09-29,2021-07-01,0.0129115685022613,0.004690425325776364,0.0031249715778609703,0.0021201436990705403,0.008221143176484936,0.00978659692440033,0.01079142480319076,True,True,False
2021-09-30,2021-07-01,0.0535682751816484,-0.004023361514071378,0.0024686407361772674,0.002088351079317616,0.05759163669571978,0.05109963444547114,0.051479924102330786,False,True,False
2021-10-01,2021-07-01,0.0987887304268892,0.0012383681812433382,0.0018675141535104394,0.0020844481675304917,0.09755036224564585,0.09692121627337875,0.0967042822593587,True,True,False
2021-10-02,2021-07-01,-0.0084264110134676,0.004649122666608743,0.0012201225001313117,0.0020990012585924978,0.013075533680076343,0.009646533513598912,0.010525412272060098,False,False,True
2021-10-03,2021-07-01,0.010237887379882,0.0048607829575622406,0.002869550396996972,0.0021152620490724324,0.00537710442231976,0.007368336982885028,0.008122625330809569,True,True,False
2021-10-04,2021-07-01,0.0189408735809843,0.0010334580674438178,0.0025956953318262864,0.0021424835645286176,0.01790741551354048,0.016345178249158012,0.01679839001645568,True,True,False
2021-10-05,2021-07-01,0.0489058891172546,0.0018112183099611373,0.0024088063670229948,0.0021543189826408906,0.047094670807293466,0.04649708275023161,0.046751570134613715,True,True,False
2021-10-06,2021-07-01,0.0746704982911468,0.006276848743004403,0.0019768406924753944,0.002166006872359708,0.0683936495481424,0.07269365759867141,0.07250449141878709,True,True,False
2021-10-07,2021-07-01,-0.02809653406297,0.0003051551403907586,0.0015957391380739573,0.002199190210396177,0.02840168920336076,0.029692273201043957,0.030295724273366176,False,False,True
2021-10-08,2021-07-01,0.0030082765538104,-0.0047306146835866215,0.0031572985638849776,0.0022283174103233825,0.007738891237397022,0.00014902201007457741,0.0007799591434870176,False,True,False
2021-10-09,2021-07-01,0.0185364998502797,-0.0003996619191129094,0.0026897559547467724,0.0022556610388800753,0.01893616176939261,0.015846743895532926,0.016280838811399623,False,True,False
2021-10-10,2021-07-01,-0.003577422040362,0.002727473474273655,0.0024000740803979534,0.0023080804906092174,0.006304895514635655,0.005977496120759953,0.0058855025309712174,False,False,True
2021-10-11,2021-07-01,0.0495368406458527,0.013376512125379736,0.0027641897200632454,0.0023994075809926473,0.03616032852047297,0.04677265092578946,0.047137433064860054,True,True,False
2021-10-12,2021-07-01,-0.0251149998511834,0.007553037642933531,0.0019607785029569125,0.0025275716774847464,0.03266803749411693,0.027075778354140313,0.02764257152866815,False,False,False
2021-10-13,2021-07-01,0.0242686183421181,-0.0027753917483147473,0.003072887666729055,0.0026204961506668405,0.02704401009043285,0.021195730675389046,0.02164812219145126,False,True,True
2021-10-14,2021-07-01,-0.0013862839213726,0.0007260076043745854,0.002353493941356421,0.0027009429399309547,0.0021122915257471855,0.003739777862729021,0.004087226861303555,False,False,False
2021-10-15,2021-07-01,0.0745344074099565,0.003874042721582172,0.0027047678087276446,0.0028044055483763706,0.07066036468837432,0.07182963960122885,0.07173000186158013,True,True,True
2021-10-16,2021-07-01,-0.0113934816674552,0.0038074620708932294,0.0015850771970693897,0.0029235087941709534,0.015200943738348429,0.012978558864524588,0.014316990461626152,False,False,False
2021-10-17,2021-07-01,0.0108624375641421,0.003113417242831658,0.002882942411965929,0.0030412256802865886,0.007749020321310442,0.00797949515217617,0.007821211883855511,True,True,True
2021-10-18,2021-07-01,0.0076755998930302,0.008684533405260247,0.002569814326172861,0.0031696175636518695,0.0010089335122300466,0.005105785566857339,0.0045059823293783306,True,True,True
2021-10-19,2021-07-01,0.036047967727284,0.011885467545639445,0.0025753598704903505,0.003309845172775119,0.02416250018164455,0.033472607856793644,0.03273812255450888,True,True,True
2021-10-20,2021-07-01,0.0269341751022882,0.007157650334483786,0.002159577553801895,0.003447925891022197,0.019776524767804414,0.024774597548486304,0.023486249211266002,True,True,True
2021-10-21,2021-07-01,-0.0573193136612958,0.006208669372796127,0.0023074087485376355,0.0035730597908675017,0.06352798303409193,0.05962672240983344,0.0608923734521633,False,False,False
2021-10-22,2021-07-01,-0.0243996472642762,-0.0007888054370342552,0.003582585600042442,0.003645779409280181,0.023610841827241946,0.027982232864318644,0.028045426673556383,True,False,False
2021-10-23,2021-07-01,0.011555863919028,0.007906256209557743,0.0030689178102009437,0.0037159174463356564,0.0036496077094702577,0.008486946108827057,0.007839946472692344,True,True,True
2021-10-24,2021-07-01,-0.007537937512081,-0.00011913063366124181,0.002478797869199815,0.003787306914989559,0.007418806878419758,0.010016735381280815,0.01132524442707056,True,False,False
2021-10-25,2021-07-01,0.0346128236844363,0.009862005396237607,0.002800812173172985,0.00384742820487101,0.024750818288198695,0.03181201151126332,0.03076539547956529,True,True,True
2021-10-26,2021-07-01,-0.0424498526632005,0.002370890648480547,0.0021736470212540843,0.0039032203170193923,0.044820743311681045,0.04462349968445458,0.04635307298021989,False,False,False
2021-10-27,2021-07-01,-0.0311677937629597,-0.0009554297583809911,0.0033260204680113964,0.003915713409075755,0.03021236400457871,0.0344938142309711,0.035083507172035455,True,False,False
2021-10-28,2021-07-01,0.0365879390369336,0.0041861831360898395,0.003176037695597798,0.003909244591088518,0.032401755900843765,0.0334119013413358,0.032678694445845084,True,True,True
2021-10-29,2021-07-01,0.026489137663525,0.0012240730720787223,0.00210954332401331,0.003908519256967048,0.025265064591446278,0.02437959433951169,0.022580618406557954,True,True,True
2021-10-30,2021-07-01,-0.0054498457944356,0.0048508948689659935,0.002282232600402949,0.003907802597735949,0.010300740663401593,0.007732078394838549,0.009357648392171548,False,False,False
2021-10-31,2021-07-01,-0.0092080425707864,0.004067626963904844,0.0028045846581900647,0.0039012112757828587,0.013275669534691245,0.012012627228976464,0.013109253846569259,False,False,False
2021-11-01,2021-07-01,-0.0051297477399965,0.0008133025729053392,0.0028382670317981633,0.0038701555339567,0.00594305031290184,0.007968014771794664,0.0089999032739532,False,False,False
2021-11-02,2021-07-01,0.0364235344680532,0.0033240845358530986,0.002764462733790988,0.0038536785811611515,0.033099449932200105,0.03365907173426221,0.03256985588689205,True,True,True
2021-11-03,2021-07-01,-0.0040545635881074,0.003866531475234929,0.0021427289409768546,0.0038317481407758296,0.00792109506334233,0.006197292529084255,0.00788631172888323,False,False,False
2021-11-04,2021-07-01,-0.0241037839667321,0.0055850986127439625,0.002761030634689171,0.0038178265659288783,0.029688882579476064,0.02686481460142127,0.027921610532660977,False,False,False
2021-11-05,2021-07-01,-0.0053139598841096,0.0006405911377233772,0.003075969762010057,0.003765690889269725,0.005954551021832977,0.008389929646119657,0.009079650773379324,False,False,False
2021-11-06,2021-07-01,0.0065734191461201,0.0013289966493061486,0.0027628763041191327,0.003716931201722367,0.005244422496813951,0.0038105428420009673,0.002856487944397733,True,True,True
2021-11-07,2021-07-01,0.0292472208969125,0.0009394091649931177,0.002579032981720598,0.0036630657764987673,0.02830781173191938,0.0266681879151919,0.025584155120413732,True,True,True
2021-11-08,2021-07-01,0.0669515471811146,0.0044466910208625435,0.002253809435065009,0.003617748679107611,0.06250485616025206,0.06469773774604959,0.06333379850200699,True,True,True
2021-11-09,2021-07-01,-0.0088060963717171,-0.003162670803823036,0.0016876133891632898,0.003570022414474822,0.005643425567894063,0.010493709760880389,0.01237611878619192,True,False,False
2021-11-10,2021-07-01,-0.0295138674213993,-0.0007110619903370717,0.002853481029902933,0.003490371325508109,0.02880280543106223,0.032367348451302236,0.03300423874690741,True,False,False
2021-11-11,2021-07-01,-0.0006965054346836,0.00459683032660973,0.0031791217862889077,0.003425955187287921,0.00529333576129333,0.0038756272209725076,0.004122460621971521,False,False,False
2021-11-12,2021-07-01,-0.0122250963632459,0.004563308054389257,0.0026953567204716393,0.0033845979371918467,0.016788404417635155,0.01492045308371754,0.015609694300437746,False,False,False
2021-11-13,2021-07-01,0.004887870563917,0.0032972242714461187,0.0028663467302919837,0.003339370265356086,0.001590646292470881,0.002021523833625016,0.0015485002985609138,True,True,True
2021-11-14,2021-07-01,0.0154695177875643,0.004754611790060486,0.00262233793359973,0.003292727523532407,0.010714905997503814,0.012847179853964571,0.012176790264031893,True,True,True
2021-11-15,2021-07-01,-0.0291593233239323,-0.002634050708345467,0.002446096971283919,0.003234338210388079,0.02652527261558683,0.031605420295216215,0.03239366153432038,True,False,False
2021-11-16,2021-07-01,-0.0534414533015095,0.002076949844026359,0.00313486345668473,0.0031907913788741422,0.055518403145535855,0.05657631675819423,0.05663224468038364,False,False,False
2021-11-17,2021-07-01,0.0034368574194389,0.004583901341626999,0.003504072663040236,0.00314421228932846,0.0011470439221880988,6.721524360133596e-05,0.00029264513011044,True,True,True
2021-11-18,2021-07-01,-0.0567498398980057,0.004793227690785354,0.002612011186497165,0.003078846331744236,0.06154306758879106,0.05936185108450286,0.05982868622974993,False,False,False
2021-11-19,2021-07-01,0.0206778578061734,0.005845384216970045,0.0035193168780353586,0.0029888579242544878,0.014832473589203355,0.017158540928138042,0.017688999881918913,True,True,True
2021-11-20,2021-07-01,0.0271443330869842,0.0012722556955010724,0.0023706474110078563,0.0029145782133841074,0.025872077391483127,0.024773685675976344,0.024229754873600094,True,True,True
2021-11-21,2021-07-01,-0.0161937046613239,-0.0015610613196715955,0.0022431133542370717,0.002865788541686036,0.014632643341652306,0.018436818015560973,0.01905949320300994,True,False,False
2021-11-22,2021-07-01,-0.0415659405964827,0.000681270181684268,0.0029497329741484833,0.002814231017633208,0.04224721077816697,0.04451567357063118,0.04438017161411591,False,False,False
2021-11-23,2021-07-01,0.022735855747423,0.003043615690641172,0.0033336066080941196,0.0027372162592510726,0.01969224005678183,0.01940224913932888,0.01999863948817193,True,True,True
2021-11-24,2021-07-01,-0.0223843870166022,0.003990442432467087,0.0023256971909520084,0.0026709544808577548,0.026374829449069288,0.02471008420755421,0.025055341497459957,False,False,False
2021-11-25,2021-07-01,0.0176660693740031,0.007601992043318128,0.003015610558699777,0.0026179257280458394,0.01006407733068497,0.014650458815303321,0.01504814364595726,True,True,True
2021-11-26,2021-07-01,-0.064686770536555,0.0018413708375560134,0.0024368373384608677,0.002583474305950014,0.06652814137411102,0.06712360787501587,0.06727024484250502,False,False,False
2021-11-27,2021-07-01,0.023246554945143,0.003788281342713179,0.0036541934845515994,0.0025249523646731515,0.019458273602429823,0.0195923614605914,0.02072160258046985,True,True,True
2021-11-28,2021-07-01,0.0443925100444249,-0.0017958558188360995,0.002334676613292732,0.0024590740809059897,0.046188365863261,0.04205783343113217,0.04193343596351891,False,True,False
2021-11-29,2021-07-01,0.009748898117819,-0.001089397590785083,0.0019885571957078095,0.002375574540884906,0.010838295708604083,0.0077603409221111905,0.007373323576934094,False,True,False
2021-11-30,2021-07-01,-0.0138589899868777,0.0008031017027635228,0.002567188961399539,0.0022985680505598497,0.014662091689641223,0.016426178948277238,0.01615755803743755,False,False,True
2021-12-01,2021-07-01,0.0039365085108058,0.0024667574850193437,0.002931049418451434,0.002240603743141842,0.001469751025786456,0.0010054590923543657,0.0016959047676639574,True,True,False
2021-12-02,2021-07-01,-0.0131402057875741,-0.0024813896111778684,0.0026280840201171923,0.0021798269335445144,0.010658816176396232,0.015768289807691294,0.015320032721118614,True,False,True
2021-12-03,2021-07-01,-0.0509858648179134,0.00615170511893364,0.002891430796237675,0.0021254409783893593,0.057137569936847044,0.053877295614151076,0.053111305796302764,False,False,True
2021-12-04,2021-07-01,-0.0820463968365335,0.0036677064668694903,0.0034682173938155843,0.0020552320929267615,0.085714103303403,0.08551461423034909,0.08410162892946027,False,False,True
2021-12-05,2021-07-01,0.003417522933012,-0.0001306256528795938,0.003913328630343802,0.001969063907808459,0.0035481485858915936,0.0004958056973318023,0.0014484590252035407,False,True,False
2021-12-06,2021-07-01,0.0245858957900213,-0.005417931161614032,0.0025885140315589734,0.0018953203244870824,0.03000382695163533,0.021997381758462324,0.022690575465534216,False,True,False
2021-12-07,2021-07-01,0.0023221597831271,-0.00026656859305236764,0.002269794705789368,0.001854159037118803,0.0025887283761794676,5.23650773377321e-05,0.0004680007460082969,False,True,False
2021-12-08,2021-07-01,-0.0038518487471744,0.004315757259125455,0.0026603547347171064,0.0018130154182007963,0.008167606006299856,0.006512203481891507,0.0056648641653751965,False,False,True
2021-12-09,2021-07-01,-0.0560872621319695,0.004881505745640696,0.0027561630265982187,0.0018028799839593737,0.06096876787761019,0.05884342515856771,0.05789014211592887,False,False,True
2021-12-10,2021-07-01,-0.0089951190845213,0.0008542417106192262,0.003532154995916619,0.0017749223332407295,0.009849360795140528,0.01252727408043792,0.01077004141776203,False,False,True
2021-12-11,2021-07-01,0.0448572160440061,0.0027752038381254956,0.0028204284097324388,0.0017217504406802308,0.042082012205880606,0.04203678763427367,0.04313546560332587,True,True,False
2021-12-12,2021-07-01,0.0149066195703628,0.002764929598270311,0.0019819839370178597,0.0016815970535838777,0.012141689972092489,0.01292463563334494,0.013225022516778921,True,True,False
2021-12-13,2021-07-01,-0.0670851717099511,-0.0008287293914290457,0.002469704008002551,0.0016656042181265574,0.06625644231852205,0.06955487571795364,0.06875077592807766,True,False,True
2021-12-14,2021-07-01,-0.0026712534564946,-0.0005328246737507794,0.003731584553477156,0.0016216126036900575,0.0021384287827438207,0.006402838009971756,0.004292866060184658,True,False,True
2021-12-15,2021-07-01,0.049001519672527,0.001538971719858592,0.0027210509775525867,0.001592576289492267,0.04746254795266841,0.046280468694974417,0.04740894338303473,True,True,False
2021-12-16,2021-07-01,-0.0251815828978184,0.003717629224044334,0.001913251120705478,0.0015593265003569223,0.028899212121862736,0.02709483401852388,0.026740909398175323,False,False,True
2021-12-17,2021-07-01,-0.0306990072157418,0.010853052248223121,0.003088834724306993,0.0015434594228650512,0.041552059463964924,0.033787841940048795,0.03224246663860685,False,False,True
2021-12-18,2021-07-01,0.0139957315631233,0.001986043798234637,0.003179196568253627,0.0015162471004213029,0.012009687764888664,0.010816534994869674,0.012479484462701997,True,True,False
2021-12-19,2021-07-01,-0.0030259427628138,-0.0062185113237507965,0.0024482880865338403,0.0014772591590745188,0.0031925685609369963,0.005474230849347641,0.004503201921888319,True,False,True
2021-12-20,2021-07-01,0.0037095437683511,-0.00019406481941484357,0.00272561114286114,0.0014316866565343075,0.0039036085877659434,0.0009839326254899596,0.0022778571118167923,False,True,False
2021-12-21,2021-07-01,0.0438635616940126,0.00258558413667976,0.0026506202562781122,0.0013913547313543584,0.04127797755733284,0.04121294143773449,0.04247220696265824,True,True,False
2021-12-22,2021-07-01,-0.0062959314476722,-0.0032805123710770434,0.0020228444619669233,0.001358693690340861,0.0030154190765951565,0.008318775909639123,0.007654625138013061,True,False,True
2021-12-23,2021-07-01,0.0443366919436007,-0.0033704451380431677,0.002794804391352141,0.0013365290401275575,0.04770713708164387,0.04154188755224856,0.043000162903473145,False,True,False
2021-12-24,2021-07-01,0.0007414904357732,0.0033451396494687292,0.0020512249884760874,0.001348337849526536,0.002603649213695529,0.0013097345527028873,0.0006068474137533359,True,True,False
2021-12-25,2021-07-01,-0.007719775485643,0.01076863453770173,0.002687029271386582,0.0013920954141021312,0.01848841002334473,0.010406804757029582,0.00911187089974513,False,False,True
2021-12-26,2021-07-01,0.0075284019171428,0.0028211417798025638,0.0028404212647490587,0.001431776507774639,0.004707260137340236,0.004687980652393741,0.0060966254093681605,True,True,False
2021-12-27,2021-07-01,-0.0033280706216139,0.0005085317780551019,0.002581961392458989,0.0014649503349487827,0.0038366023996690016,0.0059100320140728895,0.004793020956562683,False,False,True
2021-12-28,2021-07-01,-0.0602594256209162,0.00018223576239182002,0.0027398660178053888,0.0015018338174158903,0.06044166138330802,0.06299929163872159,0.06176125943833209,False,False,True
2021-12-29,2021-07-01,-0.0240422788062495,0.0038547930689002263,0.003612469538542041,0.0015370512229245276,0.027897071875149726,0.027654748344791542,0.02557933002917403,False,False,True
2021-12-30,2021-07-01,0.0157911212643124,0.0010883025411033025,0.003039324063420167,0.0015886659607246432,0.014702818723209098,0.012751797200892232,0.014202455303587757,True,True,False
2021-12-31,2021-07-01,-0.0184763529177982,0.003477927667898454,0.0024109251831610536,0.001642583563997302,0.021954280585696654,0.020887278100959254,0.020118936481795503,False,False,True
2022-01-01,2022-01-01,0.0298093964713672,0.004340310679942852,0.003126692669743334,0.0015065696401809561,0.02546908579142435,0.026682703801623867,0.028302826831186245,True,True,False
2022-01-02,2022-01-01,-0.0071632749620244,0.0014750036136283505,0.0019773988472029814,0.0015407874438759562,0.00863827857565275,0.009140673809227381,0.008704062405900357,False,False,True
2022-01-03,2022-01-01,-0.0187368774698079,0.0015629134420985851,0.002866663768357882,0.0016066725672595188,0.020299790911906486,0.021603541238165783,0.02034355003706742,False,False,True
2022-01-04,2022-01-01,-0.0120655550135126,0.00242257063420775,0.0031274247916103976,0.0016728239630127433,0.014488125647720349,0.015192979805122997,0.013738378976525342,False,False,True
2022-01-05,2022-01-01,-0.0507340606150975,0.002926745896220227,0.002963264906673801,0.0017074068260810023,0.05366080651131772,0.0536973255217713,0.0524414674411785,False,False,True
2022-01-06,2022-01-01,-0.0093661590158929,0.004022800183066034,0.003876133084447852,0.00172782644693313,0.013388959198958935,0.013242292100340752,0.01109398546282603,False,False,True
2022-01-07,2022-01-01,-0.0371407046918699,0.005267299260505049,0.0028855339133819135,0.00176116981183453,0.04240800395237495,0.04002623860525181,0.03890187450370443,False,False,True
2022-01-08,2022-01-01,0.0042359949028196,-0.0008283706022487679,0.0035544843393156152,0.0017658858878313228,0.0050643655050683686,0.000681510563503985,0.0024701090149882774,False,True,False
2022-01-09,2022-01-01,0.0042569704720818,0.0026366218460849838,0.0025703003704075976,0.0017775757973816089,0.0016203486259968166,0.0016866701016742028,0.0024793946747001918,True,True,False
2022-01-10,2022-01-01,-0.0021554853640055,0.0030309055018361776,0.0025854416751163243,0.0017947496923996302,0.005186390865841678,0.0047409270391218245,0.00395023505640513,False,False,True
2022-01-11,2022-01-01,0.0218691094532414,0.0027784928492967115,0.002739199858608346,0.0017871244282675492,0.01909061660394469,0.019129909594633055,0.020081985024973853,True,True,False
2022-01-12,2022-01-01,0.0283894186846727,0.0035061260290271687,0.002170843271534162,0.0017790111170537513,0.024883292655645532,0.026218575413138538,0.026610407567618947,True,True,False
2022-01-13,2022-01-01,-0.0308887144841734,-0.003415227982281194,0.0020266593187486534,0.001761424570211595,0.027473486501892207,0.03291537380292205,0.032650139054385,True,False,True
2022-01-14,2022-01-01,0.0119302693589786,0.0035381059672259774,0.003428346154807979,0.0017295621493380255,0.008392163391752623,0.008501923204170621,0.010200707209640576,True,True,False
2022-01-15,2022-01-01,0.0018027786773091,-0.0008151931804955587,0.0023950537858930085,0.001708523194200974,0.0026179718578046587,0.0005922751085839085,9.425548310812589e-05,False,True,False
2022-01-16,2022-01-01,-0.0014711291913973,0.0003880168256469121,0.0026474449903043326,0.001669489677897311,0.001859146017044212,0.004118574181701633,0.0031406188692946107,False,False,True
2022-01-17,2022-01-01,-0.0200243667909649,-0.0005314883331262931,0.002723021267059171,0.0016362690086993087,0.019492878457838606,0.022747388058024072,0.021660635799664207,True,False,True
2022-01-18,2022-01-01,0.0029604828561313,0.005859015584677373,0.00315850731526711,0.0016384635967903226,0.002898532728546073,0.00019802445913580987,0.0013220192593409773,True,True,False
2022-01-19,2022-01-01,-0.0148978232441587,0.0017188818327167827,0.0026085105822323254,0.0016557963836008832,0.01661670507687548,0.017506333826391024,0.016553619627759582,False,False,True
2022-01-20,2022-01-01,-0.025486340397292,0.00318357976211328,0.0030378610161176,0.0016581659539491346,0.028669920159405282,0.0285242014134096,0.027144506351241136,False,False,True
2022-01-21,2022-01-01,-0.1038116561571248,0.003848439702866263,0.003281372892226389,0.0016636257573846812,0.10766009585999106,0.1070930290493512,0.10547528191450949,False,False,True
2022-01-22,2022-01-01,-0.0391434846807691,0.0024361888055634486,0.005121850975381195,0.0016225299550431446,0.04157967348633255,0.0442653356561503,0.040766014635812246,False,False,True
2022-01-23,2022-01-01,0.035585092527173,-0.002222675507159068,0.003564038166647336,0.0015630742507165242,0.037807768034332064,0.032021054360525665,0.03402201827645648,False,True,False
2022-01-24,2022-01-01,0.010406744495611,-0.0048238673279714685,0.0018241850265192118,0.0015034848190510575,0.015230611823582468,0.008582559469091788,0.008903259676559942,False,True,False
2022-01-25,2022-01-01,0.0081757270308715,-5.134411103158024e-05,0.002452607883549483,0.0014527171629336675,0.00822707114190308,0.005723119147322018,0.006723009867937833,False,True,False
2022-01-26,2022-01-01,-0.0027570168785626,0.0034829475216190046,0.002500443903597517,0.0014341616947651774,0.006239964400181605,0.0052574607821601164,0.004191178573327778,False,False,True
2022-01-27,2022-01-01,0.0077638212607122,-0.0012111205374024819,0.0027558254469024846,0.0014196788635682943,0.008974941798114682,0.005007995813809715,0.006344142397143905,False,True,False
2022-01-28,2022-01-01,0.017397102127314,0.006857035467548702,0.002503410155098049,0.0014242628126668118,0.010540066659765299,0.01489369197221595,0.01597283931464719,True,True,False
2022-01-29,2022-01-01,0.0093649308384582,0.008466417050897084,0.002280222156721825,0.0014200240901414672,0.0008985137875611154,0.007084708681736374,0.007944906748316731,True,True,False
2022-01-30,2022-01-01,-0.0057836563466686,0.0026102279220662694,0.0024740092924031647,0.0014145434928881924,0.008393884268734868,0.008257665639071765,0.007198199839556793,False,False,True
2022-01-31,2022-01-01,0.0149145361045013,-0.0015935054566075676,0.002828416127108235,0.0014171380414152637,0.01650804156110887,0.012086119977393065,0.013497398063086037,False,True,False
2022-02-01,2022-01-01,0.0067600652883568,-0.002789848534218406,0.002333758260534746,0.0014164716997947715,0.009549913822575206,0.0044263070278220545,0.005343593588562029,False,True,False
2022-02-02,2022-01-01,-0.0462090294303103,0.0026759986431033897,0.002533527724328295,0.0013898557847642835,0.04888502807341369,0.04874255715463859,0.047598885215074584,False,False,True
2022-02-03,2022-01-01,0.0054560461329451,0.007054196927159868,0.0037798924304323495,0.001364946857440955,0.0015981507942147682,0.0016761537025127508,0.0040910992755041455,True,True,False
2022-02-04,2022-01-01,0.116978066100073,0.0018271570490522655,0.002539635745773713,0.0013449042846325277,0.11515090905102073,0.11443843035429928,0.11563316181544046,True,True,False
2022-02-05,2022-01-01,-0.0014387874352046,-0.001945103769798244,-7.110378606799009e-05,0.0013510857391441369,0.000506316334593644,0.0013676836491366099,0.002789873174348737,True,True,True
2022-02-06,2022-01-01,0.0234373129525311,0.0018290954705090388,0.002769682300474713,0.0013514817857081941,0.021608217482022064,0.020667630652056387,0.022085831166822906,True,True,False
2022-02-07,2022-01-01,0.0336658720453715,0.001686165907245602,0.0021422699322832346,0.0013719364033476795,0.031979706138125896,0.031523602113088266,0.03229393564202382,True,True,False
2022-02-08,2022-01-01,0.0063448528050995,-0.003305161277363657,0.0019039707270734176,0.0014010962321726254,0.009650014082463156,0.004440882078026082,0.004943756572926875,False,True,False
2022-02-09,2022-01-01,0.0049945450466173,0.0012824767248615365,0.002553329145069582,0.0014405344034289108,0.0037120683217557633,0.002441215901547718,0.003554010643188389,True,True,False
2022-02-10,2022-01-01,-0.0174493592131327,0.005986497200895416,0.002574983921640018,0.0015029681589949985,0.023435856414028115,0.020024343134772717,0.018952327372127698,False,False,True
2022-02-11,2022-01-01,-0.0265619826070333,0.006933704248993816,0.0031009290456850964,0.0016082349950946734,0.033495686856027114,0.029662911652718397,0.028170217602127973,False,False,True
2022-02-12,2022-01-01,-0.0038546734323026,0.003464844771741418,0.0033061594639311465,0.0017317750052355042,0.007319518204044018,0.007160832896233746,0.005586448437538104,False,False,True
2022-02-13,2022-01-01,-0.0011114620775056,0.0029194048134199013,0.0027655674120717682,0.0018404866263976533,0.004030866890925501,0.003877029489577368,0.002951948703903253,False,False,True
2022-02-14,2022-01-01,0.0092280869615768,0.007570149473125988,0.0027094342623209347,0.0019434629864989602,0.0016579374884508127,0.0065186526992558665,0.00728462397507784,True,True,False
2022-02-15,2022-01-01,0.0466876977974548,0.0026441818464777852,0.002468385293715123,0.002048274928572155,0.04404351595097701,0.04421931250373967,0.044639422868882644,True,True,False
2022-02-16,2022-01-01,-0.0137597522164965,-0.0020519266652508418,0.0015901268015600211,0.00216885746047353,0.011707825551245658,0.01534987901805652,0.01592860967697003,True,False,True
2022-02-17,2022-01-01,-0.0778822302997733,0.0031750913291583483,0.003031215743198652,0.0022677628585775433,0.08105732162893164,0.08091344604297195,0.08014999315835085,False,False,True
2022-02-18,2022-01-01,-0.0125076473845776,0.007442146280668716,0.0045201451394415925,0.0023289832465973456,0.019949793665246317,0.017027792524019193,0.014836630631174946,False,False,True
2022-02-19,2022-01-01,0.0022777282826873,0.0049537271562317105,0.0029486174035108195,0.0023861482595910677,0.0026759988735444106,0.0006708891208235196,0.00010841997690376774,True,True,False
2022-02-20,2022-01-01,-0.0421407397253231,0.0019170510143390659,0.0026223975965278747,0.002442795214163712,0.044057790739662164,0.04476313732185097,0.04458353493948681,False,False,False
2022-02-21,2022-01-01,-0.0352862086879078,0.004184697314799158,0.0036795957435373115,0.002487440319601114,0.03947090600270696,0.03896580443144511,0.037773649007508917,False,False,False
2022-02-22,2022-01-01,0.0326564237122273,-8.661631794125305e-05,0.003500737594835995,0.0025177590800861413,0.032743040030168556,0.029155686117391305,0.03013866463214116,False,True,True
2022-02-23,2022-01-01,-0.0258438156136229,0.0020931238114201382,0.0018991078857201558,0.0025747604536674054,0.02793693942504304,0.027742923499343056,0.028418576067290306,False,False,False
2022-02-24,2022-01-01,0.0277784003681638,0.009552137847400423,0.003306717621450359,0.0026197030838671937,0.018226262520763377,0.024471682746713443,0.025158697284296608,True,True,True
2022-02-25,2022-01-01,0.0229989397897596,0.003927562246316638,0.0020233955353741043,0.0026070243754368794,0.019071377543442965,0.020975544254385498,0.020391915414322722,True,True,True
2022-02-26,2022-01-01,-0.0027813970538428,0.0016094023435713606,0.0021546324042641717,0.0025994187452838594,0.0043907993974141605,0.004936029458106972,0.0053808157991266595,False,False,False
2022-02-27,2022-01-01,-0.0356823420189836,-0.0042975225300462706,0.002763706562739652,0.002570830161016846,0.03138481948893733,0.03844604858172325,0.03825317218000045,True,False,False
2022-02-28,2022-01-01,0.1454118392886461,0.0023718185838647833,0.0035287412940681706,0.002515024525489248,0.1430400207047813,0.14188309799457793,0.14289681476315685,True,True,True
2022-03-01,2022-01-01,0.026888524570001,-0.003934275885813535,-0.0007552260460875482,0.0024970932985833422,0.030822800455814536,0.02764375061608855,0.02439143127141766,False,False,True
2022-03-02,2022-01-01,-0.0097063027250092,0.0023176023765538304,0.0021114637662963645,0.002484590447151493,0.01202390510156303,0.011817766491305564,0.012190893172160693,False,False,False
2022-03-03,2022-01-01,-0.0335198114219356,0.004391990755792772,0.0029370347814226825,0.002483093901359647,0.037911802177728375,0.03645684620335828,0.036002905323295246,False,False,False
2022-03-04,2022-01-01,-0.0780693503604916,0.006827718352201686,0.0034760030452468797,0.0024911342267265385,0.08489706871269329,0.08154535340573849,0.08056048458721814,False,False,False
2022-03-05,2022-01-01,0.0067193806468304,0.002125505627439659,0.004512498622585273,0.0024698726897129813,0.004593875019390741,0.002206882024245127,0.004249507957117418,True,True,True
2022-03-06,2022-01-01,-0.0248879944083952,0.008857425483424452,0.002494170349888778,0.0024536231622277324,0.03374541989181965,0.027382164758283978,0.027341617570622933,False,False,False
2022-03-07,2022-01-01,-0.0093166438852826,0.0007640597590532542,0.0032703641403819886,0.0024255278268718755,0.010080703644335854,0.012587008025664589,0.011742171712154475,False,False,False
2022-03-08,2022-01-01,0.0177402599908331,-0.007296347581227448,0.002895671283241898,0.002369428200825826,0.025036607572060547,0.014844588707591203,0.015370831790007275,False,True,False
2022-03-09,2022-01-01,0.083786397164149,-0.009761461866294568,0.0022628436855930295,0.0023215384970372,0.09354785903044356,0.08152355347855597,0.0814648586671118,False,True,False
2022-03-10,2022-01-01,-0.0606309540457713,0.002130479946466243,0.0007183859855676182,0.00234160054175976,0.06276143399223753,0.06134934003133891,0.06297255458753105,False,False,True
2022-03-11,2022-01-01,-0.0162913196229393,0.013433773586269956,0.0041521084072622255,0.002345674397580712,0.029725093209209255,0.020443428030201525,0.018636994020520013,False,False,True
2022-03-12,2022-01-01,0.0028106492938184,0.0026078763809801084,0.00305158364708699,0.002338436058484327,0.00020277291283829144,0.0002409343532685901,0.00047221323533407295,True,True,False
2022-03-13,2022-01-01,-0.0271012579338149,0.0037200349997264957,0.002610267332278589,0.0023321529575484694,0.030821292933541397,0.02971152526609349,0.02943341089136337,False,False,True
2022-03-14,2022-01-01,0.0480080837903738,0.0033567795366447953,0.0033252962942085266,0.0023278094005054254,0.044651304253729006,0.04468278749616528,0.045680274389868374,True,True,False
2022-03-15,2022-01-01,-0.0082681015637209,0.00303518966688538,0.001544403701075469,0.0023282252401208613,0.01130329123060628,0.009812505264796368,0.01059632680384176,False,False,True
2022-03-16,2022-01-01,0.045887144813449,-0.003209777412784104,0.00289949614469937,0.0023404016040343358,0.0490969222262331,0.04298764866874963,0.043546743209414665,False,True,False
2022-03-17,2022-01-01,-0.0046799317107646,0.0033709977472900195,0.0016050801473717557,0.0023546539209493033,0.00805092945805462,0.0062850118581363554,0.007034585631713903,False,False,True
2022-03-18,2022-01-01,0.0207508847429873,0.007241040943198041,0.002816178264499809,0.0023559391735864174,0.01350984379978926,0.01793470647848749,0.018394945569400883,True,True,False
2022-03-19,2022-01-01,0.0093178306222092,0.008035149173378274,0.002199061761942384,0.002366327478672475,0.0012826814488309263,0.007118768860266815,0.006951503143536725,True,True,False
2022-03-20,2022-01-01,-0.022346848712323,0.009952900441126341,0.002476240508390893,0.002400032949952584,0.03229974915344934,0.024823089220713895,0.024746881662275587,False,False,False
2022-03-21,2022-01-01,-0.0041172626245532,-0.0063722038991754215,0.003218901599629422,0.0023605967424533076,0.0022549412746222216,0.007336164224182622,0.0064778593670065075,True,False,True
2022-03-22,2022-01-01,0.0311800141632243,0.0018999399334728186,0.0027756425585725494,0.002304603228146885,0.02928007422975148,0.02840437160465175,0.028875410935077415,True,True,False
2022-03-23,2022-01-01,0.0126100911530078,-0.008777559355118222,0.0019487491396159413,0.002266389626053523,0.02138765050812602,0.010661342013391858,0.010343701526954276,False,True,False
2022-03-24,2022-01-01,0.024898646221148,0.0032854974254262577,0.002402310042002024,0.0022516614124176064,0.02161314879572174,0.022496336179145975,0.022646984808730394,True,True,False
2022-03-25,2022-01-01,0.0088213976205258,0.0031088051574961863,0.0021075019420509927,0.0022768863654380887,0.0057125924630296145,0.0067138956784748086,0.0065445112550877125,True,True,False
2022-03-26,2022-01-01,0.003429583093865,0.007392567642021734,0.002490445257574601,0.0023025615690010093,0.003962984548156734,0.000939137836290399,0.0011270215248639906,True,True,False
2022-03-27,2022-01-01,0.0521263122561272,0.007713044910186562,0.0026116842091086757,0.002362187664945879,0.04441326734594064,0.04951462804701852,0.04976412459118132,True,True,False
2022-03-28,2022-01-01,0.0065678873583499,0.005825489913142774,0.0014608099309381378,0.0024425872166150527,0.000742397445207126,0.005107077427411762,0.004125300141734847,True,True,True
2022-03-29,2022-01-01,0.007166154611,0.00124247406169601,0.002554258936957541,0.0025213703384671486,0.00592368054930399,0.0046118956740424585,0.004644784272532851,True,True,True
2022-03-30,2022-01-01,-0.0084917350321905,-0.006454495041546099,0.0025245981466580506,0.0025699724434654113,0.0020372399906444013,0.01101633317884855,0.011061707475655911,True,False,False
2022-03-31,2022-01-01,-0.0323821082297023,0.0031285435137845467,0.0028909749342731876,0.002647679769834306,0.035510651743486846,0.03527308316397548,0.035029787999536606,False,False,False
2022-04-01,2022-01-01,0.0163151153882676,0.0038902632717480925,0.003447205948566102,0.0027232272954511626,0.012424852116519508,0.012867909439701498,0.013591888092816438,True,True,True
2022-04-02,2022-01-01,-0.0089170407983524,0.009830537466126173,0.0022885404352798824,0.00279871817835364,0.018747578264478572,0.011205581233632281,0.011715758976706039,False,False,False
2022-04-03,2022-01-01,0.0127453799892374,0.004907682572100639,0.002901460696286709,0.0028779815867494133,0.00783769741713676,0.009843919292950691,0.009867398402487987,True,True,True
2022-04-04,2022-01-01,0.0036403959498199,0.004064372209144959,0.0023836404703160598,0.002938359854185067,0.0004239762593250592,0.0012567554795038403,0.000702036095634833,True,True,True
2022-04-05,2022-01-01,-0.0228790728090081,0.003259809844637557,0.002605806430981492,0.0030033590186416175,0.026138882653645657,0.025484879239989593,0.025882431827649717,False,False,False
2022-04-06,2022-01-01,-0.0515684939224001,-0.0003129159126653582,0.0032283558579576043,0.0030411236056478975,0.051255578009734744,0.054796849780357704,0.054609617528048,True,False,False
2022-04-07,2022-01-01,0.0068764592473051,0.004952565929707614,0.003893190829603179,0.0030751543584987243,0.001923893317597486,0.0029832684177019207,0.0038013048888063754,True,True,True
2022-04-08,2022-01-01,-0.0279557707943397,0.0013602935497973377,0.002501657734390492,0.00309792109100308,0.029316064344137038,0.030457428528730193,0.03105369188534278,False,False,False
2022-04-09,2022-01-01,0.0116930709513578,0.0033477655500483653,0.003344794610245288,0.0030901052735522656,0.008345305401309434,0.008348276341112511,0.008602965677805535,True,True,True
2022-04-10,2022-01-01,-0.0134276800508243,0.0014928107353811254,0.002399602569505465,0.0030943773022486273,0.014920490786205425,0.015827282620329765,0.016522057353072928,False,False,False
2022-04-11,2022-01-01,-0.0636322595381245,0.004766691808361912,0.003006096659927265,0.0030972088352515365,0.06839895134648641,0.06663835619805177,0.06672946837337604,False,False,False
2022-04-12,2022-01-01,0.0153150838928612,0.001970540833587839,0.004181369945279491,0.003057732165810315,0.013344543059273361,0.01113371394758171,0.012257351727050884,True,True,True
2022-04-13,2022-01-01,0.0259063004651518,0.0059455744115221466,0.0022985391438384117,0.0030091980289991107,0.019960726053629654,0.023607761321313387,0.02289710243615269,True,True,True
2022-04-14,2022-01-01,-0.0299080065317459,0.00033801176123028414,0.002077929863437961,0.002961328492407387,0.030246018292976184,0.031985936395183864,0.03286933502415329,False,False,False
2022-04-15,2022-01-01,0.0154736757264544,0.004395682870107907,0.003403153420664113,0.002895534834153205,0.011077992856346492,0.012070522305790286,0.012578140892301195,True,True,True
2022-04-16,2022-01-01,-0.0031805042860567,-0.0011387747958625859,0.0023115124389782855,0.002837518913346484,0.002041729490194114,0.005492016725034986,0.006018023199403184,True,False,False
2022-04-17,2022-01-01,-0.0175025423561756,-0.002802886510487946,0.002766144221571582,0.002755523141824689,0.014699655845687653,0.02026868657774718,0.02025806549800029,True,False,False
2022-04-18,2022-01-01,0.0279291746086074,0.0050594116069901385,0.003099064640555479,0.002664489287892667,0.022869763001617263,0.024830109968051923,0.025264685320714735,True,True,True
2022-04-19,2022-01-01,0.0165710967533785,0.0014719991690211997,0.0020213134215387794,0.0025705599205753694,0.0150990975843573,0.014549783331839719,0.01400053683280313,True,True,True
2022-04-20,2022-01-01,-0.003093074404708,6.608328754801078e-05,0.002306574306843904,0.00251273911842508,0.003159157692256011,0.005399648711551904,0.00560581352313308,False,False,False
2022-04-21,2022-01-01,-0.0204719840488541,0.001233779544364764,0.002768606532334862,0.0024775848947082976,0.021705763593218862,0.023240590581188963,0.0229495689435624,False,False,False
2022-04-22,2022-01-01,-0.0194200388337162,0.002450423262485953,0.003169476237948907,0.0024253958718204074,0.021870462096202154,0.02258951507166511,0.02184543470553661,False,False,False
2022-04-23,2022-01-01,-0.0063811726165236,0.004272430956282566,0.0031359438013257566,0.002365313839865901,0.010653603572806165,0.009517116417849357,0.0087464864563895,False,False,True
2022-04-24,2022-01-01,-0.0004416040475622,0.0010137411338564952,0.002827838141195239,0.0022806201544067306,0.0014553451814186952,0.0032694421887574394,0.002722224201968931,False,False,True
2022-04-25,2022-01-01,0.0250578500553089,-0.002081466836519237,0.0026931010116267333,0.0021950421672289476,0.027139316891828136,0.022364749043682165,0.022862807888079952,False,True,False
2022-04-26,2022-01-01,-0.0578582678716236,-0.001249387593341407,0.0020954163801184603,0.0021248287789022604,0.05660888027828219,0.05995368425174206,0.059983096650525855,True,False,True
2022-04-27,2022-01-01,0.029478882606909,0.002431582304628449,0.004060751203412031,0.0020639782016997382,0.02704730030228055,0.02541813140349697,0.027414904405209262,True,True,False
2022-04-28,2022-01-01,0.013575224570606,0.00026349244654674244,0.001969663585069597,0.0020109170062913868,0.013311732124059257,0.011605560985536403,0.011564307564314613,True,True,False
2022-04-29,2022-01-01,-0.0292655738992938,0.00600091780330903,0.0023753243025467223,0.001991092658906031,0.03526649170260283,0.031640898201840524,0.03125666655819983,False,False,True
2022-04-30,2022-01-01,-0.0231793134741956,0.002415747505179917,0.0033839348744815435,0.0019451455130680868,0.025595060979375518,0.026563248348677144,0.025124458987263686,False,False,True
2022-05-01,2022-01-01,0.0199979119644437,0.001804538149505702,0.0032222187598650084,0.0018964851400656755,0.018193373814937998,0.01677569320457869,0.018101426824378024,True,True,False
2022-05-02,2022-01-01,0.0015657861708791,-0.0009780729475111051,0.002203674620307022,0.0018858989510186271,0.002543859118390205,0.000637888449427922,0.0003201127801395272,False,True,False
2022-05-03,2022-01-01,-0.0202151202188917,0.004159341893931006,0.0026565966233974814,0.001863765483143953,0.024374462112822706,0.02287171684228918,0.02207888570203565,False,False,True
2022-05-04,2022-01-01,0.0515998566242374,0.003198051102094264,0.003165198141004952,0.001831656279441189,0.04840180552214313,0.048434658483232446,0.04976820034479621,True,True,False
2022-05-05,2022-01-01,-0.0786740206890179,0.0032920969561737404,0.0014624222829678873,0.0018272054553998632,0.08196611764519164,0.08013644297198579,0.08050122614441776,False,False,True
2022-05-06,2022-01-01,-0.0146060614086839,0.0007970852053804378,0.004561158105447609,0.001800251777638213,0.015403146614064337,0.019167219514131507,0.016406313186322113,False,False,True
2022-05-07,2022-01-01,-0.0149543552706363,0.005027628949257091,0.0030019127230363355,0.001769859477880812,0.01998198421989339,0.017956267993672635,0.016724214748517114,False,False,True
2022-05-08,2022-01-01,-0.0406368487649226,0.0043118697924806534,0.003028041767307775,0.0017475959958783657,0.044948718557403254,0.043664890532230376,0.042384444760800964,False,False,True
2022-05-09,2022-01-01,-0.1104636999935314,0.0005425025366286103,0.003636611396814417,0.001702650278304704,0.11100620253016001,0.11410031139034581,0.1121663502718361,False,False,True
2022-05-10,2022-01-01,0.0239612584805093,0.0043247797663891595,0.005272280283546896,0.0016161665288894314,0.019636478714120144,0.018688978196962407,0.02234509195161987,True,True,False
2022-05-11,2022-01-01,-0.0672583917327216,-0.0062846707194436306,0.0020725652551847567,0.0015351847980029161,0.06097372101327798,0.06933095698790637,0.06879357653072453,True,False,True
2022-05-12,2022-01-01,0.0038497067986085,0.0037300745197795934,0.004273742902076942,0.0014531770781999517,0.00011963227882890674,0.0004240361034684422,0.0023965297204085485,True,True,False
2022-05-13,2022-01-01,0.0081022298345081,-8.030445473127023e-05,0.0025686620263300334,0.0013830639607105382,0.00818253428923937,0.0055335678081780675,0.006719165873797562,False,True,False
2022-05-14,2022-01-01,0.0279397335374114,0.0039737301969697564,0.002492589280792106,0.001321772706226166,0.023966003340441647,0.025447144256619297,0.026617960831185235,True,True,False
2022-05-15,2022-01-01,0.0399932571356789,-0.0031984684098900523,0.0020309939487513657,0.0012681426133279012,0.04319172554556896,0.03796226318692754,0.038725114522351,False,True,False
2022-05-16,2022-01-01,-0.0460690015571287,0.00129966665131167,0.0017566698886667025,0.0012117673259575252,0.04736866820844037,0.04782567144579541,0.04728076888308623,False,False,True
2022-05-17,2022-01-01,0.01885078523519,0.00428939416918905,0.0037911519178002962,0.0011828694104738875,0.014561391066000951,0.015059633317389704,0.017667915824716114,True,True,False
2022-05-18,2022-01-01,-0.0560571198980821,0.0012379030455579132,0.0022265662491682244,0.0011451196119040949,0.05729502294364001,0.058283686147250324,0.057202239509986194,False,False,True
2022-05-19,2022-01-01,0.0555030442824064,-0.0007902188413883723,0.00401307751861121,0.0010869373699536476,0.05629326312379477,0.05148996676379519,0.05441610691245275,False,True,False
2022-05-20,2022-01-01,-0.036734890846488,0.0012411721215039083,0.0013564795072571996,0.001054658385894183,0.03797606296799191,0.0380913703537452,0.03778954923238218,False,False,True
2022-05-21,2022-01-01,0.0079274130130611,0.006672239652838566,0.00357206329041628,0.001017056371252146,0.0012551733602225341,0.00435534972264482,0.006910356641808954,True,True,False
2022-05-22,2022-01-01,0.0302897944828226,-0.00513496873593898,0.002487949148030204,0.0009741836984888345,0.035424763218761576,0.027801845334792394,0.029315610784333763,False,True,False
2022-05-23,2022-01-01,-0.0403912314422766,0.0023324100514579443,0.001974194044362351,0.0009357111676101956,0.04272364149373454,0.04236542548663895,0.04132694260988679,False,False,True
2022-05-24,2022-01-01,0.0191304684010797,0.001404167460816432,0.003651565635527354,0.0008988929659718226,0.017726300940263267,0.015478902765552345,0.018231575435107877,True,True,False
2022-05-25,2022-01-01,-0.0031435767133879,0.0036914712340091844,0.0022216256217655827,0.000840561899509413,0.006835047947397085,0.0053652023351534826,0.003984138612897313,False,False,True
2022-05-26,2022-01-01,-0.0099835299174566,-0.005700846194329938,0.0027661491410330497,0.0008184201488620091,0.004282683723126662,0.01274967905848965,0.01080195006631861,True,False,True
2022-05-27,2022-01-01,-0.021855519242508,0.000678946174032676,0.0029219778051111636,0.000789606779070361,0.022534465416540677,0.024777497047619165,0.022645126021578362,False,False,True
2022-05-28,2022-01-01,0.0065435572865377,-0.00048417480863707915,0.0031978200102412467,0.000763329289090378,0.00702773209517478,0.0033457372762964533,0.0057802279974473215,False,True,False
2022-05-29,2022-01-01,0.0219003582198853,-0.0009047701947850232,0.0025226264844648277,0.0007530085487857589,0.022805128414670323,0.01937773173542047,0.02114734967109954,False,True,False
2022-05-30,2022-01-01,0.0774447096873045,0.006766256992083188,0.0021718985276758026,0.0008043850238919877,0.07067845269522131,0.07527281115962871,0.07664032466341252,True,True,False
2022-05-31,2022-01-01,0.0020777630413166,-0.0016562537654976899,0.0008709982079831851,0.0008649538136628688,0.00373401680681429,0.001206764833333415,0.0012128092276537314,False,True,False
2022-06-01,2022-01-01,-0.0626953635789118,0.011128079409915437,0.002671801013185521,0.0009436868150882463,0.07382344298882723,0.06536716459209732,0.06363905039400004,False,False,True
2022-06-02,2022-01-01,0.0224304979003586,0.0009995122763714283,0.004171046742236726,0.0010056644941668666,0.021430985623987174,0.018259451158121873,0.021424833406191734,True,True,False
2022-06-03,2022-01-01,-0.0250462935836958,0.008432247070661068,0.0021329999949227033,0.001076562700916181,0.03347854065435687,0.027179293578618504,0.026122856284611983,False,False,True
2022-06-04,2022-01-01,0.0043267488339528,-0.000362226020349131,0.0032823176172314646,0.0011227998378158844,0.0046889748543019315,0.0010444312167213355,0.003203948996136916,False,True,False
2022-06-05,2022-01-01,0.0024720363126611,0.0027560961546813385,0.0025758192959635827,0.0011562852722338277,0.0002840598420202384,0.00010378298330248259,0.0013157510404272724,True,True,False
2022-06-06,2022-01-01,0.0489526300284133,-0.0018969016874226638,0.002628659286127386,0.0012116080758877489,0.05084953171583597,0.04632397074228592,0.04774102195252555,False,True,False
2022-06-07,2022-01-01,-0.0068596987731873,-0.003475449342153997,0.0015339807123600302,0.0012695585125253803,0.003384249431033303,0.00839367948554733,0.00812925728571268,True,False,True
2022-06-08,2022-01-01,-0.030207305158321,0.010203560938403775,0.0028693165391966077,0.0013575122218140744,0.04041086609672477,0.03307662169751761,0.03156481738013507,False,False,True
2022-06-09,2022-01-01,-0.0033877082693644,0.005479638517426094,0.0033994004522958426,0.0014170886908747553,0.008867346786790494,0.006787108721660242,0.004804796960239156,False,False,True
2022-06-10,2022-01-01,-0.0341456371568045,0.009325628959752462,0.002754117542063995,0.001492695396793261,0.04347126611655696,0.0368997546988685,0.03563833255359776,False,False,True
2022-06-11,2022-01-01,-0.0248589944951643,-0.0027259976073796713,0.0034880874518681323,0.001551094782573174,0.02213299688778463,0.028347081947032435,0.026410089277737477,True,False,True
2022-06-12,2022-01-01,-0.0563510731378267,0.0026102054566224703,0.003258208083440342,0.0015850885222915582,0.058961278594449176,0.059609281221267046,0.05793616166011826,False,False,True
2022-06-13,2022-01-01,-0.159747260276172,1.4894070034585007e-05,0.0040020080952850945,0.0016214717776249928,0.15976215434620658,0.1637492683714571,0.161368732053797,False,False,True
2022-06-14,2022-01-01,-0.0124779140530416,0.0030153195084819543,0.006426114846001178,0.0016073981243855848,0.015493233561523555,0.018904028899042778,0.014085312177427185,False,False,True
2022-06-15,2022-01-01,0.0164835541770984,0.0009755351004903298,0.002909953222176355,0.001597465401009104,0.01550801907660807,0.013573600954922044,0.014886088776089296,True,True,False
2022-06-16,2022-01-01,-0.0970719443496029,0.003187147139464219,0.002281044855884751,0.0015819357960859491,0.10025909148906711,0.09935298920548764,0.09865388014568885,False,False,True
2022-06-17,2022-01-01,0.0044074954445947,0.006582664643388301,0.004979074551930113,0.0015606633207510593,0.0021751691987936016,0.0005715791073354131,0.0028468321238436403,True,True,False
2022-06-18,2022-01-01,-0.0710178097408561,-0.0013147204771525004,0.0025430278504009374,0.0015399255951766137,0.0697030892637036,0.07356083759125703,0.07255773533603271,True,False,True
2022-06-19,2022-01-01,0.0807475952890373,-0.0008188440734341862,0.004355011939570704,0.0014857209334072426,0.08156643936247149,0.0763925833494666,0.07926187435563006,False,True,False
2022-06-20,2022-01-01,0.002251010260589,-0.0031552884551802967,0.0007536754792809564,0.0014027515056724068,0.005406298715769297,0.0014973347813080436,0.0008482587549165932,False,True,False
2022-06-21,2022-01-01,0.0053914098304885,0.0027803403606841462,0.0026624596527189295,0.001321818301767974,0.0026110694698043536,0.0027289501777695703,0.004069591528720526,True,True,False
2022-06-22,2022-01-01,-0.0349371066631987,-0.002541765771958075,0.0025654528088585875,0.0012748761348957208,0.032395340891240625,0.03750255947205729,0.03621198279809442,True,False,True
2022-06-23,2022-01-01,0.0549780380029665,-0.0014843997084472067,0.0035133845814441515,0.0012021201781323026,0.05646243771141371,0.05146465342152235,0.0537759178248342,False,True,False
2022-06-24,2022-01-01,0.0069135989553137,0.0005464135378709187,0.001376786158800046,0.0011657290024226317,0.006367185417442781,0.005536812796513654,0.005747869952891068,True,True,False
2022-06-25,2022-01-01,0.0127489649153018,0.012810540159907461,0.0025448849584582245,0.0011082378988979149,6.157524460566159e-05,0.010204079956843574,0.011640727016403885,True,True,False
2022-06-26,2022-01-01,-0.0220926194707933,0.0009236562866316246,0.002392869171857475,0.0010479922915016837,0.023016275757424924,0.024485488642650776,0.023140611762294986,False,False,True
2022-06-27,2022-01-01,-0.0138779813254257,-0.004896825430363499,0.003213832934641799,0.0009506538233467348,0.0089811558950622,0.0170918142600675,0.014828635148772435,True,False,True
2022-06-28,2022-01-01,-0.0219355318787197,-0.006960495999970633,0.0030056278116526425,0.0008426398619695097,0.014975035878749066,0.02494115969037234,0.022778171740689208,True,False,True
2022-06-29,2022-01-01,-0.0087083727982888,0.005330262999628759,0.0031969120886402545,0.0007210088133316026,0.014038635797917559,0.011905284886929055,0.009429381611620402,False,False,True
2022-06-30,2022-01-01,-0.0158822375029873,-0.0012805797872888396,0.0028817935850729438,0.0006017169796483949,0.014601657715698463,0.018764031088060247,0.016483954482635697,True,False,True
2022-07-01,2022-07-01,-0.0260483445839889,-0.0021180652982413393,0.0017411807146201562,0.0006250057157284428,0.02393027928574756,0.027789525298609057,0.026673350299717343,True,False,True
2022-07-02,2022-07-01,-0.0014069651515379,-0.0035704450913701027,0.001802637915151083,0.0005213908056625961,0.002163479939832203,0.003209603066688983,0.0019283559572004963,True,False,True
2022-07-03,2022-07-01,0.0028489545560892,-0.0009300260446390564,0.0016592244602375433,0.000445366965427164,0.0037789806007282566,0.0011897300958516569,0.002403587590662036,False,True,False
2022-07-04,2022-07-01,0.0484107301310523,0.007627297633046533,0.001628930983578582,0.0004493465099771458,0.04078343249800577,0.04678179914747372,0.04796138362107515,True,True,False
2022-07-05,2022-07-01,-0.0020338071321012,-0.0017604063377996328,0.0013583889979954422,0.00047669257010181983,0.00027340079430156726,0.0033921961300966423,0.00251049970220302,True,False,True
2022-07-06,2022-07-01,0.0177379304287108,0.0036384040725251873,0.0016472224278109306,0.0004891010347952422,0.014099526356185612,0.01609070800089987,0.017248829393915557,True,True,False
2022-07-07,2022-07-01,0.0530138578205141,0.003545137722708244,0.00154057204522414,0.0005492791164046201,0.049468720097805854,0.05147328577528996,0.05246457870410948,True,True,False
2022-07-08,2022-07-01,0.0043225380457274,0.002162077382930826,0.0013285718974227019,0.0006121649613117864,0.002160460662796574,0.002993966148304698,0.0037103730844156137,True,True,False
2022-07-09,2022-07-01,-0.0063922234209801,0.006403112590691237,0.0016085770674958435,0.0007132883359087219,0.012795336011671337,0.008000800488475943,0.007105511756888822,False,False,True
2022-07-10,2022-07-01,-0.0338899034934659,0.002650344839816946,0.0016819747102576658,0.0007787643691078805,0.03654024833328284,0.03557187820372357,0.034668667862573777,False,False,True
2022-07-11,2022-07-01,-0.04265931997884,0.00370905217755272,0.0018474233217033675,0.0008365173000738082,0.04636837215639272,0.04450674330054337,0.04349583727891381,False,False,True
2022-07-12,2022-07-01,-0.0323797974068269,0.004688567750205421,0.0019048060617957035,0.0008874865852853552,0.037068365157032324,0.0342846034686226,0.033267283992112255,False,False,True
2022-07-13,2022-07-01,0.0459617111407861,0.00579263085559795,0.0018459982695037246,0.0009370827442302494,0.04016908028518815,0.044115712871282374,0.04502462839655585,True,True,False
2022-07-14,2022-07-01,0.0177045512129101,-0.002495334616846606,0.001380519358043874,0.0009813016259302195,0.02019988582975671,0.01632403185486623,0.016723249586979884,False,True,False
2022-07-15,2022-07-01,0.012951348577769,0.0016944444916083506,0.0015310252421543,0.0010273397198211308,0.01125690408616065,0.0114203233356147,0.01192400885794787,True,True,False
2022-07-16,2022-07-01,0.0169889953319211,-0.0022602733845195526,0.0015645036893388528,0.001070251374809127,0.019249268716440653,0.015424491642582248,0.015918743957111976,False,True,False
2022-07-17,2022-07-01,-0.0193943614796041,0.005692671055986422,0.00154238875096655,0.0011232717828460117,0.02508703253559052,0.02093675023057065,0.02051763326245011,False,False,True
2022-07-18,2022-07-01,0.0821174009946776,0.0004986707244442185,0.0017565289949078315,0.0011787129900605545,0.08161873027023338,0.08036087199976977,0.08093868800461704,True,True,False
2022-07-19,2022-07-01,0.0401919693193753,0.005171940487699049,0.0011638956889426506,0.0012702183188971503,0.03502002883167625,0.03902807363043265,0.03892175100047815,True,True,False
2022-07-20,2022-07-01,-0.0067424108943424,0.0007944369048160688,0.0013908046815764214,0.0013941067844697958,0.00753684779915847,0.008133215575918822,0.008136517678812197,False,False,True
2022-07-21,2022-07-01,-0.0028884421706671,0.004554298235702536,0.0016760454081894726,0.0015246652450346524,0.007442740406369636,0.004564487578856573,0.004413107415701752,False,False,True
2022-07-22,2022-07-01,-0.0194110767949181,0.0013458432818166787,0.001664111853486257,0.001651901738188139,0.020756920076734776,0.021075188648404356,0.02106297853310624,False,False,True
2022-07-23,2022-07-01,-0.0109839417117817,0.006115262908696414,0.0017611072248051327,0.001780535855297096,0.017099204620478113,0.012745048936586833,0.012764477567078797,False,False,True
2022-07-24,2022-07-01,0.0063958373633157,0.01029304930286406,0.0017143904784585804,0.001900727536053359,0.0038972119395483604,0.0046814468848571196,0.004495109827262341,True,True,False
2022-07-25,2022-07-01,-0.0551751001132353,0.0014566056066465877,0.0016099947951548307,0.0020060785683924088,0.05663170571988189,0.05678509490839013,0.05718117868162771,False,False,True
2022-07-26,2022-07-01,-0.0057086869928485,0.0026126424775934614,0.0019702110309656852,0.0020984165740867296,0.008321329470441962,0.007678898023814185,0.007807103566935229,False,False,True
2022-07-27,2022-07-01,0.0796052030234431,-0.0006826224685889657,0.001690572771108749,0.0021951455129172676,0.08028782549203206,0.07791463025233435,0.07741005751052582,False,True,False
2022-07-28,2022-07-01,0.0398306162434614,-0.0008471360990085011,0.0011763929870015949,0.0022904285013296646,0.040677752342469904,0.038654223256459806,0.03754018774213174,False,True,False
2022-07-29,2022-07-01,-0.0016462880701044,0.0003547050324503413,0.0013928741065724938,0.0023888019067381267,0.002000993102554741,0.003039162176676894,0.0040350899768425265,False,False,False
2022-07-30,2022-07-01,-0.0062351636515082,0.0028375926243551573,0.001646087151663542,0.002489918240100932,0.009072756275863358,0.007881250803171742,0.008725081891609133,False,False,False
2022-07-31,2022-07-01,-0.0134979604487392,0.0019239042586993303,0.0016828165602596281,0.002597014098654233,0.01542186470743853,0.015180777008998829,0.016094974547393434,False,False,False
2022-08-01,2022-07-01,-0.0009725914343493,0.007545553281653448,0.0017268122461260012,0.0027138922870655014,0.008518144716002748,0.002699403680475301,0.0036864837214148015,False,False,False
2022-08-02,2022-07-01,-0.014415336683737,0.011038381118372876,0.001654020278107728,0.002831072165462231,0.025453717802109876,0.01606935696184473,0.01724640884919923,False,False,False
2022-08-03,2022-07-01,-0.0057275961266136,0.0033479921551330064,0.0017308717602524878,0.0028864020075753186,0.009075588281746608,0.007458467886866088,0.008613998134188918,False,False,False
2022-08-04,2022-07-01,-0.0094347365041087,-4.976567322295764e-06,0.0016821752886327314,0.0029297437423278956,0.009429759936786405,0.011116911792741432,0.012364480246436596,True,False,False
2022-08-05,2022-07-01,0.0290910110856517,-0.0018946538083217312,0.0017024725422667244,0.002967971656331004,0.030985664893973433,0.027388538543384976,0.026123039429320698,False,True,True
2022-08-06,2022-07-01,-0.0140852216543447,0.004486219788310934,0.0014753107526960711,0.0029865347213237814,0.018571441442655635,0.015560532407040771,0.017071756375668483,False,False,False
2022-08-07,2022-07-01,0.0093466624986442,0.007897252858141697,0.0017225980875921298,0.0030106144875288246,0.0014494096405025022,0.007624064411052069,0.006336048011115375,True,True,True
2022-08-08,2022-07-01,0.0273385697825798,0.0002307370534955942,0.0015927773655672226,0.0029873512707282953,0.027107832729084205,0.025745792417012577,0.024351218511851503,True,True,True
2022-08-09,2022-07-01,-0.0270970973442586,0.0011282286876682802,0.0014820932580353681,0.0029666894863656455,0.02822532603192688,0.02857919060229397,0.030063786830624245,False,False,False
2022-08-10,2022-07-01,0.0338159839887097,0.002138746043103154,0.001799705673672038,0.002942023052563247,0.03167723794560654,0.03201627831503766,0.03087396093614645,True,True,True
2022-08-11,2022-07-01,0.0004128472653517,-0.0002865871363256973,0.0014509724907733825,0.0029294850576280793,0.0006994344016773974,0.0010381252254216824,0.0025166377922763794,False,True,True
2022-08-12,2022-07-01,0.0185866020231928,-0.0003126796562736428,0.0016362536934591933,0.002920174778607348,0.018899281679466442,0.016950348329733606,0.015666427244585453,False,True,True
2022-08-13,2022-07-01,0.0008708010561344,0.004604572988928329,0.0015349623197663184,0.0029314117403589145,0.003733771932793929,0.0006641612636319184,0.0020606106842245143,True,True,True
2022-08-14,2022-07-01,-0.0042881625394648,0.004746780192489259,0.0016365602532589713,0.002941117658894212,0.009034942731954059,0.0059247227927237715,0.007229280198359012,False,False,False
2022-08-15,2022-07-01,-0.0074986152269698,0.007472068446829636,0.0016704164100358105,0.0029780746511375374,0.014970683673799435,0.00916903163700561,0.010476689878107338,False,False,False
2022-08-16,2022-07-01,-0.010510085263709,0.005220763711880539,0.0016907424397941925,0.0030109627386180034,0.01573084897558954,0.012200827703503192,0.013521048002327004,False,False,False
2022-08-17,2022-07-01,-0.0229153079611996,0.00039466468542907925,0.0017091396986875888,0.0030027789561908637,0.02330997264662868,0.024624447659887187,0.025918086917390462,False,False,False
2022-08-18,2022-07-01,-0.005281958173694,0.00191992149923703,0.0017831027475542602,0.002965089038351274,0.00720187967293103,0.00706506092124826,0.008247047212045274,False,False,False
2022-08-19,2022-07-01,-0.1005993139879252,-0.002353794173215255,0.0016814457298219912,0.0029253956440601454,0.09824551981470994,0.1022807597177472,0.10352470963198535,True,False,False
2022-08-20,2022-07-01,0.0138190436480118,0.002923587916232998,0.002241390282010337,0.00285824310668663,0.010895455731778803,0.011577653366001462,0.01096080054132517,True,True,True
2022-08-21,2022-07-01,0.0173891852033534,0.000857282485442152,0.0015846474380361128,0.0027968464800700366,0.01653190271791125,0.01580453776531729,0.014592338723283365,True,True,True
2022-08-22,2022-07-01,-0.006279006699941,0.0026626556556471072,0.001540425342657416,0.002740335146379059,0.008941662355588107,0.007819432042598416,0.00901934184632006,False,False,False
2022-08-23,2022-07-01,0.0060367419811229,0.004111271557466415,0.0016780684520862014,0.0026898104325983403,0.0019254704236564852,0.0043586735290366985,0.0033469315485245596,True,True,True
2022-08-24,2022-07-01,-0.006181150878381,0.003548587625947447,0.001610936494491625,0.002651652385295068,0.009729738504328447,0.007792087372872625,0.008832803263676067,False,False,False
2022-08-25,2022-07-01,0.0096230230275919,-0.000748732726263036,0.0016808328630330187,0.002616052701138685,0.010371755753854937,0.007942190164558882,0.0070069703264532155,False,True,True
2022-08-26,2022-07-01,-0.0620753995849602,0.0023055355966282998,0.0015897107663990916,0.0025725159583447057,0.0643809351815885,0.0636651103513593,0.0646479155433049,False,False,False
2022-08-27,2022-07-01,-0.0107739901071325,0.007025218036471684,0.002010477113313507,0.002528544460729593,0.017799208143604184,0.012784467220446006,0.013302534567862092,False,False,False
2022-08-28,2022-07-01,-0.021201944769558,0.0014914625025958458,0.0017219723175298878,0.002478148366679967,0.022693407272153847,0.022923917087087888,0.023680093136237968,False,False,False
2022-08-29,2022-07-01,0.0347242764174429,-0.001921300706707132,0.0017735520017044533,0.0024081379254745176,0.03664557712415003,0.032950724415738444,0.03231613849196838,False,True,True
2022-08-30,2022-07-01,-0.0246913829712814,0.0010448795134604797,0.0014441864020371246,0.002353642078025691,0.02573626248474188,0.026135569373318526,0.02704502504930709,False,False,True
2022-08-31,2022-07-01,0.0127775685119702,0.0036755578791610776,0.0017841697665252204,0.002269397821907927,0.009102010632809122,0.01099339874544498,0.010508170690062274,True,True,False
2022-09-01,2022-07-01,0.0038592451457939,-8.09723815426407e-05,0.0015745858020689465,0.0021828762256096246,0.00394021752733654,0.0022846593437249535,0.0016763689201842753,False,True,False
2022-09-02,2022-07-01,-0.0078187529742566,0.0007964089820179251,0.0016203193023149633,0.0020953612944131987,0.008615161956274526,0.009439072276571564,0.0099141142686698,False,False,True
2022-09-03,2022-07-01,-0.0068946003642419,0.0017340863500671395,0.0016905478454785703,0.0020082278830441226,0.008628686714309039,0.008585148209720471,0.008902828247286023,False,False,True
2022-09-04,2022-07-01,0.0077967080850369,0.005034094794012573,0.0016878381357564851,0.001923492654778456,0.0027626132910243267,0.006108869949280414,0.005873215430258444,True,True,False
2022-09-05,2022-07-01,-0.0087228849400632,-0.0059790392398406216,0.0016008167906759476,0.001847125927092162,0.002743845700222578,0.010323701730739147,0.010570010867155361,True,False,True
2022-09-06,2022-07-01,-0.0491966923286369,0.0006055047262880911,0.0016953281076332008,0.001770406780833547,0.049802197054924995,0.050892020436270106,0.05096709910947045,False,False,True
2022-09-07,2022-07-01,0.024029314602578,0.00270097538027472,0.0019379775421007421,0.001705288555997447,0.02132833922230328,0.022091337060477258,0.022324026046580556,True,True,False
2022-09-08,2022-07-01,0.0020481649337233,-0.00012913369171958875,0.0015137398188577044,0.0016552034132040093,0.0021772986254428887,0.0005344251148655956,0.0003929615205192907,False,True,False
2022-09-09,2022-07-01,0.1061218819071676,0.005065043411488757,0.0016285694310291057,0.001652906528857549,0.10105683849567886,0.1044933124761385,0.10446897537831006,True,True,False
2022-09-10,2022-07-01,0.0140023659125891,0.000333868285667649,0.0010169841819771858,0.0016711791857764121,0.013668497626921452,0.012985381730611915,0.012331186726812689,True,True,False
2022-09-11,2022-07-01,0.004092001431295,0.0041507749749709385,0.0015404836631821093,0.0016822590127186844,5.877354367593828e-05,0.0025515177681128907,0.002409742418576316,True,True,False
2022-09-12,2022-07-01,0.0276166242548017,-0.0012600930784145317,0.0016174373645123264,0.001695431523042197,0.028876717333216232,0.025999186890289374,0.025921192731759503,False,True,False
2022-09-13,2022-07-01,-0.0927000690608337,0.0038312884067400613,0.0014818638320974273,0.0017149667962100545,0.09653135746757376,0.09418193289293113,0.09441503585704375,False,False,True
2022-09-14,2022-07-01,-0.0027402074343571,0.0029701188687454435,0.0021877782535479665,0.0017001956017792426,0.005710326303102543,0.004927985687905066,0.004440403036136343,False,False,True
2022-09-15,2022-07-01,-0.0266724228002328,0.005051133078596525,0.0016808310725716106,0.0016793809146123458,0.03172355587882933,0.02835325387280441,0.028351803714845147,False,False,True
2022-09-16,2022-07-01,0.0036227746152976,-0.001623861184622405,0.0018045672324184673,0.0016927657911319249,0.005246635799920005,0.0018182073828791325,0.001930008824165675,False,True,False
2022-09-17,2022-07-01,0.0179537579802684,0.0037826411401436825,0.0016289495660271602,0.0017189696455099496,0.014171116840124716,0.016324808414241238,0.01623478833475845,True,True,False
2022-09-18,2022-07-01,-0.0351791147852871,0.0036532711610867234,0.0015386417728355365,0.0017588177166434063,0.038832385946373824,0.036717756558122636,0.036937932501930504,False,False,True
2022-09-19,2022-07-01,0.006417415961943,0.0006755699951532346,0.0018493994638766875,0.0017737842762913813,0.005741845966789765,0.004568016498066312,0.004643631685651619,True,True,False
2022-09-20,2022-07-01,-0.0334289569457899,0.0066746602240319065,0.0016146996452281693,0.0017987046447921202,0.040103617169821804,0.03504365659101807,0.03522766159058202,False,False,True
2022-09-21,2022-07-01,-0.0181775716588069,0.0011715788119748775,0.0018420909230956782,0.0018094198794068256,0.019349150470781777,0.02001966258190258,0.019986991538213726,False,False,True
2022-09-22,2022-07-01,0.0466992878992791,0.0051124694786552835,0.0017595808010935432,0.0018112042891859901,0.04158681842062382,0.04493970709818556,0.04488808361009311,True,True,False
2022-09-23,2022-07-01,-0.005970680514919,-0.0041937009425990456,0.001373381562812061,0.0018270520575348697,0.0017769795723199542,0.0073440620777310605,0.007797732572453869,True,False,True
2022-09-24,2022-07-01,-0.0186876207631864,0.0018322688940777113,0.0016708105152660735,0.0018426601705138262,0.020519889657264114,0.020358431278452476,0.020530280933700226,False,False,True
2022-09-25,2022-07-01,-0.0071243586107314,0.0013837183249416683,0.0017566279977664994,0.0018555156438571506,0.008508076935673068,0.0088809866084979,0.00897987425458855,False,False,True
2022-09-26,2022-07-01,0.0223684732650133,0.005441448573714992,0.001691782295444454,0.0018677435113290087,0.01692702469129831,0.020676690969568846,0.02050072975368429,True,True,False
2022-09-27,2022-07-01,-0.0058329560390522,0.005473405010344594,0.0015147463126946406,0.0019090142829696639,0.011306361049396793,0.007347702351746841,0.007741970322021864,False,False,True
2022-09-28,2022-07-01,0.0165444678372135,0.007162356782237326,0.0016751154106556486,0.0019444082661693987,0.009382111054976175,0.014869352426557852,0.014600059571044101,True,True,False
2022-09-29,2022-07-01,0.0075324127196341,0.005976422174382394,0.00154854989005119,0.0019781030120843077,0.001555990545251706,0.0059838628295829106,0.0055543097075497925,True,True,False
2022-09-30,2022-07-01,-0.0072171538473359,-0.006507725377321251,0.001597574621853907,0.0019751067658082305,0.0007094284700146485,0.008814728469189806,0.00919226061314413,True,False,True
2022-10-01,2022-07-01,-0.0061596674907298,0.0005525920116285254,0.0016863173395741662,0.0019635310891650305,0.006712259502358326,0.007845984830303966,0.008123198579894832,False,False,True
2022-10-02,2022-07-01,-0.0138767063590429,-0.00015600140597102656,0.0016833700091066096,0.00195201207299727,0.013720704953071873,0.01556007636814951,0.01582871843204017,True,False,True
2022-10-03,2022-07-01,0.0304279241559197,-0.0014968681225575316,0.0017288302155395456,0.0019232465220560117,0.03192479227847723,0.028699093940380154,0.028504677633863686,False,True,False
2022-10-04,2022-07-01,0.0363472755244134,0.0032327390757940114,0.0014683893434343498,0.001948460369850124,0.03311453644861939,0.03487888618097905,0.03439881515456328,True,True,False
2022-10-05,2022-07-01,-0.00866048612509,0.0021840247083466714,0.0014241684034483706,0.00198361430475848,0.01084451083343667,0.01008465452853837,0.01064410042984848,False,False,True
2022-10-06,2022-07-01,-0.0101818521418751,0.007800471393251854,0.0016886329678536369,0.002026661952448255,0.017982323535126955,0.011870485109728737,0.012208514094323355,False,False,True
2022-10-07,2022-07-01,-0.020475303035953,0.0014388143039625128,0.001707316336827083,0.0020606573223075292,0.021914117339915513,0.022182619372780085,0.02253596035826053,False,False,True
2022-10-08,2022-07-01,-0.0066650766033169,-0.000650664831196004,0.00176890389436678,0.0020798599471771907,0.006014411772120896,0.00843398049768368,0.00874493655049409,True,False,True
2022-10-09,2022-07-01,0.0015377290838616,0.0050238761611944086,0.001689118440315092,0.002092816484666832,0.0034861470773328088,0.00015138935645349198,0.0005550874008052318,True,True,False
2022-10-10,2022-07-01,-0.0156811030304613,0.0002472808523774398,0.0016377766331055843,0.0021059403702884394,0.015928383882838737,0.017318879663566884,0.017787043400749738,False,False,True
2022-10-11,2022-07-01,-0.0047052989457616,0.0007300050562629602,0.0017376796283040685,0.002133220208203676,0.00543530400202456,0.0064429785740656685,0.006838519153965276,False,False,True
2022-10-12,2022-07-01,0.0055653255796452,0.004033917867770813,0.0016764277663459247,0.002166096813476732,0.001531407711874387,0.0038888978132992757,0.0033992287661684683,True,True,False
2022-10-13,2022-07-01,0.0117687395525483,0.0025557845678532342,0.0016135998934194505,0.0021816718987012706,0.009212954984695067,0.010155139659128851,0.00958706765384703,True,True,False
2022-10-14,2022-07-01,-0.0101763927558988,0.003902923357298091,0.0015745681043759358,0.0022019988355895396,0.01407931611319689,0.011750960860274735,0.01237839159148834,False,False,True
2022-10-15,2022-07-01,-0.0061515479500473,0.002859499763494865,0.0017030050280197032,0.0022299235198436898,0.009011047713542164,0.007854552978067003,0.008381471469890989,False,False,True
2022-10-16,2022-07-01,0.0105130493026006,0.002160769841258753,0.001683829715688371,0.0022470978926331154,0.008352279461341847,0.00882921958691223,0.008265951409967486,True,True,False
2022-10-17,2022-07-01,0.0146700585002084,0.0018978757287315125,0.0015846786047073638,0.0022552952705573526,0.012772182771476888,0.013085379895501037,0.012414763229651047,True,True,False
2022-10-18,2022-07-01,-0.011065647631146,0.0032530721961713037,0.0015564282450859675,0.0022662043802442818,0.014318719827317304,0.012622075876231967,0.013331852011390281,False,False,True
2022-10-19,2022-07-01,-0.0100794799914053,0.002850399006940637,0.0017076062157000461,0.0022729570403283417,0.012929878998345938,0.011787086207105347,0.012352437031733643,False,False,True
2022-10-20,2022-07-01,-0.0044826021726542,0.001639834100503126,0.0017072495152127324,0.002268886862834843,0.006122436273157327,0.006189851687866933,0.006751489035489043,False,False,True
2022-10-21,2022-07-01,0.0062312445831922,0.0008833885618684471,0.0016741911572947523,0.0022692510960394155,0.0053478560213237524,0.004557053425897448,0.003961993487152784,True,True,False
2022-10-22,2022-07-01,0.0018631248583989,0.004185674551068274,0.0016094922140294343,0.002274830854023114,0.002322549692669374,0.0002536326443694657,0.0004117059956242142,True,True,False
2022-10-23,2022-07-01,0.0186804883537121,0.005914745960931363,0.0016330247831381026,0.0022857632852719546,0.012765742392780737,0.017047463570573997,0.016394725068440145,True,True,False
2022-10-24,2022-07-01,-0.0113167812369114,0.00017107738863936326,0.0015344592286816814,0.0022869002135227643,0.011487858625550764,0.012851240465593081,0.013603681450434165,False,False,True
2022-10-25,2022-07-01,0.0387833012096094,-0.0006608217058823537,0.001708406301544937,0.002269554877677785,0.03944412291549175,0.03707489490806446,0.036513746331931614,False,True,False
2022-10-26,2022-07-01,0.0335683106330508,0.0011201564453776095,0.0014183193972105031,0.002265395455663918,0.032448154187673196,0.0321499912358403,0.031302915177386884,True,True,False
2022-10-27,2022-07-01,-0.0233314959115013,0.0011141431658112087,0.0014390006403605354,0.0022666055265263417,0.02444563907731251,0.024770496551861833,0.02559810143802764,False,False,True
2022-10-28,2022-07-01,0.0152577210006827,0.002956031312364454,0.001775917027401309,0.0022747106020296827,0.012301689688318247,0.013481803973281392,0.012983010398653018,True,True,False
2022-10-29,2022-07-01,0.0108337553414852,0.003397517850616952,0.0015600589744086406,0.002290594932894889,0.007436237490868248,0.00927369636707656,0.008543160408590312,True,True,False
2022-10-30,2022-07-01,-0.0087841704615604,0.0030428111860900347,0.0015785535395099162,0.002327960500544825,0.011826981647650435,0.010362724001070316,0.011112130962105225,False,False,True
2022-10-31,2022-07-01,-0.0067761564627427,0.005661171885332311,0.0016947836753130991,0.0023727482788052346,0.01243732834807501,0.0084709401380558,0.009148904741547935,False,False,True
2022-11-01,2022-07-01,-0.0005123007449325,0.002373675100617667,0.0016872982243512102,0.0024186182105209128,0.002885975845550167,0.0021995989692837102,0.002930918955453413,False,False,False
2022-11-02,2022-07-01,-0.0159026205944438,7.347451960193572e-05,0.0016499740675109391,0.002467674908182113,0.015976095114045734,0.01755259466195474,0.01837029550262591,False,False,False
2022-11-03,2022-07-01,0.002504246891926,0.002293827258486565,0.0017395166621211914,0.0024872532541086044,0.0002104196334394349,0.0007647302298048086,1.6993637817395556e-05,True,True,True
2022-11-04,2022-07-01,0.0463751969796804,0.003982975700429792,0.0016338671347743965,0.0025116544423149016,0.04239222127925061,0.044741329844906,0.0438635425373655,True,True,True
2022-11-05,2022-07-01,0.006405611254872,0.0030634268347202566,0.0013707829533895171,0.00254673593256565,0.003342184420151743,0.005034828301482483,0.0038588753223063495,True,True,True
2022-11-06,2022-07-01,-0.0167368436315528,0.0006262035797960964,0.0015976632471414508,0.002579574602925555,0.017363047211348896,0.018334506878694253,0.019316418234478355,False,False,False
2022-11-07,2022-07-01,-0.0154669979852274,0.002574005868132228,0.0017426460534608389,0.002604172190089263,0.018041003853359626,0.01720964403868824,0.01807117017531666,False,False,False
2022-11-08,2022-07-01,-0.1000613159494843,0.004325819723754381,0.0017406059612706697,0.002622519742707677,0.10438713567323868,0.10180192191075496,0.10268383569219197,False,False,False
2022-11-09,2022-07-01,-0.1434902246687631,0.006121363658857465,0.002240429134917471,0.002618146212424913,0.14961158832762056,0.14573065380368058,0.14610837088118803,False,False,False
2022-11-10,2022-07-01,0.1074248986235879,0.006295645343732755,0.0025147535703074694,0.002572584687212183,0.10112925327985514,0.10491014505328042,0.10485231393637572,True,True,True
2022-11-11,2022-07-01,-0.0314144364766353,-0.0008468749526245821,0.001040982391424385,0.002544498927022341,0.030567561524010717,0.03245541886805968,0.03395893540365764,True,False,False
2022-11-12,2022-07-01,-0.0138020064763657,0.0003594590144254425,0.0018090488975689696,0.0025160655347937536,0.014161465490791144,0.01561105537393467,0.016318072011159455,False,False,False
2022-11-13,2022-07-01,-0.0265382099183333,-0.0001547991407164894,0.0017317206027921178,0.0024745869908202743,0.026383410777616807,0.028269930521125416,0.029012796909153572,True,False,False
2022-11-14,2022-07-01,0.0161944639882631,0.003017774216961044,0.001806117443310409,0.0024283867987095428,0.013176689771302055,0.01438834654495269,0.013766077189553557,True,True,True
2022-11-15,2022-07-01,0.0160314639987833,-0.0006682432224394833,0.0015551293912908896,0.0023666014713826003,0.01669970722122278,0.01447633460749241,0.013664862527400698,False,True,False
2022-11-16,2022-07-01,-0.0127437818409466,0.008728775685441741,0.0015473345735933157,0.0022962695793225514,0.02147255752638834,0.014291116414539916,0.015040051420269152,False,False,True
2022-11-17,2022-07-01,0.0010845070736082,0.0013468629126554095,0.0017170436965573764,0.0022330002163327345,0.00026235583904720946,0.0006325366229491764,0.0011484931427245344,True,True,False
2022-11-18,2022-07-01,0.0006148167681003,-0.0024329025881234864,0.0016416115725771915,0.0021652196782876144,0.0030477193562237865,0.0010267948044768915,0.0015504029101873144,False,True,False
2022-11-19,2022-07-01,0.0008246325823211,-0.006884732332825555,0.0016417412666059124,0.002093205369724285,0.0077093649151466544,0.0008171086842848124,0.001268572787403185,False,True,False
2022-11-20,2022-07-01,-0.0251152599390952,0.0075518926361223425,0.0016402943368029254,0.0020240600393561076,0.03266715257521754,0.026755554275898125,0.027139319978451305,False,False,True
2022-11-21,2022-07-01,-0.0309693747513911,0.005910643251903853,0.0017937018441378093,0.0019505220105820505,0.036880018003294955,0.032763076595528906,0.03291989676197315,False,False,True
2022-11-22,2022-07-01,0.0254942741881059,0.00019743262061585687,0.0018337465635295384,0.001866704049547981,0.02529684156749004,0.02366052762457636,0.02362757013855792,True,True,False
2022-11-23,2022-07-01,0.0260002157033485,-0.00015542095358842076,0.0015013460816157656,0.0018016468535991688,0.02615563665693692,0.024498869621732734,0.024198568849749334,False,True,False
2022-11-24,2022-07-01,-0.0003757930043709,0.003501804993661851,0.0014863896631252763,0.0017478261849256196,0.003877597998032751,0.0018621826674961764,0.0021236191892965196,False,False,True
2022-11-25,2022-07-01,-0.0049759536156385,-0.0005423091889144981,0.0016417360504817763,0.0016688930928526926,0.004433644426724002,0.0066176896661202765,0.006644846708491193,True,False,True
2022-11-26,2022-07-01,-0.0034839061881034,-0.00784819003804602,0.0016748402115153826,0.0015828869880230552,0.004364283849942619,0.005158746399618783,0.005066793176126455,True,False,True
2022-11-27,2022-07-01,-0.0011937537130568,0.0005646660295131932,0.001667215057946537,0.0015004887453463848,0.0017584197425699931,0.002860968771003337,0.0026942424584031847,False,False,True
2022-11-28,2022-07-01,-0.0138224289397337,-0.0009736119199040636,0.0016532229817503164,0.0014240955687150145,0.012848817019829636,0.015475651921484016,0.015246524508448715,True,False,True
2022-11-29,2022-07-01,0.0140380854817543,0.005384231413491472,0.0017273505476737567,0.0013950932424174084,0.008653854068262828,0.012310734934080544,0.012642992239336891,True,True,False
2022-11-30,2022-07-01,0.0440002893169708,0.007331106548312544,0.0015652594758094804,0.0014331856527075144,0.03666918276865826,0.04243502984116132,0.042567103664263285,True,True,False
2022-12-01,2022-07-01,-0.0117326973600236,-0.0008103698741932482,0.0013823900634658077,0.0014396207377527438,0.01092232748583035,0.013115087423489408,0.013172318097776343,True,False,True
2022-12-02,2022-07-01,0.0071625150279055,0.005791766957113788,0.0017053282321000858,0.0014576435958721747,0.0013707480707917125,0.005457186795805415,0.005704871432033326,True,True,False
2022-12-03,2022-07-01,-0.0105581026525951,0.000153646546364696,0.0016052396537168455,0.0014856494921702199,0.010711749198959796,0.012163342306311945,0.012043752144765319,False,False,True
2022-12-04,2022-07-01,0.013144481522908,0.0039834323830725115,0.0017067028546237234,0.0015203233267501578,0.009161049139835488,0.011437778668284276,0.011624158196157842,True,True,False
2022-12-05,2022-07-01,-0.0090867330482284,-0.0004055356614785675,0.0015697594908634712,0.0015509697433851986,0.008681197386749832,0.010656492539091872,0.010637702791613598,True,False,True
2022-12-06,2022-07-01,0.0067557530907154,0.00439635526949248,0.0016964836739483344,0.0015743622067198484,0.0023593978212229205,0.005059269416767066,0.005181390883995551,True,True,False
2022-12-07,2022-07-01,-0.0141242808714139,0.0030980763471964235,0.0016071647475181929,0.0016077967508556323,0.017222357218610325,0.015731445618932093,0.01573207762226953,False,False,True
2022-12-08,2022-07-01,0.022871839541696,0.0033187484585115814,0.0017276366497759282,0.0016350495115346965,0.019553091083184416,0.02114420289192007,0.021236790030161302,True,True,False
2022-12-09,2022-07-01,-0.0058213603407883,-0.0020107727171854778,0.001513004668756355,0.0016665569708327363,0.003810587623602822,0.007334365009544655,0.0074879173116210365,True,False,True
2022-12-10,2022-07-01,-0.00025843080632,0.005666325839917033,0.0016751652660787655,0.0016954214216126115,0.005924756646237033,0.0019335960723987655,0.0019538522279326114,False,False,True
2022-12-11,2022-07-01,-0.0014321702613265,0.00332342947327966,0.0016478556038304736,0.0017362091543937281,0.00475559973460616,0.0030800258651569735,0.003168379415720228,False,False,True
2022-12-12,2022-07-01,0.0059777236188083,0.005667569006435688,0.001654103760128186,0.0017900748675364186,0.0003101546123726118,0.004323619858680114,0.004187648751271881,True,True,False
2022-12-13,2022-07-01,0.0334108010083435,0.0017196678259554375,0.0016103097788295816,0.0018389568796215211,0.031691133182388066,0.03180049122951392,0.03157184412872198,True,True,False
2022-12-14,2022-07-01,0.001930792225645,0.0025800328251821664,0.0014466002135162753,0.0018842949906379258,0.0006492405995371664,0.0004841920121287247,4.649723500707429e-05,True,True,False
2022-12-15,2022-07-01,-0.0253027616935732,0.0002593150242965552,0.0016269059003411956,0.0019378762802180992,0.025562076717869753,0.026929667593914394,0.0272406379737913,False,False,True
2022-12-16,2022-07-01,-0.041312204252233,0.002606583981911908,0.0017943578803410057,0.001993365619366876,0.043918788234144905,0.043106562132574,0.04330556987159987,False,False,True
2022-12-17,2022-07-01,0.0088666502727983,0.0037116531401638394,0.0018951605843395597,0.0020344384204544854,0.00515499713263446,0.0069714896884587405,0.006832211852343815,True,True,False
2022-12-18,2022-07-01,-0.0022098857704312,0.003449997587392715,0.0016018422137680957,0.002081861962543596,0.0056598833578239156,0.003811727984199296,0.004291747732974796,False,False,True
2022-12-19,2022-07-01,-0.0189937534411085,0.006477268118206814,0.0016567465314890105,0.0021373532798727307,0.025471021559315313,0.02065049997259751,0.02113110672098123,False,False,True
2022-12-20,2022-07-01,0.0283840688425822,0.0024591100739201985,0.0017577841814858212,0.002180349394399216,0.025924958768662,0.02662628466109638,0.026203719448182984,True,True,False
2022-12-21,2022-07-01,-0.0052506761761861,-0.002059539390121625,0.0014816073354332966,0.0022106289171229766,0.0031911367860644746,0.0067322835116193965,0.007461305093309076,True,False,True
2022-12-22,2022-07-01,0.0007615052090579,-0.00010611908420369957,0.0016706196146475901,0.002244979359407353,0.0008676242932615996,0.0009091144055896901,0.0014834741503494532,False,True,False
2022-12-23,2022-07-01,-0.0019838380157674,0.004964564242365772,0.0016416349152177795,0.0022731375403562673,0.006948402258133172,0.0036254729309851794,0.004256975556123668,False,False,True
2022-12-24,2022-07-01,0.0030245208161823,0.0036583916140877993,0.0016571813772211777,0.00230635103897257,0.0006338707979054994,0.0013673394389611222,0.00071816977720973,True,True,False
2022-12-25,2022-07-01,-0.0003424510242288,0.0008060731211084549,0.0016278811324589777,0.0023447248933263424,0.001148524145337255,0.0019703321566877778,0.0026871759175551425,False,False,True
2022-12-26,2022-07-01,0.0046204977167716,0.003031598784430834,0.0016467981042543002,0.002389081107116765,0.0015888989323407658,0.0029736996125172997,0.002231416609654835,True,True,True
2022-12-27,2022-07-01,-0.0119759573539699,0.002479939991158869,0.001618097121939361,0.0024281442306992324,0.014455897345128768,0.01359405447590926,0.014404101584669132,False,False,False
2022-12-28,2022-07-01,-0.0098462553654299,0.003403589608170689,0.0017152450244294164,0.002467302017906816,0.01324984497360059,0.011561500389859316,0.012313557383336716,False,False,False
2022-12-29,2022-07-01,0.0054232979508825,-0.0010666280800170958,0.0017060728431154476,0.002470648961107338,0.006489926030899595,0.0037172251077670524,0.002952648989775162,False,True,True
2022-12-30,2022-07-01,-0.0023888380529755,0.005118995148152793,0.001615508806173714,0.002448774111973962,0.007507833201128293,0.004004346859149214,0.004837612164949462,False,False,False
2022-12-31,2022-07-01,-0.0033181483870876,0.002277133713572745,0.0016583684589200343,0.002445220304601928,0.005595282100660345,0.004976516846007634,0.005763368691689528,False,False,False
2023-01-01,2023-01-01,0.0046885633896178,0.0025954790414611318,-0.0026225868722375588,0.002003457721478853,0.002093084348156668,0.007311150261855358,0.0026851056681389466,True,False,True
2023-01-02,2023-01-01,0.0038129515588565,-0.0002783701798571021,-0.0026783756954720968,0.0019857866250431147,0.004091321738713602,0.006491327254328596,0.0018271649338133852,False,False,True
2023-01-03,2023-01-01,-0.0005161216628667,0.00047463660622249046,-0.002660163148587625,0.0019433807170225,0.0009907582690891906,0.002144041485720925,0.0024595023798892,False,True,False
2023-01-04,2023-01-01,0.0109941502937851,0.0010703534259667346,-0.0026072010349518287,0.0019032925846066138,0.009923796867818364,0.013601351328736928,0.009090857709178486,True,False,False
2023-01-05,2023-01-01,-0.0015715814888571,0.00024367099377297372,-0.0027287476558952597,0.0018862582051915938,0.0018152524826300738,0.0011571661670381596,0.003457839694048694,False,True,True
2023-01-06,2023-01-01,0.0068441068167415,0.0033653368912815447,-0.0025934009853597383,0.0018904930748212842,0.0034787699254599552,0.009437507802101237,0.004953613741920215,True,False,False
2023-01-07,2023-01-01,0.0001834226481807,0.002286288598345578,-0.0026767372908733534,0.0018922712402647116,0.002102865950164878,0.0028601599390540534,0.0017088485920840116,True,False,False
2023-01-08,2023-01-01,0.0080251123142494,0.0036740849723243965,-0.0026142834668409394,0.0018955351044163348,0.0043510273419250034,0.01063939578109034,0.006129577209833065,True,False,False
2023-01-09,2023-01-01,0.0061675305628166,0.002953542422913403,-0.0026990411184968015,0.0019127906708963425,0.0032139881399031968,0.008866571681313402,0.004254739891920257,True,False,False
2023-01-10,2023-01-01,0.014522576515372,0.0011673033581802647,-0.002656146492960973,0.0019103452366507556,0.013355273157191736,0.017178723008332973,0.012612231278721246,True,False,False
2023-01-11,2023-01-01,0.0280061510201732,8.49059021765272e-05,-0.0027360858221584707,0.0019091946048559439,0.027921245117996672,0.03074223684233167,0.026096956415317257,True,False,False
2023-01-12,2023-01-01,0.0521157959882461,0.0005891992760366333,-0.0028265887102128873,0.001923200834905959,0.051526596712209466,0.05494238469845899,0.050192595153340146,True,False,False
2023-01-13,2023-01-01,0.0551144166026911,0.002464816032234461,-0.0029752899946938493,0.00196325412705604,0.05264960057045664,0.058089706597384945,0.05315116247563506,True,False,True
2023-01-14,2023-01-01,0.0535784742383091,0.0022535553830604366,-0.0029345353899263085,0.0020224716582326495,0.05132491885524867,0.05651300962823541,0.051556002580076456,True,False,True
2023-01-15,2023-01-01,-0.0045527574136173,0.0023545042755668045,-0.0028721355416154296,0.0021018207922415444,0.006907261689184105,0.0016806218720018706,0.006654578205858845,False,True,False
2023-01-16,2023-01-01,0.0138325160235708,0.004230421468237117,-0.0023679162000335664,0.002175021247730146,0.009602094555333682,0.016200432223604365,0.011657494775840653,True,False,True
2023-01-17,2023-01-01,-0.0003832509199314,0.0047106709755092326,-0.0026512470080066073,0.0022597159259130097,0.005093921895440633,0.0022679960880752073,0.0026429668458444098,False,True,False
2023-01-18,2023-01-01,-0.022339524368838,0.004138414594571579,-0.002553407313868427,0.002345683100615781,0.02647793896340958,0.019786117054969573,0.024685207469453782,False,True,False
2023-01-19,2023-01-01,0.0192380456799503,0.004155471432252843,-0.0024512580104844263,0.0024216982808288744,0.015082574247697458,0.021689303690434727,0.016816347399121426,True,False,True
2023-01-20,2023-01-01,0.0753912540413792,0.0019284262660187815,-0.0028561850381271445,0.002515966974063054,0.07346282777536041,0.07824743907950635,0.07287528706731614,True,False,True
2023-01-21,2023-01-01,0.0044571265663226,-0.0006169190162390282,-0.0032491234839875987,0.002638525885503277,0.005074045582561628,0.007706250050310199,0.0018186006808193233,False,False,True
2023-01-22,2023-01-01,-0.0025116307944748,0.0040018434966587225,-0.0024961417567633494,0.0027605630281652515,0.006513474291133523,1.5489037711450757e-05,0.005272193822640051,False,True,False
2023-01-23,2023-01-01,0.009419529327844,0.005260632646730095,-0.0025161948588357007,0.0028754086623790616,0.0041588966811139045,0.011935724186679701,0.006544120665464938,True,False,True
2023-01-24,2023-01-01,-0.0129919457039084,0.004092808444177722,-0.002656641461014596,0.0029960602363481082,0.01708475414808612,0.010335304242893804,0.015988005940256508,False,True,False
2023-01-25,2023-01-01,0.0212661537590752,0.004965513221908575,-0.002479050182438682,0.0031017630615751794,0.016300640537166625,0.023745203941513884,0.018164390697500022,True,False,True
2023-01-26,2023-01-01,-0.0036803594082767,0.005500909091056661,-0.002841705389481354,0.0032171304098552317,0.009181268499333362,0.0008386540187953458,0.006897489818131932,False,True,False
2023-01-27,2023-01-01,0.0019950339114214,0.0006075716630439799,-0.0025967527083877416,0.0033224420160489236,0.00138746224837742,0.004591786619809142,0.0013274081046275236,True,False,True
2023-01-28,2023-01-01,-0.002064180955322,0.001626255787313403,-0.0026539238433106443,0.003432498959386232,0.003690436742635403,0.0005897428879886443,0.005496679914708232,False,True,False
2023-01-29,2023-01-01,0.032281432079158,0.005126124584544166,-0.0025633052324714302,0.0035346939514739675,0.027155307494613833,0.03484473731162943,0.02874673812768403,True,False,True
2023-01-30,2023-01-01,-0.0393036709232834,0.007042984051928614,-0.0029244721421452157,0.0036447392458276206,0.046346654975212016,0.03637919878113818,0.04294841016911102,False,True,False
2023-01-31,2023-01-01,0.0130973167697252,0.008382879019587574,-0.002236596330381411,0.003729741598180707,0.004714437750137626,0.015333913100106612,0.009367575171544493,True,False,True
2023-02-01,2023-01-01,0.0252594828886516,0.003190221409902606,-0.002811557673385552,0.0038051205991037444,0.022069261478748995,0.02807104056203715,0.021454362289547856,True,False,True
2023-02-02,2023-01-01,-0.0106179769268196,0.002366731089483002,-0.0028307189327618307,0.0038687799121603483,0.012984708016302603,0.007787257994057769,0.014486756838979948,False,True,False
2023-02-03,2023-01-01,-0.0009606745041729,0.0016858101386509772,-0.00249912398066644,0.0038966654014990433,0.002646484642823877,0.0015384494764935403,0.004857339905671943,False,True,False
2023-02-04,2023-01-01,-0.0050097230122172,0.0009031249693321713,-0.0026215780970654423,0.003885487305678827,0.005912847981549372,0.002388144915151758,0.008895210317896026,False,True,False
2023-02-05,2023-01-01,-0.0161230969003104,-0.00013975242457721164,-0.0025871879429422064,0.00386544094057905,0.01598334447573319,0.013535908957368193,0.01998853784088945,True,True,False
2023-02-06,2023-01-01,-0.0085188833332865,0.004410657089368775,-0.0025129189721553244,0.0038331914354947823,0.012929540422655275,0.006005964361131176,0.012352074768781283,False,True,False
2023-02-07,2023-01-01,0.0221519867201869,0.005584778991646407,-0.002585468322351299,0.003797991125650334,0.016567207728540496,0.0247374550425382,0.018353995594536567,True,False,True
2023-02-08,2023-01-01,-0.0139652903201216,0.004167686828979512,-0.0029019348622184656,0.0037806545510852317,0.01813297714910111,0.011063355457903134,0.017745944871206832,False,True,False
2023-02-09,2023-01-01,-0.0488399631774345,0.003940157615104457,-0.0024751302041947022,0.0037531922462698325,0.05278012079253895,0.046364832973239796,0.05259315542370433,False,True,False
2023-02-10,2023-01-01,-0.0076930733873835,0.00032796889572642477,-0.002239718251452406,0.003661434583993788,0.008021042283109925,0.0054533551359310945,0.011354507971377287,False,True,False
2023-02-11,2023-01-01,0.0101468543416451,0.0006211280369915377,-0.0026874668486764055,0.0035652185766223247,0.009525726304653561,0.012834321190321504,0.006581635765022775,True,False,True
2023-02-12,2023-01-01,-0.0037799985140054,-0.0014649886075657353,-0.0027877278634635626,0.0034745677885888817,0.0023150099064396645,0.0009922706505418374,0.007254566302594282,True,True,False
2023-02-13,2023-01-01,0.0009132665684197,0.002536333710973752,-0.002627888644401893,0.0033780748563694363,0.001623067142554052,0.003541155212821593,0.0024648082879497363,True,False,True
2023-02-14,2023-01-01,0.0189243031456558,0.00030606188771056114,-0.002673392991741161,0.0032912071485454277,0.01861824125794524,0.02159769613739696,0.015633095997110373,True,False,True
2023-02-15,2023-01-01,0.0939226611603778,0.000820094485724195,-0.0027846092553724952,0.003199045755272234,0.09310256667465361,0.0967072704157503,0.09072361540510557,True,False,True
2023-02-16,2023-01-01,-0.028154173176657,0.002451812296186887,-0.0033315697678293526,0.003140433072915128,0.030605985472843884,0.024822603408827647,0.03129460624957213,False,True,False
2023-02-17,2023-01-01,0.0398809645364834,0.004517768400018154,-0.0021663888473045056,0.00306870838641091,0.03536319613646524,0.0420473533837879,0.036812256150072484,True,False,True
2023-02-18,2023-01-01,0.003080558848008,0.0019189279119238274,-0.0029450090260341143,0.0030150062528580225,0.0011616309360841725,0.006025567874042114,6.555259514997745e-05,True,False,True
2023-02-19,2023-01-01,-0.0127280238459127,-0.001224718653845227,-0.0024886924562803644,0.0029424276653802557,0.011503305192067473,0.010239331389632336,0.015670451511292958,True,True,False
2023-02-20,2023-01-01,0.020614650916729,0.005125010555557415,-0.002492848247252356,0.0028908743623029453,0.015489640361171585,0.023107499163981356,0.017723776554426054,True,False,True
2023-02-21,2023-01-01,-0.0158199111364509,0.005057707214956679,-0.002806273399189254,0.00284059613727433,0.02087761835140758,0.013013637737261647,0.01866050727372523,False,True,False
2023-02-22,2023-01-01,-0.0101287520442335,-0.001249698861127117,-0.002490271525133057,0.0027701346039483055,0.008879053183106384,0.007638480519100443,0.012898886648181805,True,True,False
2023-02-23,2023-01-01,-0.0099778048506349,0.0003675797696950328,-0.002582140171348727,0.0027035034979925395,0.010345384620329932,0.007395664679286172,0.012681308348627438,False,True,False
2023-02-24,2023-01-01,-0.0312920128967053,0.002516835075876637,-0.0025459004146459307,0.002636762935745796,0.033808847972581935,0.02874611248205937,0.033928775832451095,False,True,False
2023-02-25,2023-01-01,-0.0009807668166905,0.004539106107594871,-0.002460651859189698,0.002562282419109117,0.005519872924285371,0.001479885042499198,0.003543049235799617,False,True,False
2023-02-26,2023-01-01,0.0166486147743025,0.0005531485385453709,-0.0027017898448119635,0.0024994103754522393,0.01609546623575713,0.019350404619114463,0.01414920439885026,True,False,True
2023-02-27,2023-01-01,-0.001627326956935,0.00021553970592538374,-0.002830881112914666,0.0024482013116184404,0.0018428666628603836,0.001203554155979666,0.00407552826855344,False,True,False
2023-02-28,2023-01-01,-0.0159639347011842,0.0019593853457323795,-0.0026156949051513102,0.002385447718203253,0.01792332004691658,0.01334823979603289,0.018349382419387453,False,True,False
2023-03-01,2023-01-01,0.0215660621974789,0.00018912633210128914,-0.002485502788562811,0.002327219145669272,0.021376935865377613,0.02405156498604171,0.01923884305180963,True,False,True
2023-03-02,2023-01-01,-0.0072350503021632,0.0017966212930261216,-0.0028354577525476583,0.002308387802328658,0.009031671595189321,0.004399592549615541,0.009543438104491857,False,True,False
2023-03-03,2023-01-01,-0.0474021291675925,0.0044821126575744965,-0.002527660840445752,0.002296598808356432,0.051884241825166995,0.04487446832714674,0.04969872797594893,False,True,False
2023-03-04,2023-01-01,-0.0004172164631153,0.00730427235402432,-0.002248942816070785,0.002272524880665419,0.00772148881713962,0.001831726352955485,0.002689741343780719,False,True,False
2023-03-05,2023-01-01,0.0036756935285233,0.0016457357345216555,-0.0027440479070681696,0.002261366223499691,0.0020299577940016446,0.00641974143559147,0.0014143273050236092,True,False,True
2023-03-06,2023-01-01,-0.0002565512632864,0.002971523524910343,-0.002717477949264639,0.0022620563179725894,0.0032280747881967427,0.002460926685978239,0.0025186075812589893,False,True,False
2023-03-07,2023-01-01,-0.0093620396174306,0.003977836895367357,-0.002651263429501455,0.0022512477949402153,0.013339876512797957,0.006710776187929146,0.011613287412370816,False,True,False
2023-03-08,2023-01-01,-0.0225785174062863,-0.0026490183312515977,-0.0025728405916977588,0.0021876933529626844,0.0199294990750347,0.02000567681458854,0.024766210759248983,True,True,False
2023-03-09,2023-01-01,-0.0623931115860858,0.0021617167423374226,-0.002477208405728141,0.0021339194382128065,0.06455482832842323,0.05991590318035766,0.0645270310242986,False,True,False
2023-03-10,2023-01-01,-0.0086321837790565,0.0014165051826517182,-0.0021449321231116767,0.0020312766400684508,0.010048688961708218,0.006487251655944823,0.01066346041912495,False,True,False
2023-03-11,2023-01-01,0.022051846825845,0.003947333802227504,-0.0027351635901062257,0.0019280189486945588,0.018104513023617496,0.024787010415951227,0.02012382787715044,True,False,False
2023-03-12,2023-01-01,0.0742297700996441,-0.0013796938559866893,-0.0029443734737447337,0.0018552509261852042,0.07560946395563078,0.07717414357338884,0.0723745191734589,False,False,False
2023-03-13,2023-01-01,0.0917518788869382,-0.0028903463359190532,-0.0032595473888436914,0.0017939956853813682,0.09464222522285726,0.0950114262757819,0.08995788320155683,False,False,False
2023-03-14,2023-01-01,0.0226692948830899,-0.0005488034347323472,-0.0032105166550028394,0.0017732153294002116,0.023218098317822247,0.02587981153809274,0.02089607955368969,False,False,False
2023-03-15,2023-01-01,-0.0149564443223711,0.0006820558693427874,-0.002512632408836009,0.0017692463952393674,0.015638500191713887,0.01244381191353509,0.016725690717610465,False,True,True
2023-03-16,2023-01-01,0.0277662130627542,0.005421374033766931,-0.0022689383845616172,0.0017627631202698658,0.02234483902898727,0.030035151447315816,0.02600344994248433,True,False,False
2023-03-17,2023-01-01,0.0946457745317153,0.006269992779426145,-0.0027701933606233743,0.0017902251007067228,0.08837578175228915,0.09741596789233867,0.09285554943100857,True,False,False
2023-03-18,2023-01-01,-0.016702594648891,0.0028724783767661594,-0.0033634128051384183,0.0018531982468859734,0.019575073025657162,0.013339181843752584,0.018555792895776975,False,True,True
2023-03-19,2023-01-01,0.0397834937525938,0.0021602518623069157,-0.0022762860130549584,0.0018996523586973196,0.03762324189028689,0.04205977976564876,0.037883841393896486,True,False,False
2023-03-20,2023-01-01,-0.0096808941778383,-0.0031117662372163405,-0.002928742242603648,0.0019622663442184214,0.00656912794062196,0.006752151935234652,0.011643160522056722,True,True,False
2023-03-21,2023-01-01,0.0147144668377081,0.0008391551541618242,-0.0023731177255798836,0.0020370586563001236,0.013875311683546276,0.01708758456328798,0.012677408181407977,True,False,True
2023-03-22,2023-01-01,-0.0308200086815363,0.005217076210811273,-0.0027185873160633905,0.0020956581935507967,0.036037084892347575,0.02810142136547291,0.032915666875087096,False,True,False
2023-03-23,2023-01-01,0.0375917790254027,0.008453363875795018,-0.0023348061142987684,0.002148286058207447,0.02913841514960768,0.039926585139701466,0.035443492967195254,True,False,True
2023-03-24,2023-01-01,-0.0296706540307385,-0.0001938307282393682,-0.0030740816889499012,0.0022484838776751295,0.029476823302499133,0.0265965723417886,0.03191913790841363,True,True,False
2023-03-25,2023-01-01,5.17171735541222e-05,0.002928208801586261,-0.002313792457240575,0.002333573695134388,0.002876491628032139,0.0023655096307946973,0.0022818565215802656,True,False,True
2023-03-26,2023-01-01,0.0181716083138161,0.00040563840777939147,-0.002675690508991543,0.0024158840397322323,0.01776596990603671,0.02084729882280764,0.01575572427408387,True,False,True
2023-03-27,2023-01-01,-0.0305219451176532,0.0030602088023127076,-0.002814325072873431,0.0025036096359154847,0.03358215391996591,0.02770762004477977,0.033025554753568685,False,True,False
2023-03-28,2023-01-01,0.0047252289443948,0.0011299177749193264,-0.0023409736458892853,0.0025799795491790734,0.0035953111694754735,0.007066202590284085,0.0021452493952157266,True,False,True
2023-03-29,2023-01-01,0.0396180637553154,0.004988728753013834,-0.002738646377435385,0.002667658079736839,0.034629335002301566,0.04235671013275079,0.036950405675578564,True,False,True
2023-03-30,2023-01-01,-0.0111074503792854,0.004407603114210943,-0.0029649026554563916,0.0028070867433435094,0.015515053493496342,0.008142547723829007,0.013914537122628908,False,True,False
2023-03-31,2023-01-01,0.0158710429685844,0.008383458677970053,-0.0024925251742040177,0.0029419298174682322,0.007487584290614345,0.018363568142788417,0.012929113151116167,True,False,True
2023-04-01,2023-01-01,-0.0023684272611504,0.008542661719954535,-0.002721415028271399,0.0030593359192223036,0.010911088981104936,0.000352987767120999,0.005427763180372703,False,True,False
2023-04-02,2023-01-01,-0.007452264985615,0.002623153255384325,-0.002580430485391222,0.003136713688847041,0.010075418240999326,0.004871834500223778,0.01058897867446204,False,True,False
2023-04-03,2023-01-01,-0.0145070184705049,0.0028121539355470127,-0.002548563515696922,0.003165060780181133,0.017319172406051915,0.01195845495480798,0.017672079250686035,False,True,False
2023-04-04,2023-01-01,0.0135971982612757,0.00040096561879271225,-0.0025095064816580523,0.003174138844324677,0.013196232642482987,0.016106704742933752,0.010423059416951024,True,False,True
2023-04-05,2023-01-01,0.0003512673846499,0.002499669983750817,-0.002824213403224449,0.003196821110160244,0.002148402599100917,0.0031754807878743487,0.0028455537255103443,True,False,True
2023-04-06,2023-01-01,-0.004749940528704,0.0037785123822361116,-0.0026196748346856017,0.0032079917253156074,0.008528452910940112,0.0021302656940183984,0.007957932254019608,False,True,False
2023-04-07,2023-01-01,-0.0042176813895504,0.0028078424409058375,-0.0025808240023385653,0.00318405812390455,0.007025523830456237,0.0016368573872118345,0.00740173951345495,False,True,False
2023-04-08,2023-01-01,0.0007854922772632,0.004716050675333415,-0.0026121078613128004,0.0031623204421659195,0.0039305583980702155,0.0033976001385760003,0.0023768281649027196,True,False,True
2023-04-09,2023-01-01,0.0137848392136818,0.0007470037385630965,-0.002645764548071318,0.0031259634161332323,0.013037835475118702,0.016430603761753117,0.010658875797548567,True,False,True
2023-04-10,2023-01-01,0.0465862182541065,0.0015623534694192026,-0.0027437928996346035,0.003101691515558046,0.0450238647846873,0.0493300111537411,0.043484526738548454,True,False,True
2023-04-11,2023-01-01,0.0196296667585718,-0.003708872213128659,-0.0030089092334810623,0.0030819639477117494,0.02333853897170046,0.02263857599205286,0.01654770281086005,False,False,True
2023-04-12,2023-01-01,-0.0031753158035832,0.005082301379893443,-0.0026814478241457373,0.003094456752431872,0.008257617183476644,0.0004938679794374628,0.006269772556015072,False,True,False
2023-04-13,2023-01-01,0.0086271348395248,0.0011740471061328448,-0.0024891201575700473,0.003078580462938187,0.007453087733391955,0.011116254997094847,0.005548554376586613,True,False,True
2023-04-14,2023-01-01,0.0028498510889198,0.004270739935427083,-0.0026498498432181374,0.0030825494451422897,0.001420888846507283,0.005499700932137938,0.0002326983562224898,True,False,True
2023-04-15,2023-01-01,-0.0054846413001793,0.001741898652018541,-0.002615187275346474,0.0030851628369145847,0.007226539952197841,0.002869454024832826,0.008569804137093885,False,True,False
2023-04-16,2023-01-01,-0.0001035877568033,0.004043630835299775,-0.002577549492687804,0.0030672543804833763,0.004147218592103075,0.0024739617358845037,0.0031708421372866765,False,True,False
2023-04-17,2023-01-01,-0.0287085713961738,0.001344764769461147,-0.0026588153131956046,0.003068154468932189,0.030053336165634947,0.026049756082978198,0.03177672586510599,False,True,False
2023-04-18,2023-01-01,0.032348662229154,0.002045031786697454,-0.0024087813483363724,0.0030592155853788414,0.03030363044245655,0.034757443577490374,0.029289446643775162,True,False,True
2023-04-19,2023-01-01,-0.0518092051895368,0.00134963809105775,-0.002957483234007883,0.0030380561812649734,0.05315884328059455,0.04885172195552892,0.05484726137080177,False,True,False
2023-04-20,2023-01-01,-0.020008250880993,0.003823508136449192,-0.0021632684546022867,0.003001093399219742,0.02383175901744219,0.017844982426390713,0.023009344280212743,False,True,False
2023-04-21,2023-01-01,-0.0343085225183388,0.0011186212639472976,-0.002600692806281036,0.0029524381360830016,0.0354271437822861,0.03170782971205777,0.037260960654421804,False,True,False
2023-04-22,2023-01-01,0.0198185879798462,0.0026783006633541917,-0.0024090087859449587,0.0028920861521013435,0.017140287316492007,0.02222759676579116,0.016926501827744855,True,False,True
2023-04-23,2023-01-01,-0.0081285246472544,-0.0013041758437591932,-0.002949360387025195,0.0028329341480549716,0.006824348803495206,0.0051791642602292045,0.01096145879530937,True,True,False
2023-04-24,2023-01-01,-0.0023936791297725,0.004537029991741075,-0.0025717641740838166,0.00278018607963715,0.006930709121513575,0.00017808504431131647,0.005173865209409651,False,True,False
2023-04-25,2023-01-01,0.0284195514729537,0.0003091990769844815,-0.002656890855000551,0.0027197031220995765,0.028110352395969217,0.03107644232795425,0.02569984835085412,True,False,True
2023-04-26,2023-01-01,0.0040661703978821,0.001186826875459563,-0.0028667508048781432,0.0026689915738131965,0.002879343522422537,0.0069329212027602425,0.0013971788240689032,True,False,True
2023-04-27,2023-01-01,0.0369805083318428,0.0016316609035001966,-0.002573130910172334,0.002621074933564171,0.0353488474283426,0.03955363924201513,0.03435943339827863,True,False,True
2023-04-28,2023-01-01,-0.0045303099370805,0.006440176255091328,-0.0029208576553727056,0.0025844304798526745,0.010970486192171829,0.0016094522817077942,0.007114740416933174,False,True,False
2023-04-29,2023-01-01,-0.0031279011203009,0.00193423791525942,-0.002478059507249941,0.0025341626594678622,0.0050621390355603205,0.0006498416130509589,0.005662063779768762,False,True,False
2023-04-30,2023-01-01,0.0006946806679244,0.002671456733202785,-0.00259066692535674,0.0024738813037238675,0.001976776065278385,0.00328534759328114,0.0017792006357994676,True,False,True
2023-05-01,2023-01-01,-0.0402216016424802,0.0023287538281629014,-0.0025875436150218194,0.0023911564583919136,0.0425503554706431,0.03763405802745838,0.04261275810087211,False,True,False
2023-05-02,2023-01-01,0.0209660330268972,0.0019754601757941523,-0.0023217824992670215,0.002296244532967546,0.01899057285110305,0.023287815526164223,0.018669788493929654,True,False,True
2023-05-03,2023-01-01,0.0113586256468158,0.0008864948601226919,-0.002908053781135092,0.0022283307496890107,0.010472130786693108,0.01426667942795089,0.009130294897126788,True,False,True
2023-05-04,2023-01-01,-0.005467695268338,-0.0020158570017488895,-0.0027192805709699863,0.002164052365156061,0.0034518382665891106,0.002748414697368014,0.0076317476334940605,True,True,False
2023-05-05,2023-01-01,0.0238034078202153,0.002957696049127767,-0.002593529334037367,0.0020934038008871814,0.020845711771087534,0.02639693715425267,0.02171000401932812,True,False,True
2023-05-06,2023-01-01,-0.021323001096775,0.0010659935443815393,-0.0028044473938941645,0.002040487566265013,0.02238899464115654,0.018518553702880833,0.023363488663040013,False,True,False
2023-05-07,2023-01-01,-0.0155561458290186,0.002155411634090997,-0.0024041633421894373,0.001999673861210533,0.0177115574631096,0.013151982486829163,0.017555819690229135,False,True,False
2023-05-08,2023-01-01,-0.0267336374092599,0.0037351782109333025,-0.0025215456281444102,0.001967415952055528,0.030468815620193206,0.02421209178111549,0.02870105336131543,False,True,False
2023-05-09,2023-01-01,-0.0012817829272578,-0.0009021615472503736,-0.002448835798480073,0.0019153306204914044,0.0003796213800074265,0.0011670528712222732,0.003197113547749204,True,True,True
2023-05-10,2023-01-01,-0.0013384371045779,0.0012060954751491305,-0.0027388481613372156,0.0018925751058644978,0.0025445325797270307,0.0014004110567593156,0.003231012210442398,False,True,True
2023-05-11,2023-01-01,-0.0224810761501332,-0.0003888523290682389,-0.0026586202423274233,0.0018843799458468835,0.02209222382106496,0.019822455907805778,0.024365456095980082,True,True,True
2023-05-12,2023-01-01,-0.0072515965245228,0.004762105144908715,-0.002481602005714917,0.0018812509572222209,0.012013701669431515,0.004769994518807883,0.009132847481745022,False,True,True
2023-05-13,2023-01-01,-0.0007801573211611,0.0011809202897755952,-0.002636179608177742,0.0018730387064822285,0.001961077610936695,0.001856022287016642,0.0026531960276433286,False,True,True
2023-05-14,2023-01-01,0.0054719279936015,0.0038021918293684185,-0.00265094456362367,0.0018623518431973372,0.0016697361642330818,0.00812287255722517,0.003609576150404163,True,False,False
2023-05-15,2023-01-01,0.0097307268012798,0.003363511199641918,-0.002710368820897364,0.0018548092668680299,0.006367215601637882,0.012441095622177163,0.00787591753441177,True,False,False
2023-05-16,2023-01-01,-0.0057384153414947,0.0013931942129809275,-0.0027169232307688454,0.0018385851525717022,0.007131609554475627,0.0030214921107258545,0.007577000494066402,False,True,True
2023-05-17,2023-01-01,0.0133948672826562,-0.0004515458777936811,-0.0025688165446681845,0.0018111830710302308,0.013846413160449881,0.015963683827324385,0.011583684211625969,False,False,False
2023-05-18,2023-01-01,-0.0206795076227598,-0.0009144315426602176,-0.0027284451185706237,0.001767862370152717,0.01976507608009958,0.017951062504189173,0.022447369992912514,True,True,True
2023-05-19,2023-01-01,0.0021585968530852,0.003824569812609195,-0.0024186211679000803,0.0017289085897974486,0.001665972959523995,0.0045772180209852804,0.00042968826328775153,True,False,False
2023-05-20,2023-01-01,0.0089050161152013,0.0021084595129248376,-0.002696005351415576,0.0016899476132519427,0.006796556602276462,0.011601021466616877,0.007215068501949357,True,False,False
2023-05-21,2023-01-01,-0.0138505529163128,0.00044215249107738266,-0.0027093604199257787,0.0016570381439590832,0.014292705407390183,0.011141192496387021,0.015507591060271884,False,True,True
2023-05-22,2023-01-01,0.0036425134576618,0.00409429348859557,-0.002519735823459224,0.0016429120077174901,0.00045178003093377,0.006162249281121024,0.00199960144994431,True,False,False
2023-05-23,2023-01-01,0.0139453037543169,0.0023230090528830443,-0.002686323052208368,0.0016162261983232481,0.011622294701433855,0.016631626806525267,0.012329077555993651,True,False,False
2023-05-24,2023-01-01,-0.0327230276510641,0.0008177524528137957,-0.0027461960501520342,0.0015842589895646852,0.0335407801038779,0.029976831600912066,0.034307286640628785,False,True,True
2023-05-25,2023-01-01,0.0053688873014257,0.0012325167275605592,-0.002340604048902401,0.001547313700973839,0.004136370573865141,0.0077094913503281005,0.003821573600451861,True,False,False
2023-05-26,2023-01-01,0.0091812238848294,-0.0005119153304796525,-0.0027319970752877182,0.0014980374181936627,0.009693139215309052,0.011913220960117118,0.007683186466635737,False,False,False
2023-05-27,2023-01-01,0.0055788344051805,0.00011677183843615178,-0.0027289100502764945,0.0014636102922549344,0.005462062566744348,0.008307744455456994,0.004115224112925565,True,False,False
2023-05-28,2023-01-01,0.0453058267244435,-0.0005156459731303191,-0.002679426540911108,0.0014393274563714196,0.04582147269757382,0.047985253265354605,0.04386649926807208,False,False,False
2023-05-29,2023-01-01,-0.0120973437068298,0.003073604261065826,-0.002982465138542093,0.0014462897416862661,0.015170947967895625,0.009114878568287707,0.013543633448516066,False,True,True
2023-05-30,2023-01-01,-0.0015690671469931,0.0021432920677283977,-0.0024243543551887535,0.0014527098678793092,0.0037123592147214977,0.0008552872081956536,0.003021777014872409,False,True,True
2023-05-31,2023-01-01,-0.0174242045550767,0.002798662735448674,-0.0025891255836932503,0.0014697755625073122,0.020222867290525373,0.014835078971383447,0.01889398011758401,False,True,True
2023-06-01,2023-01-01,-0.0146837092476463,0.0038404405003870786,-0.0024474135849711057,0.0014981963202431415,0.01852414974803338,0.012236295662675195,0.016181905567889444,False,True,True
2023-06-02,2023-01-01,0.0160185542694759,0.0028338955451500526,-0.002583407148304549,0.0015249455297808034,0.013184658724325848,0.01860196141778045,0.014493608739695097,True,False,False
2023-06-03,2023-01-01,-0.0064023326039167,0.0017124290803668958,-0.0028175031773667405,0.0015598048803239597,0.008114761684283595,0.0035848294265499593,0.007962137484240659,False,True,True
2023-06-04,2023-01-01,0.001622799291266,-0.0007685055492295887,-0.0025884601450741353,0.001590255131026821,0.002391304840495589,0.004211259436340135,3.254416023917915e-05,False,False,False
2023-06-05,2023-01-01,-0.0501111922380486,0.0017644277811646176,-0.0026701960240782226,0.0016145971695289043,0.05187562001921322,0.047440996213970375,0.05172578940757751,False,True,True
2023-06-06,2023-01-01,0.0574021716302086,0.0033751875851285073,-0.0021864045447058693,0.0016249518137330023,0.05402698404508009,0.05958857617491447,0.0557772198164756,True,False,False
2023-06-07,2023-01-01,-0.0327762495700458,0.000313338589431637,-0.0032381110541535875,0.0016395871436022677,0.03308958815947744,0.029538138515892216,0.03441583671364807,False,True,True
2023-06-08,2023-01-01,0.0061572444403654,0.004029408530205327,-0.0022665067137971617,0.0016625454292044583,0.002127835910160073,0.008423751154162561,0.0044946990111609415,True,False,False
2023-06-09,2023-01-01,-0.0010503081775867,0.0018841419019716072,-0.002773286722275269,0.001673529757556819,0.002934450079558307,0.001722978544688569,0.002723837935143519,False,True,True
2023-06-10,2023-01-01,-0.0237585293118016,0.0008942238712890617,-0.0025894449899154766,0.00167439627135755,0.02465275318309066,0.021169084321886123,0.025432925583159148,False,True,True
2023-06-11,2023-01-01,0.0034399794195076,0.00037743405499970537,-0.0024535183316375837,0.0016671195660541318,0.003062545364507894,0.0058934977511451835,0.001772859853453468,True,False,False
2023-06-12,2023-01-01,-0.0014521096700444,0.005562694121802511,-0.0026988029901762836,0.0016633719891368196,0.007014803791846911,0.0012466933201318836,0.00311548165918122,False,True,True
2023-06-13,2023-01-01,0.0006265231396582,-0.0010276885892066235,-0.002646016748365319,0.001649346303336528,0.0016542117288648236,0.003272539888023519,0.0010228231636783282,False,False,False
2023-06-14,2023-01-01,-0.0306362533909141,0.0035252114168114147,-0.0026884956428928773,0.0016538067879429802,0.034161464807725514,0.02794775774802122,0.03229006017885708,False,True,True
2023-06-15,2023-01-01,0.0179790877276557,0.001221047016422859,-0.0023384213801892024,0.0016514906002459465,0.016758040711232842,0.020317509107844904,0.016327597127409756,True,False,False
2023-06-16,2023-01-01,0.029365685552642,0.0039989849322432155,-0.0028859236665583843,0.0016508069064354283,0.025366700620398787,0.03225160921920039,0.027714878646206573,True,False,False
2023-06-17,2023-01-01,0.0069590029007406,0.0009996962808565453,-0.0028443920940353904,0.0016654418113374707,0.005959306619884055,0.00980339499477599,0.0052935610894031294,True,False,False
2023-06-18,2023-01-01,-0.0065808541458755,-0.0007810134554977627,-0.0026383852282187326,0.0016554193229006671,0.005799840690377737,0.003942468917656768,0.008236273468776166,True,True,True
2023-06-19,2023-01-01,0.0195478525476706,0.0026052209759288444,-0.0025273962539578434,0.0016495820895454066,0.016942631571741758,0.022075248801628443,0.017898270458125195,True,False,False
2023-06-20,2023-01-01,0.0549870534961889,-0.002392103598132759,-0.002776505111930364,0.0016515547736712535,0.057379157094321655,0.05776355860811926,0.053335498722517645,False,False,False
2023-06-21,2023-01-01,0.0600056234027324,0.0038966694012762364,-0.0030215676751674555,0.001673324700352536,0.05610895400145616,0.06302719107789985,0.05833229870237986,True,False,False
2023-06-22,2023-01-01,-0.0038303689299371,0.0023748347060531263,-0.00299322330275996,0.0017307216773359401,0.006205203635990227,0.0008371456271771402,0.00556109060727304,False,True,True
2023-06-23,2023-01-01,0.0261828074379983,0.004261069723033628,-0.0024221963285848665,0.001780076280148028,0.02192173771496467,0.028605003766583165,0.02440273115785027,True,False,False
2023-06-24,2023-01-01,-0.0047815994828226,0.000351684841669721,-0.002734333077135644,0.0018418510667846393,0.00513328432449232,0.0020472664056869557,0.006623450549607239,False,True,True
2023-06-25,2023-01-01,-0.0022401478377375,0.002921726889382607,-0.002465796733923125,0.001906484925437427,0.0051618747271201075,0.000225648896185625,0.004146632763174927,False,True,True
2023-06-26,2023-01-01,-0.0068611897530509,0.007521228982548952,-0.0026029052420715195,0.00199374166847661,0.014382418735599853,0.00425828451097938,0.008854931421527509,False,True,False
2023-06-27,2023-01-01,0.0137765980749888,9.163784787130256e-05,-0.0025932865454922644,0.002042774242308655,0.013684960227117496,0.016369884620481064,0.011733823832680144,True,False,True
2023-06-28,2023-01-01,-0.0196140103892863,0.00037104926884885207,-0.0027894462412388675,0.0021093649589382876,0.01998505965813515,0.016824564148047432,0.021723375348224588,False,True,False
2023-06-29,2023-01-01,0.0119358682246701,0.0008508904995311441,-0.002443578572623581,0.002164360163596472,0.011084977725138957,0.014379446797293681,0.009771508061073629,True,False,True
2023-06-30,2023-01-01,0.0010477918298796,0.004773142810223255,-0.002766068806481441,0.0022239155641114996,0.003725350980343655,0.0038138606363610408,0.0011761237342318997,True,False,True
2023-07-01,2023-07-01,0.0037019798257575,0.0022292216612367372,-0.0004790241482312676,0.0021561774192088152,0.0014727581645207627,0.004181003973988767,0.0015458024065486847,True,False,True
2023-07-02,2023-07-01,0.0010033124506771,0.0025447528874330597,-0.0004965233635061811,0.002215574414109773,0.0015414404367559598,0.001499835814183281,0.0012122619634326731,True,False,True
2023-07-03,2023-07-01,0.017493679292688,0.004665487354140941,-0.0004731491359957701,0.002275544230370704,0.012828191938547059,0.01796682842868377,0.015218135062317296,True,False,True
2023-07-04,2023-07-01,-0.0121598433108826,0.0017133091271872385,-0.000641085563041375,0.0023419940086448453,0.013873152438069837,0.011518757747841224,0.014501837319527444,False,True,False
2023-07-05,2023-07-01,-0.0085586975402272,0.003495431983701549,-0.0003413765755818396,0.0024211097191439756,0.01205412952392875,0.00821732096464536,0.010979807259371175,False,True,False
2023-07-06,2023-07-01,-0.0198212241714321,0.00366651672880058,-0.00038480955354402226,0.002487086349274208,0.02348774090023268,0.019436414617888077,0.02230831052070631,False,True,False
2023-07-07,2023-07-01,0.0144746679434417,0.0034123704447915027,-0.00029377005318077185,0.0025348379084155284,0.011062297498650196,0.014768437996622471,0.011939830035026171,True,False,True
2023-07-08,2023-07-01,-0.0016387902600796,0.0022492003550768636,-0.0006311633228968753,0.002579038449021453,0.0038879906151564636,0.0010076269371827248,0.004217828709101053,False,True,False
2023-07-09,2023-07-01,-0.0040045052860514,0.004341916144145556,-0.00045704300769727616,0.0026262482203405846,0.008346421430196956,0.0035474622783541235,0.006630753506391984,False,True,False
2023-07-10,2023-07-01,0.0080618620074273,0.004091143625052792,-0.00044066967695212265,0.002664175516336317,0.003970718382374508,0.008502531684379422,0.005397686491090983,True,False,True
2023-07-11,2023-07-01,0.0067888891036589,0.0015125239362555483,-0.0005508657594409681,0.002673716547730238,0.0052763651674033515,0.007339754863099868,0.004115172555928663,True,False,True
2023-07-12,2023-07-01,-0.0074884900280502,-0.00030620753321481276,-0.000520621983685513,0.002654324836649061,0.007182282494835387,0.006967868044364687,0.01014281486469926,True,True,False
2023-07-13,2023-07-01,0.0356809343747637,0.0037615246734662446,-0.0003984217063082321,0.0026377593341814715,0.03191940970129745,0.03607935608107193,0.033043175040582226,True,False,True
2023-07-14,2023-07-01,-0.0362809345920698,-0.000717099995557388,-0.000827843030497359,0.0026110549991617046,0.03556383459651241,0.03545309156157244,0.0388919895912315,True,True,False
2023-07-15,2023-07-01,-0.0012613447789694,0.0014638622031434788,-8.87978363527215e-05,0.0025762647555448628,0.002725206982112879,0.0011725469426166785,0.003837609534514263,False,True,False
2023-07-16,2023-07-01,-0.00154060357853,0.0023901820066041185,-0.00047898518430433375,0.0025444487959752383,0.003930785585134118,0.0010616183942256663,0.004085052374505238,False,True,False
2023-07-17,2023-07-01,-0.0034131272874816,0.004679589064584672,-0.0004462511868909098,0.0025173388256060506,0.008092716352066272,0.00296687610059069,0.005930466113087651,False,True,False
2023-07-18,2023-07-01,-0.0095975333493794,0.0013212435054755227,-0.0004548842272619268,0.002491110972683328,0.010918776854854923,0.009142649122117473,0.012088644322062728,False,True,False
2023-07-19,2023-07-01,0.0019212301525,0.0025918110391870996,-0.0003834686278880053,0.002470329960180706,0.0006705808866870997,0.002304698780388005,0.0005490998076807061,True,False,True
2023-07-20,2023-07-01,-0.0040752996439197,-0.0012420361209848295,-0.0004992797698574033,0.0024432658685847315,0.0028332635229348702,0.0035760198740622962,0.006518565512504432,True,True,False
2023-07-21,2023-07-01,0.0039181140710413,0.0027169951807647216,-0.000432231349043269,0.0024106573552700396,0.0012011188902765783,0.004350345420084569,0.0015074567157712603,True,False,True
2023-07-22,2023-07-01,-0.0045786411360546,0.0007915816022129702,-0.000494351693215374,0.0023742512741581766,0.00537022273826757,0.004084289442839227,0.006952892410212777,False,True,False
2023-07-23,2023-07-01,0.0105044471413182,0.00252258979336259,-0.0004410856512361313,0.002339279751357971,0.00798185734795561,0.010945532792554332,0.008165167389960228,True,False,True
2023-07-24,2023-07-01,-0.030169086020877,-0.0004043458521623168,-0.0005758631581721207,0.002296635060494246,0.029764740168714682,0.02959322286270488,0.032465721081371246,True,True,False
2023-07-25,2023-07-01,0.0017299501204297,0.0018776265714900103,-0.00016224051133705383,0.0022517414221578523,0.00014767645106031043,0.0018921906317667537,0.0005217913017281524,True,False,True
2023-07-26,2023-07-01,0.0043651529788248,0.0012922657405029792,-0.0005102179608829166,0.002202060747854141,0.0030728872383218205,0.0048753709397077166,0.0021630922309706585,True,False,True
2023-07-27,2023-07-01,-0.0049151196567127,0.0036085091515603105,-0.0005173530201740273,0.0021760546493039914,0.00852362880827301,0.0043977666365386725,0.007091174306016692,False,True,False
2023-07-28,2023-07-01,0.0037163327075591,0.0011075223412519422,-0.00042597525890604074,0.0021340551370855445,0.002608810366307158,0.004142307966465141,0.0015822775704735555,True,False,True
2023-07-29,2023-07-01,0.0012848855280773,0.0019780761868008504,-0.0005205192832836647,0.0020954847178140143,0.0006931906587235505,0.0018054048113609646,0.0008105991897367144,True,False,True
2023-07-30,2023-07-01,-0.0027799026821164,0.0014230848818311,-0.00047673035784134626,0.002059451772524423,0.0042029875639475,0.002303172324275054,0.004839354454640823,False,True,False
2023-07-31,2023-07-01,-0.0015438698273756,0.001705452714307416,-0.00044033402076572536,0.0020136816877579307,0.003249322541683016,0.0011035358066098745,0.0035575515151335304,False,True,False
2023-08-01,2023-07-01,0.0152452752829999,0.0013649898138270665,-0.0004492553674481724,0.001964574338797079,0.013880285469172833,0.015694530650448072,0.013280700944202821,True,False,True
2023-08-02,2023-07-01,-0.0176498908284369,0.001752627584782484,-0.0006372689598358266,0.0019243004678819575,0.019402518413219383,0.017012621868601075,0.019574191296318856,False,True,False
2023-08-03,2023-07-01,0.0009166006009861,-0.0004934875620224524,-0.0002853865765938831,0.0018593238718393925,0.0014100881630085523,0.0012019871775799831,0.0009427232708532925,False,False,True
2023-08-04,2023-07-01,-0.0035843942133476,0.002655211849854176,-0.0004919054745219549,0.0018096571008056758,0.006239606063201775,0.0030924887388256448,0.005394051314153276,False,True,True
2023-08-05,2023-07-01,-0.0010994270766331,0.0007685842177074921,-0.00043341225035528223,0.0017630174030325377,0.0018680112943405922,0.0006660148262778178,0.0028624444796656375,False,True,True
2023-08-06,2023-07-01,-9.347950838400898e-06,0.002883326254468075,-0.0004661991603980221,0.001722367961846532,0.002892674205306476,0.0004568512095596212,0.0017317159126849328,False,True,True
2023-08-07,2023-07-01,0.0047766457759308,0.0018764851175426369,-0.00047394180291840724,0.001684979008331404,0.002900160658388163,0.005250587578849207,0.0030916667675993962,True,False,False
2023-08-08,2023-07-01,0.0200446358531494,0.0010519437637772893,-0.0005239670011063349,0.0016531196100746561,0.018992692089372112,0.020568602854255734,0.018391516243074744,True,False,False
2023-08-09,2023-07-01,-0.0068535082702468,0.0017423688089932931,-0.0006660399962674194,0.001630224291942464,0.008595877079240094,0.006187468273979381,0.008483732562189265,False,True,True
2023-08-10,2023-07-01,-0.0044619647140478,0.0014186736415541853,-0.00037577883296485557,0.0016175943891236083,0.005880638355601985,0.0040861858810829444,0.006079559103171408,False,True,True
2023-08-11,2023-07-01,-0.0010831598801986,0.0012309102393572614,-0.0004424429974408849,0.001613265945632199,0.0023140701195558614,0.0006407168827577151,0.0026964258258307993,False,True,True
2023-08-12,2023-07-01,0.0006207965516027,0.0024485646495436865,-0.00045018238310672335,0.00161021609237382,0.0018277680979409865,0.0010709789347094234,0.00098941954077112,True,False,False
2023-08-13,2023-07-01,-0.0045230806453818,0.00022007525065449924,-0.00048477006708313357,0.0016072533548524659,0.004743155896036299,0.004038310578298666,0.006130334000234265,False,True,True
2023-08-14,2023-07-01,0.0042867761250493,0.0034279858124292902,-0.00043016660499274904,0.0016179099644607986,0.0008587903126200096,0.0047169427300420485,0.0026688661605885015,True,False,False
2023-08-15,2023-07-01,-0.008096168172366,0.00075293739676216,-0.0005268753712142826,0.0016285659757724342,0.00884910556912816,0.007569292801151718,0.009724734148138434,False,True,True
2023-08-16,2023-07-01,-0.0160631736342917,0.0024581400043111393,-0.00038434753739572335,0.0016329526196829972,0.01852131363860284,0.015678826096895977,0.017696126253974695,False,True,True
2023-08-17,2023-07-01,-0.070979171519405,0.002041173774474061,-0.0003123690574433028,0.0016377631345308257,0.07302034529387906,0.07066680246196169,0.07261693465393583,False,True,True
2023-08-18,2023-07-01,-0.0230641103114871,0.004349602657485738,0.00021631194105711001,0.001614425479723783,0.027413712968972836,0.02328042225254421,0.024678535791210883,False,False,True
2023-08-19,2023-07-01,0.0017907574452629,0.0008915852649730394,-0.0002992083875440533,0.0015861265526317906,0.0008991721802898606,0.0020899658328069532,0.00020463089263110935,True,False,False
2023-08-20,2023-07-01,0.0035782561476065,4.943063767196389e-05,-0.0005164142889341726,0.0015598533730820912,0.003528825509934536,0.0040946704365406724,0.002018402774524409,True,False,False
2023-08-21,2023-07-01,-0.0024988315741878,0.00024028237161746757,-0.0005338422377030943,0.0015360489667827048,0.002739113945805268,0.001964989336484706,0.004034880540970505,False,True,True
2023-08-22,2023-07-01,-0.0035401882238949,0.0003445206808066906,-0.0004629842480957815,0.001503566366846296,0.0038847089047015907,0.0030772039757991187,0.0050437545907411965,False,True,True
2023-08-23,2023-07-01,0.0153653064237893,3.3325237597933363e-06,-0.00042122439974016,0.0014830706308787587,0.015361973900029507,0.01578653082352946,0.01388223579291054,True,False,False
2023-08-24,2023-07-01,-0.0101873198847262,0.002357980730628915,-0.0006056792671452426,0.0014637465458790947,0.012545300615355116,0.009581640617580958,0.011651066430605296,False,True,True
2023-08-25,2023-07-01,-0.0043843529759125,0.005221118299115977,-0.00034420131905480057,0.0014413530034465079,0.009605471275028477,0.0040401516568577,0.005825705979359008,False,True,True
2023-08-26,2023-07-01,-0.0015051281432193,0.0015288503915321344,-0.0004662738522211148,0.0014138800988159723,0.0030339785347514346,0.0010388542909981853,0.0029190082420352723,False,True,True
2023-08-27,2023-07-01,0.0031232321991347,-0.0005855355819766317,-0.00045986858273826503,0.0013888580361082223,0.003708767781111332,0.0035831007818729653,0.0017343741630264778,False,False,False
2023-08-28,2023-07-01,0.0006307866874213,0.000170430273570324,-0.0005062636945281654,0.0013617125713997614,0.00046035641385097604,0.0011370503819494655,0.0007309258839784614,True,False,False
2023-08-29,2023-07-01,0.0621019247664413,0.0011855717713752404,-0.00048108066134229467,0.0013229852362916788,0.060916352995066064,0.0625830054277836,0.06077893953014962,True,False,False
2023-08-30,2023-07-01,-0.0155127083050838,-0.0009708554591988249,-0.001098464249721024,0.0013080430896674228,0.014541852845884976,0.014414244055362777,0.016820751394751223,True,True,True
2023-08-31,2023-07-01,-0.0500340578984273,0.0019552036424503754,-0.000270689866364093,0.0012920013040573003,0.05198926154087767,0.0497633680320632,0.0513260592024846,False,True,True
2023-09-01,2023-07-01,-0.0050420602257421,0.0037994800313211454,2.741527967994764e-05,0.001259149894453659,0.008841540257063244,0.0050694755054220475,0.0063012101201957585,False,False,True
2023-09-02,2023-07-01,0.0026384615075991,0.0026565039903914075,-0.0004358804582676746,0.0012318478330870385,1.8042482792307666e-05,0.0030743419658667745,0.0014066136745120614,True,False,False
2023-09-03,2023-07-01,0.0038953327054152,-0.00046763419779565244,-0.0005030614709770868,0.001199581393351348,0.004362966903210853,0.004398394176392287,0.002695751312063852,False,False,False
2023-09-04,2023-07-01,-0.0060513290120692,0.0006501867003546765,-0.0005411618974639207,0.0011656718774271946,0.006701515712423877,0.005510167114605279,0.007217000889496394,False,True,True
2023-09-05,2023-07-01,-0.0012565113521479,-0.002765821322691862,-0.00042540393481752117,0.001133849526304185,0.001509309970543962,0.0008311074173303788,0.0023903608784520847,True,True,True
2023-09-06,2023-07-01,-0.0010374752516241,-0.0032616167218831697,-0.00047011386516564277,0.0011095449958780424,0.0022241414702590698,0.0005673613864584572,0.0021470202475021424,True,True,True
2023-09-07,2023-07-01,0.018908652030005,0.005373653671285799,-0.00041025666699806524,0.0011212267997686804,0.013534998358719201,0.019318908697003066,0.01778742523023632,True,False,False
2023-09-08,2023-07-01,-0.0127491816139658,0.006272161500142942,-0.0006615127655265962,0.0011508095086297083,0.019021343114108743,0.012087668848439204,0.013899991122595509,False,True,True
2023-09-09,2023-07-01,-0.0003851113886439,0.004640619068736189,-0.0003489129069375859,0.0011748239721691635,0.005025730457380089,3.619848170631409e-05,0.0015599353608130636,False,True,True
2023-09-10,2023-07-01,-0.002450261102484,-0.0013941865876858166,-0.00047971378998091347,0.0011979117238405477,0.0010560745147981834,0.0019705473125030864,0.0036481728263245477,True,True,True
2023-09-11,2023-07-01,-0.025920036896742,0.0006288769234865635,-0.00043627824214610505,0.0012206419116926155,0.026548913820228563,0.025483758654595897,0.027140678808434616,False,True,True
2023-09-12,2023-07-01,0.0266541615686504,0.0015966877615974616,-0.00022394564132733707,0.001239553603863823,0.02505747380705294,0.02687810720997774,0.025414607964786576,True,False,False
2023-09-13,2023-07-01,0.0152895603671128,8.520237376678959e-05,-0.0007656288478081478,0.0012523249102162658,0.01520435799334601,0.016055189214920947,0.014037235456896533,True,False,False
2023-09-14,2023-07-01,0.011870739692642,-0.00021041708194598522,-0.0006100517085463146,0.0012754392967446234,0.012081156774587985,0.012480791401188313,0.010595300395897376,False,False,False
2023-09-15,2023-07-01,0.0026006171627044,0.004770879615297202,-0.0005909360267249379,0.001305529928055603,0.002170262452592802,0.003191553189429338,0.0012950872346487968,True,False,False
2023-09-16,2023-07-01,-0.0015187558753523,0.0041349161358098276,-0.0004614427476594934,0.0013362641585359617,0.005653672011162128,0.0010573131276928067,0.0028550200338882618,False,True,True
2023-09-17,2023-07-01,-0.0012832501161511,0.00162119217502103,-0.00045216367621052887,0.0013658625587210347,0.00290444229117213,0.000831086439940571,0.0026491126748721346,False,True,True
2023-09-18,2023-07-01,0.0082947235523982,0.004243273040091747,-0.0004451667886087367,0.0013951333281279623,0.004051450512306453,0.008739890341006936,0.006899590224270238,True,False,False
2023-09-19,2023-07-01,0.0170752461346723,-0.0015535564310495682,-0.0005607612142093505,0.0013950140747572158,0.01862880256572187,0.01763600734888165,0.015680232059915086,False,False,False
2023-09-20,2023-07-01,-0.0029072446550022,-0.0006348602025007411,-0.0006580541037089231,0.0014084213976499553,0.0022723844525014587,0.0022491905512932765,0.004315666052652155,True,True,True
2023-09-21,2023-07-01,-0.0208010776017831,-5.2654904691769484e-05,-0.00042637703617569495,0.0014509186088124304,0.02074842269709133,0.020374700565607404,0.02225199621059553,True,True,True
2023-09-22,2023-07-01,0.000449251424063,0.005010470936719975,-0.00025598492440067635,0.0014854038474126847,0.004561219512656975,0.0007052363484636764,0.0010361524233496846,True,False,False
2023-09-23,2023-07-01,-6.686879658768241e-06,0.004001957199145445,-0.0004772134196806621,0.0015190335567071725,0.004008644078804214,0.0004705265400218939,0.0015257204363659407,False,True,True
2023-09-24,2023-07-01,-0.0121358859454664,0.0029668089237449794,-0.0004767211263102711,0.00155001325635954,0.01510269486921138,0.01165916481915613,0.013685899201825941,False,True,True
2023-09-25,2023-07-01,0.001586417817688,0.0028290490915504067,-0.0003607668398583868,0.0015800867393178895,0.0012426312738624068,0.0019471846575463867,6.3310783701103594e-06,True,False,False
2023-09-26,2023-07-01,-0.0030887894396227,7.748903669631355e-05,-0.000505706840045741,0.0016114213764639321,0.0031662784763190135,0.002583082599576959,0.004700210816086632,False,True,True
2023-09-27,2023-07-01,0.005167086436411,-0.0008136304875614991,-0.00043321141578797824,0.0016435150618343982,0.005980716923972499,0.005600297852198978,0.0035235713745766016,False,False,False
2023-09-28,2023-07-01,0.0253799288809688,0.000839968192456683,-0.0005212928970070717,0.0016722986140597302,0.02453996068851212,0.025901221777975873,0.02370763026690907,True,False,False
2023-09-29,2023-07-01,-0.0040643924784561,0.004090947200645555,-0.0007189834808252865,0.001714293964403934,0.008155339679101654,0.0033454089976308137,0.005778686442860034,False,True,True
2023-09-30,2023-07-01,0.0020881352448591,0.0015353199211443555,-0.0004208482450193877,0.001754290355861511,0.0005528153237147446,0.002508983489878488,0.0003338448889975891,True,False,False
2023-10-01,2023-07-01,0.0376682419133327,0.002441146001606014,-0.00048699665423517494,0.0017961216333611538,0.03522709591172669,0.038155238567567876,0.035872120279971546,True,False,False
2023-10-02,2023-07-01,-0.0161867099209362,0.0031056642190749007,-0.0008271681138261402,0.001863744356702616,0.0192923741400111,0.015359541807110058,0.018050454277638815,False,True,False
2023-10-03,2023-07-01,-0.0036615970105057,0.0033396462040229495,-0.00029058951966074646,0.0019116619269979919,0.007001243214528649,0.0033710074908449537,0.005573258937503692,False,True,False
2023-10-04,2023-07-01,0.0134676013477212,0.003090600701183301,-0.000449480476899072,0.001951626749977257,0.010377000646537899,0.013917081824620273,0.011515974597743943,True,False,True
2023-10-05,2023-07-01,-0.0137946321616435,-0.0008987790500562987,-0.0006048040604241968,0.001987936087214951,0.012895853111587202,0.013189828101219303,0.01578256824885845,True,True,False
2023-10-06,2023-07-01,0.0193568444762239,0.001645746460810217,-0.00033120557891083203,0.0020145621918829463,0.017711098015413682,0.019688050055134732,0.017342282284340954,True,False,True
2023-10-07,2023-07-01,0.0007958817661306,0.0030603110488886726,-0.0006693132493139683,0.0020317042616547596,0.0022644292827580727,0.0014651950154445682,0.0012358224955241596,True,False,True
2023-10-08,2023-07-01,-0.0012067000343434,0.001278805628262927,-0.0004712046155813548,0.0020447403482689794,0.0024855056626063273,0.0007354954187620453,0.0032514403826123797,False,True,False
2023-10-09,2023-07-01,-0.0125795947441215,0.002451960888279126,-0.00046414631313185744,0.002053328698039572,0.015031555632400627,0.012115448430989642,0.014632923442161072,False,True,False
2023-10-10,2023-07-01,-0.0069845002171304,0.002969625894337145,-0.00031934791932049505,0.0020494054210045704,0.009954126111467544,0.006665152297809905,0.00903390563813497,False,True,False
2023-10-11,2023-07-01,-0.0189003267351682,0.0010852036095930864,-0.00042098903926386194,0.00204426297486267,0.019985530344761287,0.018479337695904336,0.02094458971003087,False,True,False
2023-10-12,2023-07-01,-0.0043359541366684,0.0025055798409154006,-0.0002925169716792858,0.00204351118682481,0.006841533977583801,0.004043437164989114,0.0063794653234932105,False,True,False
2023-10-13,2023-07-01,0.0039457699163931,0.0008407005581932106,-0.00044138833870992737,0.0020443976740979987,0.0031050693581998897,0.004387158255103028,0.0019013722422951016,True,False,True
2023-10-14,2023-07-01,-2.486633255627257e-05,0.0016133731085596803,-0.000527638920968643,0.002044344554639169,0.001638239441115953,0.0005027725884123704,0.0020692108871954414,False,True,False
2023-10-15,2023-07-01,0.0110918234702426,0.002100509025358116,-0.00046962666153697733,0.0020497644120869435,0.008991314444884484,0.011561450131779578,0.009042059058155657,True,False,True
2023-10-16,2023-07-01,0.050067446958242,0.0025620727628436115,-0.0005801923101280634,0.0020575322533899635,0.04750537419539839,0.050647639268370064,0.04800991470485204,True,False,True
2023-10-17,2023-07-01,-0.0036367703063566,0.0012753195514516311,-0.0009515167543648433,0.002083488907029718,0.004912089857808231,0.0026852535519917564,0.005720259213386317,False,True,False
2023-10-18,2023-07-01,-0.0030759792019486,0.003333815026313942,-0.00039873345305528103,0.002105594592609686,0.0064097942282625425,0.0026772457488933193,0.005181573794558286,False,True,False
2023-10-19,2023-07-01,0.0138188407410837,0.0021273489259628956,-0.00043338162709479356,0.002126563850566191,0.011691491815120804,0.014252222368178493,0.011692276890517508,True,False,True
2023-10-20,2023-07-01,0.0335358308702053,0.002015480461767533,-0.0006020320627865919,0.002150731294910935,0.031520350408437765,0.03413786293299189,0.03138509957529437,True,False,True
2023-10-21,2023-07-01,0.0079325975626527,0.0016996782949709774,-0.0007906880387626174,0.00217376561769416,0.006232919267681722,0.008723285601415318,0.00575883194495854,True,False,True
2023-10-22,2023-07-01,0.0025230073950464,0.0013250768752720071,-0.0005370988577329314,0.0021783662304942506,0.0011979305197743928,0.0030601062527793313,0.0003446411645521494,True,False,True
2023-10-23,2023-07-01,0.1030989052134629,0.0018080525529672882,-0.000501404268185491,0.002193227427694292,0.10129085266049562,0.10360030948164839,0.10090567778576862,True,False,True
2023-10-24,2023-07-01,0.0246414554013447,-0.0005502169802551631,-0.001479548941907297,0.002246060508506737,0.025191672381599865,0.026121004343251996,0.022395394892837962,False,False,True
2023-10-25,2023-07-01,0.017736456610143,0.004068250571578225,-0.0006074678861354401,0.002299112624001745,0.013668206038564775,0.01834392449627844,0.015437343986141255,True,False,True
2023-10-26,2023-07-01,-0.0100331471996967,0.006162063600084154,-0.0006356331226848035,0.002365372761346169,0.016195210799780854,0.009397514077011896,0.012398519961042869,False,True,False
2023-10-27,2023-07-01,-0.0072269285056373,0.0017527737606187305,-0.0003289126384738057,0.0024166100559644054,0.00897970226625603,0.006898015867163494,0.009643538561601706,False,True,False
2023-10-28,2023-07-01,0.0053015185391298,0.0021423955136511247,-0.0003859015068191112,0.0024680295805977834,0.003159123025478675,0.005687420045948911,0.0028334889585320162,True,False,True
2023-10-29,2023-07-01,0.0131684322930936,0.0041232132658021,-0.0005184606351141314,0.002518780501792845,0.0090452190272915,0.013686892928207732,0.010649651791300755,True,False,True
2023-10-30,2023-07-01,-0.0010457086417764,0.0005936128501534703,-0.0006333726926892703,0.002580292470369831,0.0016393214919298703,0.00041233594908712974,0.003626001112146231,False,True,False
2023-10-31,2023-07-01,0.0047943953114624,0.000711696870947571,-0.0004827443499347803,0.002643758724457885,0.004082698440514829,0.00527713966139718,0.002150636587004515,True,False,True
2023-11-01,2023-07-01,0.0221956130016252,0.0020463177577031487,-0.00047758677637900677,0.002712418867433648,0.02014929524392205,0.022673199778004208,0.019483194134191553,True,False,True
2023-11-02,2023-07-01,-0.0140815572242178,0.007053944814004064,-0.0006770520349156425,0.0027957061808387097,0.021135502038221864,0.013404505189302158,0.01687726340505651,False,True,False
2023-11-03,2023-07-01,-0.0058937701457594,0.006605741169727292,-0.00030223716326577797,0.002874010760772601,0.012499511315486692,0.005591532982493622,0.008767780906532002,False,True,False
2023-11-04,2023-07-01,0.0100733567827611,0.0035958545799435046,-0.00043031554518365946,0.0029518065402121137,0.006477502202817595,0.010503672327944759,0.007121550242548985,True,False,True
2023-11-05,2023-07-01,-0.0009360829177728,0.0020874350230385957,-0.0005621835869547904,0.003027406367941374,0.0030235179408113957,0.0003738993308180096,0.003963489285714173,False,True,False
2023-11-06,2023-07-01,-0.0003419285416157,0.0006217603443311834,-0.000466925501277404,0.003076998195775566,0.0009636888859468834,0.000124996959661704,0.003418926737391266,False,True,False
2023-11-07,2023-07-01,0.0115930902796088,0.0032382656454484062,-0.00046960234525681674,0.003127486060018506,0.008354824634160395,0.012062692624865617,0.008465604219590294,True,False,True
2023-11-08,2023-07-01,0.0059732946920896,0.0009451928118133256,-0.0005988115185140829,0.003184688627048897,0.005028101880276274,0.006572106210603682,0.0027886060650407028,True,False,True
2023-11-09,2023-07-01,0.0291078273278926,0.006669999783115337,-0.0005161025291405112,0.003240012248700555,0.022437827544777265,0.02962392985703311,0.025867815079192048,True,False,True
2023-11-10,2023-07-01,0.0169198930317326,0.003811742905228331,-0.0007413066354301876,0.003287086244509973,0.01310815012650427,0.01766119966716279,0.013632806787222628,True,False,True
2023-11-11,2023-07-01,-0.0047145338500075,0.005268202286919664,-0.0006265047363704875,0.0033308431419833053,0.009982736136927163,0.004088029113637013,0.008045376991990805,False,True,False
2023-11-12,2023-07-01,-0.0022492093215127,0.005574984445908765,-0.0004069372965092819,0.0033711179361413626,0.007824193767421465,0.001842272025003418,0.005620327257654063,False,True,False
2023-11-13,2023-07-01,-0.0149013958212123,-6.848999741767767e-05,-0.00043734404406478767,0.0033568055343540255,0.014832905823794623,0.014464051777147513,0.018258201355566328,True,True,False
2023-11-14,2023-07-01,-0.0264288381218549,0.0004947258409651971,-0.0003218154047447318,0.003321088005840799,0.0269235639628201,0.02610702271711017,0.0297499261276957,False,True,False
2023-11-15,2023-07-01,0.0659284455874031,0.0003370329993921356,-0.00023915531503388034,0.003266994285359038,0.06559141258801096,0.06616760090243698,0.06266145130204406,True,False,True
2023-11-16,2023-07-01,-0.0455592920556572,0.0015092919511307554,-0.0011442299280817472,0.003240425932242863,0.047068584006787956,0.044415062127575455,0.04879971798790007,False,True,False
2023-11-17,2023-07-01,0.0122228427460457,0.0022630216347254597,1.584951196962963e-05,0.0032035602838466973,0.00995982111132024,0.01220699323407607,0.009019282462199003,True,True,True
2023-11-18,2023-07-01,-0.0003000399946588,0.0043689387779426315,-0.0006231040056229756,0.0031732248452558225,0.0046689787726014315,0.0003230640109641756,0.0034732648399146224,False,True,False
2023-11-19,2023-07-01,0.021889527372586,0.0035490131910004726,-0.0004253881861161643,0.0031348946988342336,0.018340514181585527,0.022314915558702162,0.018754632673751766,True,False,True
2023-11-20,2023-07-01,0.0024182537251242,0.0026435460471376437,-0.0006951380870592,0.0031053161882058753,0.0002252923220134439,0.0031133918121833996,0.0006870624630816754,True,False,True
2023-11-21,2023-07-01,-0.0443777900607883,0.0025926530621472616,-0.00047591273681196067,0.0030816623128417063,0.04697044312293556,0.04390187732397634,0.04745945237363,False,True,False
2023-11-22,2023-07-01,0.0451928245212653,-0.0016185451527267166,-4.100399841935697e-05,0.0030274643566337925,0.04681136967399202,0.04523382851968466,0.04216536016463151,False,False,True
2023-11-23,2023-07-01,-0.0038127124992917,0.000412093117611435,-0.0009577606638902694,0.0029957575238116685,0.004224805616903134,0.0028549518354014304,0.006808470023103369,False,True,False
2023-11-24,2023-07-01,0.0115490622757274,0.002120253234401327,-0.00036096108668298737,0.0029691025485487806,0.009428809041326073,0.011910023362410387,0.00857995972717862,True,False,True
2023-11-25,2023-07-01,0.0020283973558654,0.005311297147387788,-0.0006379717266875495,0.0029382902880206777,0.003282899791522388,0.0026663690825529497,0.0009098929321552777,True,False,True
2023-11-26,2023-07-01,-0.0084047309321361,0.0015009168176711401,-0.0004661685346098632,0.0029127794933449776,0.00990564774980724,0.007938562397526237,0.011317510425481077,False,True,False
2023-11-27,2023-07-01,-0.0060020917896475,0.0010442232040451405,-0.00038796945003705813,0.0028851000643582976,0.007046314993692641,0.005614122339610442,0.008887191854005798,False,True,False
2023-11-28,2023-07-01,0.0154859979488453,0.005924708600970188,-0.00038976718333925503,0.0028491300169944363,0.009561289347875111,0.015875765132184555,0.012636867931850863,True,False,True
2023-11-29,2023-07-01,0.0007244373065387,0.0021444505259796704,-0.0006402135867748486,0.0028129215123085262,0.0014200132194409705,0.0013646508933135486,0.0020884842057698264,True,False,True
2023-11-30,2023-07-01,-0.0038497596002547,0.00016085387271528922,-0.0004946451971584413,0.002759967184458187,0.004010613472969989,0.003355114403096259,0.0066097267847128865,False,True,False
2023-12-01,2023-07-01,0.0258799479577476,-0.0017248163365958086,-0.000419927834020854,0.002693343140033851,0.027604764294343408,0.026299875791768453,0.02318660481771375,False,False,True
2023-12-02,2023-07-01,0.0203568745759425,0.00286053935982869,-0.0007304527681976959,0.0026380074683196005,0.01749633521611381,0.021087327344140195,0.0177188671076229,True,False,True
2023-12-03,2023-07-01,0.0127179646111132,0.0007281223177095534,-0.0006414128042662127,0.0025922383184133254,0.011989842293403646,0.013359377415379414,0.010125726292699875,True,False,True
2023-12-04,2023-07-01,0.0500697251679325,0.004282708765964841,-0.0005882421349969222,0.002559804719152132,0.04578701640196765,0.050657967302929416,0.047509920448780364,True,False,True
2023-12-05,2023-07-01,0.0500368245555349,0.004024397456539467,-0.0009389194504931021,0.002561394608643488,0.04601242709899544,0.05097574400602801,0.04747542994689141,True,False,True
2023-12-06,2023-07-01,-0.0075816290559757,-0.0008361538120068997,-0.0009330231733682142,0.0025546582176119506,0.006745475243968801,0.0066486058826074855,0.01013628727358765,True,True,False
2023-12-07,2023-07-01,-0.0103729856622278,0.00630597432461708,-0.00033770529179254097,0.0025699669303694463,0.01667895998684488,0.01003528037043526,0.012942952592597246,False,True,False
2023-12-08,2023-07-01,0.0201867341482688,-4.5504266251709296e-05,-0.00036991963042419616,0.00257423532381513,0.02023223841452051,0.020556653778692997,0.017612498824453673,False,False,True
2023-12-09,2023-07-01,-0.0099762529131086,0.004648625738982509,-0.0006623709226442992,0.0025882504560381867,0.01462487865209111,0.009313881990464302,0.012564503369146787,False,True,False
2023-12-10,2023-07-01,0.0012284421841561,0.000768494516051457,-0.00036025414042935717,0.0025928527458858627,0.00045994766810464305,0.0015886963245854572,0.0013644105617297627,True,False,True
2023-12-11,2023-07-01,-0.0579233579205116,0.0032621802828568802,-0.0005145635238699501,0.002597973726408748,0.06118553820336848,0.05740879439664165,0.06052133164692035,False,True,False
2023-12-12,2023-07-01,0.0050041573451182,0.004519259485830877,9.478567418821167e-05,0.002606532596039852,0.00048489785928732335,0.004909371670929989,0.002397624749078348,True,True,True
2023-12-13,2023-07-01,0.0347529986315475,0.0006089214288243039,-0.0005497983949585819,0.002612558934873116,0.0341440772027232,0.035302797026506086,0.032140439696674385,True,False,True
2023-12-14,2023-07-01,0.0031062756659134,0.0029825777105044527,-0.000788539768220419,0.0026369864187294847,0.00012369795540894714,0.003894815434133819,0.00046928924718391517,True,False,True
2023-12-15,2023-07-01,-0.0254326780209833,0.002580576391417439,-0.0005148913368968535,0.0026598472250301103,0.028013254412400736,0.024917786684086445,0.028092525246013408,False,True,False
2023-12-16,2023-07-01,0.0074018880907409,0.0030019527253728247,-0.0002202159905300232,0.002670708156213023,0.004399935365368075,0.007622104081270923,0.004731179934527877,True,False,True
2023-12-17,2023-07-01,-0.0207256320126656,-0.0009845424821664905,-0.0005257189679941666,0.002686847133496378,0.019741089530499106,0.020199913044671433,0.02341247914616198,True,True,False
2023-12-18,2023-07-01,0.0304335845227197,0.005605284068930825,-0.0002466707241861707,0.00270017258488826,0.024828300453788876,0.03068025524690587,0.02773341193783144,True,False,True
2023-12-19,2023-07-01,-0.0082820837151126,0.004536607655739146,-0.0007935937241831735,0.002717947339866977,0.012818691370851745,0.007488489990929426,0.011000031054979577,False,True,False
2023-12-20,2023-07-01,0.0326876134052842,0.002438366512647024,-0.0004069270472295444,0.0027322486449789037,0.030249246892637176,0.03309454045251374,0.029955364760305296,True,False,True
2023-12-21,2023-07-01,0.0049688697318006,-0.0007636881933257636,-0.0008063287302724245,0.002760049274395837,0.005732557925126364,0.005775198462073024,0.002208820457404763,False,False,True
2023-12-22,2023-07-01,0.0029348640929083,0.004498988051595137,-0.0004689083769715595,0.002780563328813062,0.0015641239586868367,0.0034037724698798596,0.00015430076409523805,True,False,True
2023-12-23,2023-07-01,-0.005872083923035,0.004297009254117049,-0.0004928523988674097,0.0027882993976226073,0.010169093177152049,0.00537923152416759,0.008660383320657607,False,True,False
2023-12-24,2023-07-01,-0.0165393996404319,0.004634745124174781,-0.0004190779124996795,0.0027860477831221577,0.021174144764606682,0.01612032172793222,0.01932544742355406,False,True,False
2023-12-25,2023-07-01,0.0138790638610564,0.0012331336100964202,-0.0002988430424714527,0.0027535892298972526,0.01264593025095998,0.014177906903527854,0.011125474631159147,True,False,True
2023-12-26,2023-07-01,-0.0250552532009955,-0.00029899012199848234,-0.0006390433888925545,0.002697700175357232,0.024756263078997018,0.024416209812102945,0.027752953376352734,True,True,False
2023-12-27,2023-07-01,0.0216943649202225,8.708978146338602e-05,-0.0002105717609553158,0.0026383973139775282,0.021607275138759114,0.021904936681177815,0.01905596760624497,True,False,True
2023-12-28,2023-07-01,-0.018760276947869,0.0005567445466342813,-0.0007260748912918428,0.002594821197708698,0.019317021494503282,0.01803420205657716,0.0213550981455777,False,True,False
2023-12-29,2023-07-01,-0.0123968967987939,0.00165733825162939,-0.0002468045268403891,0.002535106882458142,0.01405423505042329,0.012150092271953511,0.014932003681252042,False,True,False
2023-12-30,2023-07-01,0.0013658151137276,0.00309187482325028,-0.00036918077804336697,0.002483390903012163,0.00172605970952268,0.001734995891770967,0.001117575789284563,True,False,True
2023-12-31,2023-07-01,0.0025686222238776,0.0024583062426455555,-0.00047985621820291046,0.0024351252252389852,0.00011031598123204455,0.0030484784420805105,0.00013349699863861482,True,False,True
2024-01-01,2024-01-01,0.0450049945064126,0.003669865235080652,0.0010379451596396858,0.002473607284036488,0.04133512927133195,0.04396704934677291,0.04253138722237611,True,True,True
2024-01-02,2024-01-01,0.0179009390513014,0.0019045243308320583,0.0009255939628993616,0.0024701627905995205,0.01599641472046934,0.016975345088402035,0.015430776260701877,True,True,True
2024-01-03,2024-01-01,-0.0469281203624218,-0.0012745132138804903,0.0010069827787473461,0.002452170383420752,0.04565360714854131,0.047935103141169146,0.04938029074584255,True,False,False
2024-01-04,2024-01-01,0.0310805785653249,0.002514888418911786,0.0011734905521692148,0.002413303850652603,0.028565690146413112,0.029907088013155683,0.028667274714672297,True,True,True
2024-01-05,2024-01-01,-0.0003900067727314,0.0015052511769408407,0.000951866190674174,0.0024086124733574063,0.0018952579496722406,0.001341872963405574,0.0027986192460888065,False,False,False
2024-01-06,2024-01-01,-0.0039285670375933,0.0025401793109547446,0.001052185313187757,0.002391573244335257,0.006468746348548045,0.004980752350781057,0.006320140281928557,False,False,False
2024-01-07,2024-01-01,-0.0010479313368322,0.005424688634605461,0.0010550743362348197,0.0023859959733420373,0.00647261997143766,0.0021030056730670195,0.0034339273101742372,False,False,False
2024-01-08,2024-01-01,0.0688937833577922,0.00018992209592512887,0.0010465290948010802,0.00236527369008873,0.06870386126186707,0.06784725426299112,0.06652850966770348,True,True,True
2024-01-09,2024-01-01,-0.0176871306119723,0.0012570845497035762,0.0008613302275405797,0.002373421348402726,0.018944215161675878,0.018548460839512882,0.02006055196037503,False,False,False
2024-01-10,2024-01-01,0.0105775840049726,0.0015714197273044871,0.0011067538389932757,0.0023601807578312642,0.009006164277668113,0.009470830165979324,0.008217403247141335,True,True,True
2024-01-11,2024-01-01,-0.0055587338924432,0.0037258704071181452,0.0010130579650269346,0.0023397828598111198,0.009284604299561345,0.006571791857470134,0.007898516752254319,False,False,False
2024-01-12,2024-01-01,-0.075814646870802,9.327917395432917e-05,0.0010616578276335209,0.0023241366842769104,0.07590792604475632,0.07687630469843552,0.07813878355507892,False,False,False
2024-01-13,2024-01-01,-0.0002516769882185,0.003909124872728568,0.0012447856320218671,0.0022872324418441252,0.004160801860947068,0.0014964626202403671,0.002538909430062625,False,False,False
2024-01-14,2024-01-01,-0.0244177193838242,0.004962148550207938,0.0010284904836755763,0.0022608131545558737,0.029379867934032137,0.025446209867499774,0.026678532538380074,False,False,False
2024-01-15,2024-01-01,0.0171235190790146,-0.0005037836895297409,0.0011088397427071366,0.00222097675293714,0.01762730276854434,0.016014679336307465,0.014902542326077461,False,True,True
2024-01-16,2024-01-01,0.0151246009395882,0.0007325262896727695,0.0009935811875839337,0.0021971420397920486,0.014392074649915432,0.014131019752004268,0.012927458899796152,True,True,True
2024-01-17,2024-01-01,-0.0095537826722856,-0.0009669077840293084,0.0010080021432451712,0.002166165090170173,0.008586874888256293,0.010561784815530773,0.011719947762455774,True,False,False
2024-01-18,2024-01-01,-0.0346397256326677,0.0026784415871704357,0.0010733676548049225,0.002144549119333482,0.03731816721983813,0.03571309328747262,0.03678427475200118,False,False,False
2024-01-19,2024-01-01,0.0086362064423022,0.005676008123837393,0.0011346085013929528,0.002119198665644612,0.0029601983184648073,0.007501597940909248,0.006517007776657589,True,True,True
2024-01-20,2024-01-01,0.0011336255217606,0.0027552558708861807,0.001013959446494242,0.0020950028761300243,0.0016216303491255806,0.00011966607526635808,0.0009613773543694242,True,True,True
2024-01-21,2024-01-01,-0.0028752933279206,0.00438747655234108,0.001043219584330356,0.002074475282456103,0.00726276988026168,0.003918512912250956,0.0049497686103767025,False,False,False
2024-01-22,2024-01-01,-0.0490643746672181,-0.001575968942986112,0.0010524715065615305,0.002035264731240787,0.04748840572423199,0.05011684617377963,0.051099639398458886,True,False,False
2024-01-23,2024-01-01,0.0085600134310392,-0.0013400862915261924,0.0011742746780880617,0.001975668334142248,0.009900099722565394,0.007385738752951139,0.006584345096896952,False,True,True
2024-01-24,2024-01-01,0.0058105217009309,0.00012958752753206276,0.0010109947832548807,0.0019513443332725615,0.005680934173398837,0.0047995269176760195,0.0038591773676583388,True,True,True
2024-01-25,2024-01-01,-0.0035747525934159,0.0035302823989654102,0.0010306919357343687,0.0019229633672567625,0.0071050349923813105,0.004605444529150269,0.005497715960672662,False,False,True
2024-01-26,2024-01-01,0.0471545932209109,0.004883352085711012,0.0010553388905573215,0.0018921757661549393,0.042271241135199894,0.046099254330353584,0.04526241745475596,True,True,False
2024-01-27,2024-01-01,0.0072502697074174,0.0009420759286209901,0.0009185829198838855,0.001874130744643614,0.0063081937787964094,0.0063316867875335145,0.005376138962773786,True,True,False
2024-01-28,2024-01-01,-0.00200524282617,0.002443162245701446,0.0010357136806936672,0.0018626263104416577,0.004448405071871446,0.0030409565068636674,0.0038678691366116577,False,False,True
2024-01-29,2024-01-01,0.0297998013588187,-0.0006578890039122898,0.001051831616614075,0.001813981036681626,0.03045769036273099,0.028747969742204626,0.027985820322137075,False,True,False
2024-01-30,2024-01-01,-0.007753530092744,0.0011098542343815794,0.000965111159504215,0.00178365508932769,0.008863384327125579,0.008718641252248215,0.00953718518207169,False,False,True
2024-01-31,2024-01-01,-0.008614235820219,-0.002438248665144591,0.001071754109198977,0.0017340672182008803,0.006175987155074409,0.009685989929417977,0.01034830303841988,True,False,True
2024-02-01,2024-01-01,0.0115814418427713,0.003034135231519238,0.001065955712761342,0.001685857283146146,0.008547306611252062,0.010515486130009959,0.009895584559625154,True,True,False
2024-02-02,2024-01-01,0.0025556346111748,0.0022507309341637718,0.0010119060727683303,0.0016875717619729972,0.00030490367701102843,0.0015437285384064699,0.000868062849201803,True,True,False
2024-02-03,2024-01-01,-0.0044831659668692,0.003024400385287256,0.001040276233144874,0.0016907662544035488,0.007507566352156456,0.005523442200014074,0.006173932221272748,False,False,True
2024-02-04,2024-01-01,-0.0095056194721141,0.005887344285569477,0.0010571181966347917,0.0016996660640274089,0.015392963757683576,0.01056273766874889,0.011205285536141509,False,False,True
2024-02-05,2024-01-01,0.0017632602500394,0.0012412601267964992,0.001068868741082987,0.001698953844262591,0.0005220001232429008,0.000694391508956413,6.430640577680894e-05,True,True,False
2024-02-06,2024-01-01,0.0099863386864791,-0.0011102732496615715,0.0010377695587074896,0.0016875535959535335,0.011096611936140671,0.008948569127771611,0.008298785090525566,False,True,False
2024-02-07,2024-01-01,0.0286308500811809,0.0005131927118952684,0.0010183729691639913,0.0016893985079673734,0.028117657369285634,0.02761247711201691,0.026941451573213527,True,True,False
2024-02-08,2024-01-01,0.0221882487848668,0.0007441815137382629,0.0009707316833652278,0.0017150586401665836,0.021444067271128537,0.021217517101501573,0.020473190144700216,True,True,False
2024-02-09,2024-01-01,0.0407410374279104,0.0010882366409886782,0.0009920318458058,0.00174956730692948,0.039652800786921724,0.039749005582104605,0.03899147012098092,True,True,False
2024-02-10,2024-01-01,0.0132368016624795,0.0030137702185960924,0.0009414787505806388,0.0017971420452859781,0.010223031443883406,0.012295322911898861,0.011439659617193522,True,True,False
2024-02-11,2024-01-01,0.0109404783388815,0.001483926117618713,0.0010186145211307112,0.0018507708113036927,0.009456552221262786,0.009921863817750788,0.009089707527577807,True,True,False
2024-02-12,2024-01-01,0.0344619935076904,0.007366150789248012,0.0010187658690451176,0.0019296277016085132,0.027095842718442387,0.03344322763864528,0.03253236580608189,True,True,True
2024-02-13,2024-01-01,-0.0043192339224062,0.003028627353725406,0.0009556194120918482,0.002012245340383098,0.007347861276131606,0.005274853334498048,0.006331479262789298,False,False,False
2024-02-14,2024-01-01,0.0419009169499291,0.003174481550809178,0.0010637612758390884,0.002093025321060482,0.03872643539911992,0.040837155674090006,0.039807891628868615,True,True,True
2024-02-15,2024-01-01,0.0021583350882306,0.0037893132658727404,0.0009325901452808415,0.0021836957694935303,0.0016309781776421405,0.0012257449429497584,2.5360681262930496e-05,True,True,True
2024-02-16,2024-01-01,0.0042675126182003,0.0014311137459716069,0.0010481178044088372,0.0022576060150049197,0.0028363988722286933,0.003219394813791463,0.0020099066031953805,True,True,True
2024-02-17,2024-01-01,-0.0095323062691773,0.0015756884176141735,0.0010340088782076543,0.0023252537472756903,0.011107994686791472,0.010566315147384953,0.01185756001645299,False,False,False
2024-02-18,2024-01-01,0.0088951631921632,0.003171303794820971,0.0010709201495141512,0.002387616002987549,0.005723859397342228,0.007824243042649049,0.006507547189175651,True,True,True
2024-02-19,2024-01-01,-0.0065883646202773,0.0020479912267213508,0.0010188869107858386,0.002438860336426419,0.00863635584699865,0.0076072515310631385,0.00902722495670372,False,False,False
2024-02-20,2024-01-01,0.0097670688329889,0.005223304360108639,0.0010639815211778106,0.0024916533190286957,0.0045437644728802615,0.008703087311811089,0.007275415513960205,True,True,True
2024-02-21,2024-01-01,-0.0085243641205989,0.0015308613702379973,0.001017228946516999,0.0025600252748930797,0.010055225490836898,0.009541593067115899,0.01108438939549198,False,False,False
2024-02-22,2024-01-01,-0.0103050826511981,0.003448392492880363,0.0010693381381763477,0.0026234561643404424,0.013753475144078464,0.01137442078937445,0.012928538815538543,False,False,False
2024-02-23,2024-01-01,-0.0111689648747954,0.0022275765175046925,0.0010701284948014067,0.0026721641104534293,0.013396541392300091,0.012239093369596806,0.013841128985248828,False,False,False
2024-02-24,2024-01-01,0.0165409048276792,0.0033596364848502464,0.0010719246243996489,0.0027253056767896416,0.013181268342828956,0.015468980203279553,0.013815599150889559,True,True,True
2024-02-25,2024-01-01,0.0031439452297428,0.0033293501987530167,0.0009980955611442242,0.002787566543102681,0.0001854049690102168,0.002145849668598576,0.00035637868664011897,True,True,True
2024-02-26,2024-01-01,0.0539143528448111,0.004336871844227565,0.0010397824861478437,0.0028487802238888384,0.04957748100058354,0.05287457035866326,0.05106557262092226,True,True,True
2024-02-27,2024-01-01,0.0470076269538002,0.0017925646635750937,0.0009021653982292291,0.0029214910359912083,0.04521506229022511,0.04610546155557097,0.044086135917808994,True,True,True
2024-02-28,2024-01-01,0.0949353199412474,0.0021321909342113935,0.000931665205554317,0.0030098587466325863,0.09280312900703601,0.09400365473569308,0.09192546119461481,True,True,True
2024-02-29,2024-01-01,-0.0209008984686548,0.00304357081984827,0.0008031800970605879,0.0031147381751194777,0.02394446928850307,0.02170407856571539,0.024015636643774277,False,False,False
2024-03-01,2024-01-01,0.0202987390010944,0.0033855854261230405,0.0011214611807895453,0.0031935976703067544,0.01691315357497136,0.019177277820304855,0.017105141330787645,True,True,True
2024-03-02,2024-01-01,-0.0065788115486197,0.004533061784342008,0.0009867950318356365,0.003270800723866285,0.011111873332961708,0.007565606580455337,0.009849612272485986,False,False,False
2024-03-03,2024-01-01,0.0183383238953576,0.004733589253264401,0.0010665469734706995,0.0033226089806808984,0.0136047346420932,0.017271776921886903,0.015015714914676702,True,True,True
2024-03-04,2024-01-01,0.0817359164921911,0.003272923860082295,0.000994545684390026,0.003362783186693733,0.0784629926321088,0.08074137080780107,0.07837313330549736,True,True,True
2024-03-05,2024-01-01,-0.0662840245576039,0.003408741313352534,0.0008315055221068624,0.0034278269441198276,0.06969276587095644,0.06711553007971077,0.06971185150172374,False,False,False
2024-03-06,2024-01-01,0.036137337494942,-0.0005773701589724947,0.0012387900451711665,0.0034494603542603234,0.0367147076539145,0.034898547449770834,0.03268787714068168,False,True,True
2024-03-07,2024-01-01,0.0123841969275335,0.003264788107413936,0.0009345560574123936,0.0034848882612044233,0.009119408820119563,0.011449640870121106,0.008899308666329077,True,True,True
2024-03-08,2024-01-01,0.0205394012137098,0.0027304180230201076,0.0010193351464382655,0.003519901764522157,0.01780898319068969,0.019520066067271535,0.017019499449187642,True,True,True
2024-03-09,2024-01-01,0.0029105240064184,0.006709533027734256,0.0009929189339650598,0.003559502098508448,0.003799009021315856,0.0019176050724533402,0.000648978092090048,True,True,True
2024-03-10,2024-01-01,0.0076045948285881,0.004637904800578565,0.001041513910380892,0.00359645375401929,0.002966690028009535,0.006563080918207208,0.00400814107456881,True,True,True
2024-03-11,2024-01-01,0.0449743070742958,-0.0013764397180588083,0.001025183245913453,0.0036387536168812486,0.046350746792354604,0.04394912382838234,0.04133555345741455,False,True,True
2024-03-12,2024-01-01,-0.0089099054795025,0.0022135755353982723,0.0009268553469439678,0.0036903229330429,0.011123481014900773,0.009836760826446467,0.012600228412545399,False,False,False
2024-03-13,2024-01-01,0.0224144102395678,0.0046831746011141515,0.0010782387405773464,0.0037326909631014583,0.01773123563845365,0.021336171498990454,0.018681719276466342,True,True,True
2024-03-14,2024-01-01,-0.0230819028918976,0.005311181385264933,0.0009833958517992203,0.003788161215765264,0.02839308427716253,0.024065298743696818,0.026870064107662864,False,False,False
2024-03-15,2024-01-01,-0.0279119802196445,0.0033464489268037745,0.0011108438800082909,0.003840475603030702,0.031258429146448274,0.029022824099652792,0.031752455822675205,False,False,False
2024-03-16,2024-01-01,-0.058911152052589,0.007393891998857413,0.0011137715564479374,0.003874107120604536,0.06630504405144641,0.06002492360903693,0.06278525917319354,False,False,False
2024-03-17,2024-01-01,0.0470872279639511,0.008084456769819146,0.0011947662638780766,0.0038947244057150037,0.03900277119413195,0.04589246170007302,0.043192503558236096,True,True,True
2024-03-18,2024-01-01,-0.0123120859035869,0.00035050673228090756,0.0009062774194557703,0.0039057381557500454,0.012662592635867808,0.013218363323042671,0.016217824059336944,False,False,False
2024-03-19,2024-01-01,-0.0834335698143234,0.001788978718275738,0.0010872132293917958,0.003889941968842049,0.08522254853259914,0.0845207830437152,0.08732351178316544,False,False,False
2024-03-20,2024-01-01,0.0969250463889783,-0.0035224707392218,0.001263698219761789,0.0038070560055769942,0.10044751712820009,0.09566134816921651,0.0931179903834013,False,True,True
2024-03-21,2024-01-01,-0.035667063539995,0.003298601726933208,0.0007686933945814172,0.003762367821290761,0.038965665266928205,0.036435756934576416,0.03942943136128576,False,False,False
2024-03-22,2024-01-01,-0.026150443438534,-0.0007332733813801922,0.0011601185051136572,0.0036954408544748003,0.02541717005715381,0.027310561943647657,0.0298458842930088,True,False,False
2024-03-23,2024-01-01,0.0044441346713488,0.012378348854216235,0.0011067110994144428,0.00362732036420192,0.007934214182867435,0.0033374235719343575,0.0008168143071468799,True,True,True
2024-03-24,2024-01-01,0.0495138879911882,0.0022983157655140237,0.0010268892285539126,0.0035522961068924883,0.04721557222567418,0.048486998762634285,0.04596159188429571,True,True,True
2024-03-25,2024-01-01,0.0405246402092314,-0.004280777379058426,0.0009138192205650851,0.0034486820560943976,0.04480541758828982,0.03961082098866631,0.037075958153137,False,True,True
2024-03-26,2024-01-01,0.0004148646391046,0.006918023888048637,0.0009478636646376427,0.0033949311406249556,0.006503159248944037,0.0005329990255330427,0.0029800665015203556,True,True,True
2024-03-27,2024-01-01,-0.0076083533712275,-0.0007123006354056772,0.001052764800401152,0.003323671381260251,0.006896052735821823,0.008661118171628651,0.010932024752487751,True,False,False
2024-03-28,2024-01-01,0.0185674608370216,0.003275799237807005,0.0010652293358542366,0.0032462624087312795,0.015291661599214594,0.01750223150116736,0.01532119842829032,True,True,True
2024-03-29,2024-01-01,-0.0120450288304576,-0.00026152971651715803,0.0009936683451315668,0.0031693112742030224,0.011783499113940442,0.013038697175589167,0.015214340104660622,True,False,False
2024-03-30,2024-01-01,-0.0035414711944022,0.009200497249816439,0.001080626930489925,0.0030918571030500233,0.012741968444218639,0.004622098124892125,0.006633328297452223,False,False,False
2024-03-31,2024-01-01,0.024242032647795,0.0028419177248250006,0.0010514408363152632,0.003016923459698471,0.021400114922969997,0.023190591811479734,0.021225109188096527,True,True,True
2024-04-01,2024-01-01,-0.022871394296192,-0.004420358956450308,0.0009793460161263913,0.002928228646691318,0.018451035339741694,0.023850740312318392,0.025799622942883318,True,False,False
2024-04-02,2024-01-01,-0.0610479859894921,-0.0024971389178505823,0.0011106367747242653,0.002840503948222211,0.058550847071641515,0.06215862276421636,0.06388848993771432,True,False,False
2024-04-03,2024-01-01,0.0081568302105263,0.005402287006716482,0.001201842434558801,0.0027283717446359664,0.002754543203809818,0.006954987775967499,0.005428458465890334,True,True,True
2024-04-04,2024-01-01,0.0383146426091676,0.0025479952176960573,0.0010093153450898443,0.0026320482912445833,0.03576664739147154,0.03730532726407776,0.03568259431792302,True,True,True
2024-04-05,2024-01-01,-0.0097973208750877,-0.0031140992509966665,0.0009441540480775517,0.002570074620593363,0.006683221624091034,0.010741474923165252,0.012367395495681064,True,False,False
2024-04-06,2024-01-01,0.0156029711565459,0.00869713209809641,0.0010790167045300954,0.002537478611646442,0.0069058390584494905,0.014523954452015804,0.013065492544899457,True,True,True
2024-04-07,2024-01-01,0.0067702707269166,-0.0003604461724002169,0.0010012364410877219,0.002487128914320625,0.007130716899316817,0.005769034285828878,0.004283141812595975,False,True,True
2024-04-08,2024-01-01,0.032709358784746,-0.00046938471384064566,0.0010300301569817756,0.002444147709523886,0.03317874349858664,0.03167932862776422,0.030265211075222113,False,True,True
2024-04-09,2024-01-01,-0.0347940311582283,0.00475092440392832,0.0009593008515407764,0.00245548268882319,0.03954495556215662,0.03575333200976908,0.03724951384705149,False,False,False
2024-04-10,2024-01-01,0.0209558550176423,0.0038227439201099092,0.0011442882987344558,0.0024098208142538714,0.01713311109753239,0.019811566718907846,0.018546034203388427,True,True,True
2024-04-11,2024-01-01,-0.0074697443313405,0.0015928431114575967,0.000981473704979982,0.002390558492265488,0.009062587442798097,0.008451218036320481,0.009860302823605987,False,False,False
2024-04-12,2024-01-01,-0.0408894843058877,-0.000779100251230114,0.0010688544337975913,0.002380548814561954,0.04011038405465759,0.04195833873968529,0.04327003312044966,True,False,False
2024-04-13,2024-01-01,-0.0502172927069198,0.007498095276829519,0.00115163603239346,0.0023546133122852573,0.05771538798374932,0.05136892873931326,0.052571906019205056,False,False,False
2024-04-14,2024-01-01,0.0300408910426832,0.005048316263173355,0.001168907928853899,0.0022893956871109815,0.024992574779509846,0.0288719831138293,0.02775149535557222,True,True,True
2024-04-15,2024-01-01,-0.0351773717855853,-0.005156476227903711,0.0009534076670409619,0.0022155319977411126,0.030020895557681587,0.03613077945262626,0.03739290378332641,True,False,False
2024-04-16,2024-01-01,0.0060803307977836,0.001470825238078065,0.0011442289567761923,0.0021325945623573116,0.004609505559705535,0.004936101841007408,0.003947736235426288,True,True,True
2024-04-17,2024-01-01,-0.0397288489105271,0.003775582405391202,0.001020787626071562,0.0020639856369855107,0.0435044313159183,0.04074963653659867,0.04179283454751261,False,False,False
2024-04-18,2024-01-01,0.0364912407749862,-0.0013737962228703585,0.0011512315308233672,0.0019828894006004008,0.03786503699785656,0.035340009244162834,0.0345083513743858,False,True,True
2024-04-19,2024-01-01,0.0052086610311106,0.00036278737317040934,0.0009388801664621004,0.0019336309573275898,0.004845873657940191,0.004269780864648499,0.00327503007378301,True,True,True
2024-04-20,2024-01-01,0.0180264212686844,0.005385854267610492,0.001038530065348602,0.0018838687208796176,0.012640567001073907,0.016987891203335798,0.01614255254780478,True,True,False
2024-04-21,2024-01-01,-0.0010431180502996,0.0009011205802680964,0.0009980393339025467,0.0018305512031089966,0.0019442386305676964,0.0020411573842021467,0.0028736692534085968,False,False,True
2024-04-22,2024-01-01,0.0294337582058501,-0.0011286414036420019,0.0010514113190018,0.0017876606522266565,0.030562399609492103,0.028382346886848302,0.027646097553623444,False,True,False
2024-04-23,2024-01-01,-0.0064395749824405,0.001234275786848663,0.0009663128038088181,0.00178725487553134,0.007673850769289163,0.007405887786249317,0.00822682985797184,False,False,True
2024-04-24,2024-01-01,-0.0320804467601734,0.007221083344517101,0.0010682025412391515,0.001795828664871471,0.0393015301046905,0.03314864930141255,0.03387627542504487,False,False,True
2024-04-25,2024-01-01,0.0031863484195515,0.0037757999820741705,0.0011285744673603434,0.001763842869621903,0.0005894515625226703,0.002057773952191157,0.0014225055499295972,True,True,False
2024-04-26,2024-01-01,-0.0112650044825576,-0.0005283724714135879,0.0010290317625362801,0.0017441704307569917,0.010736632011144012,0.01229403624509388,0.013009174913314592,True,False,True
2024-04-27,2024-01-01,-0.0052729668026479,-0.00030479555328078757,0.0010749759048645586,0.0017159284043898298,0.004968171249367112,0.006347942707512459,0.00698889520703773,True,False,True
2024-04-28,2024-01-01,-0.0048236250639039,0.00277962650561679,0.001056067535409638,0.0016866515498762124,0.00760325156952069,0.005879692599313539,0.006510276613780112,False,False,True
2024-04-29,2024-01-01,0.0115330909160229,-0.0029036024608341416,0.001056144969088857,0.0016399990856843937,0.01443669337685704,0.010476945946934043,0.009893091830338506,False,True,False
2024-04-30,2024-01-01,-0.0501912493092746,0.00035976686313236384,0.0010128232976084014,0.001616060943431865,0.05055101617240696,0.051204072606883,0.05180731025270646,False,False,True
2024-05-01,2024-01-01,-0.0392969544937571,0.00415018383099105,0.001180396519324747,0.001575852153579872,0.04344713832474815,0.04047735101308185,0.04087280664733697,False,False,True
2024-05-02,2024-01-01,0.0149246695523317,0.0020410751378163654,0.0011379496990995424,0.0015266555939333526,0.012883594414515333,0.013786719853232156,0.013398013958398347,True,True,False
2024-05-03,2024-01-01,0.0637040529416774,3.5943512260384804e-05,0.0009959300689000678,0.001506630795982365,0.06366810942941702,0.06270812287277733,0.062197422145695035,True,True,False
2024-05-04,2024-01-01,0.015926845790239,0.0009805917057800625,0.0008783192882228064,0.0015237913768770808,0.014946254084458939,0.015048526502016196,0.01440305441336192,True,True,False
2024-05-05,2024-01-01,0.0021858966532419,0.0016694541510619463,0.001016367532876618,0.001525759816938144,0.0005164425021799536,0.0011695291203652819,0.0006601368363037558,True,True,False
2024-05-06,2024-01-01,-0.0135743903874885,0.001602278585558716,0.001042743322901953,0.001533879672969412,0.015176668973047217,0.014617133710390452,0.015108270060457911,False,False,True
2024-05-07,2024-01-01,-0.0130954288575765,0.00044982987345677057,0.001081330083658958,0.0015439363078204745,0.013545258731033271,0.014176758941235459,0.014639365165396975,False,False,True
2024-05-08,2024-01-01,-0.0183986264197131,0.008685932306279887,0.0010764257993720516,0.001566661762476385,0.027084558725992986,0.01947505221908515,0.019965288182189483,False,False,True
2024-05-09,2024-01-01,0.0304311517670996,0.003104003568176042,0.0010904714014266475,0.0015514728226264727,0.027327148198923557,0.02934068036567295,0.028879678944473127,True,True,False
2024-05-10,2024-01-01,-0.0357999205739,-0.0007775733108929903,0.0009595720154198107,0.0015594784434920603,0.035022347263007014,0.03675949258931981,0.03735939901739206,True,False,True
2024-05-11,2024-01-01,1.5356984674586016e-05,-0.0032041656504621374,0.0011462275490335143,0.001541655677605034,0.0032195226351367234,0.0011308705643589283,0.001526298692930448,False,True,False
2024-05-12,2024-01-01,0.0107689361885321,0.0025474359776293458,0.0010368162907111755,0.0015193974433597678,0.008221500210902753,0.009732119897820924,0.009249538745172332,True,True,False
2024-05-13,2024-01-01,0.0236467477886836,-0.0001852250812000118,0.0010157726619619593,0.0014866683695655388,0.023831972869883613,0.02263097512672164,0.022160079419118062,False,True,False
2024-05-14,2024-01-01,-0.0214408439392201,0.0024884459549734212,0.0009840978215778704,0.0014728406932367232,0.02392928989419352,0.02242494176079797,0.022913684632456823,False,False,True
2024-05-15,2024-01-01,0.0765960925054549,0.0041564455028233385,0.0011068168917968777,0.0014764438287478774,0.07243964700263157,0.07548927561365802,0.07511964867670702,True,True,False
2024-05-16,2024-01-01,-0.0156322522862183,0.0011962253065931662,0.0008365779650341331,0.0015004712674819597,0.016828477592811465,0.016468830251252432,0.017132723553700258,False,False,True
2024-05-17,2024-01-01,0.0279050869543215,0.001745813732325515,0.0011028947322302247,0.0015236790702672022,0.026159273221995984,0.026802192222091275,0.026381407884054298,True,True,False
2024-05-18,2024-01-01,-0.0016564833198177,0.0015004039659075351,0.0009675178507852685,0.0015616208774654051,0.003156887285725235,0.0026240011706029683,0.003218104197283105,False,False,True
2024-05-19,2024-01-01,-0.0098958699868109,0.0027794068578957183,0.001055142779555211,0.0015989601421153906,0.012675276844706618,0.01095101276636611,0.01149483012892629,False,False,True
2024-05-20,2024-01-01,0.0780017424143035,-0.0004494574287995925,0.0010706801542407526,0.001627110471613052,0.07845119984310309,0.07693106226006274,0.07637463194269044,False,True,False
2024-05-21,2024-01-01,-0.0183582532317723,0.0035567371894287994,0.0008352455306292221,0.0017081819276193108,0.0219149904212011,0.019193498762401524,0.02006643515939161,False,False,True
2024-05-22,2024-01-01,-0.0144603004229696,0.00464290266787171,0.0011104878338319712,0.0017963628656389916,0.01910320309084131,0.01557078825680157,0.01625666328860859,False,False,True
2024-05-23,2024-01-01,-0.0172559769765087,0.0072186965660817,0.0010794562470627129,0.0018606510703081745,0.0244746735425904,0.018335433223571413,0.019116628046816873,False,False,True
2024-05-24,2024-01-01,0.0087817297881169,-0.00029054074812975275,0.0010872161163545128,0.0018927107190289617,0.009072270536246653,0.007694513671762387,0.006889019069087938,False,True,False
2024-05-25,2024-01-01,0.0107965247275187,5.4718264070857236e-05,0.0010173274607130729,0.0019274910260410655,0.010741806463447842,0.009779197266805626,0.008869033701477635,True,True,False
2024-05-26,2024-01-01,-0.0107968144970229,0.0025603786821979994,0.0010176981167482476,0.0019625254772284743,0.0133571931792209,0.011814512613771148,0.012759339974251376,False,False,False
2024-05-27,2024-01-01,0.0127916713605302,-0.0011605196900091107,0.0010756650617707473,0.0020039069503856744,0.013952191050539312,0.011716006298759452,0.010787764410144526,False,True,True
2024-05-28,2024-01-01,-0.0158274081078272,0.00023846150036910306,0.0010082987016426137,0.002056850526362707,0.016065869608196302,0.016835706809469813,0.017884258634189906,False,False,False
2024-05-29,2024-01-01,-0.0105148573836674,0.005769999404715445,0.0010893892799255333,0.002120474281944053,0.016284856788382845,0.011604246663592934,0.012635331665611454,False,False,False
2024-05-30,2024-01-01,0.0116442828412868,0.00743335845561896,0.0010690885440299827,0.002159335609774809,0.004210924385667839,0.010575194297256816,0.00948494723151199,True,True,True
2024-05-31,2024-01-01,-0.0127781500011598,0.002518621402678099,0.0010112371847862966,0.0022232034899772064,0.0152967714038379,0.013789387185946097,0.015001353491137006,False,False,False
2024-06-01,2024-01-01,0.0031933460054698,0.0007196252984584656,0.0010809912260901998,0.0022816510305333996,0.0024737207070113345,0.0021123547793796002,0.0009116949749364005,True,True,True
2024-06-02,2024-01-01,0.0006596674454519,0.002495621809562679,0.001033338149880076,0.0023272093979436943,0.001835954364110779,0.00037367070442817594,0.0016675419524917942,True,True,True
2024-06-03,2024-01-01,0.0155447201720899,0.0009928418217424496,0.0010434576734740344,0.0023513966446384454,0.01455187835034745,0.014501262498615865,0.013193323527451454,True,True,True
2024-06-04,2024-01-01,0.0256229922248316,0.004788911754890897,0.0010034389032233504,0.0023962998058172746,0.020834080469940702,0.02461955332160825,0.023226692419014323,True,True,True
2024-06-05,2024-01-01,0.0072987246080176,-0.0012101375799753976,0.0009799615102465333,0.0024061063776558617,0.008508862187992999,0.006318763097771067,0.004892618230361738,False,True,True
2024-06-06,2024-01-01,-0.0045813636623915,0.005442974504777669,0.0010309562228770614,0.002427072222583409,0.010024338167169168,0.005612319885268561,0.007008435884974909,False,False,False
2024-06-07,2024-01-01,-0.0199920127345761,-0.0008303159198286489,0.0010585603386539702,0.002424983201482227,0.019161696814747452,0.02105057307323007,0.02241699593605833,True,False,False
2024-06-08,2024-01-01,-0.0005308786729295,0.005749178281228524,0.0010967638191535423,0.0024246230755515926,0.006280056954158023,0.0016276424920830422,0.0029555017484810928,False,False,False
2024-06-09,2024-01-01,0.0049378101278765,0.003566776870048434,0.0010415604754649174,0.002430066450683792,0.001371033257828066,0.0038962496524115827,0.002507743677192708,True,True,True
2024-06-10,2024-01-01,-0.001948526199214,-0.0005155979129901232,0.0010312012516114533,0.0024021633536312217,0.0014329282862238768,0.002979727450825453,0.0043506895528452215,True,False,False
2024-06-11,2024-01-01,-0.0313649611377125,0.0011512157956446829,0.00105080528301433,0.002383271490419654,0.032516176933357184,0.03241576642072683,0.03374823262813215,False,False,False
2024-06-12,2024-01-01,0.0135025816557405,0.000339709075954413,0.0011274841729256675,0.002368460790533403,0.013162872579786086,0.012375097482814831,0.011134120865207098,True,True,True
2024-06-13,2024-01-01,-0.0217579605058895,0.0027311271051902687,0.0010017849853719396,0.0023650894597202453,0.02448908761107977,0.02275974549126144,0.024123049965609746,False,False,False
2024-06-14,2024-01-01,-0.0111645430991574,0.004100924498130166,0.0011051310846218907,0.002344310644190889,0.015265467597287566,0.012269674183779292,0.013508853743348289,False,False,False
2024-06-15,2024-01-01,0.0027253941690672,0.002283464883241577,0.0010694756725452192,0.0023154958809274,0.0004419292858256229,0.0016559184965219806,0.0004098982881397999,True,True,True
2024-06-16,2024-01-01,0.0067689999395688,0.0018697543802246805,0.0010347373330250116,0.002290790956150075,0.00489924555934412,0.005734262606543788,0.004478208983418725,True,True,True
2024-06-17,2024-01-01,-0.002232174783037,-0.001708076122909151,0.0010270902692569995,0.002260558579590946,0.0005240986601278488,0.0032592650522939993,0.0044927333626279455,True,False,False
2024-06-18,2024-01-01,-0.0202969582732819,0.0011990419070275174,0.0010520006496296855,0.0022369168086144925,0.021496000180309418,0.021348958922911585,0.022533875081896394,False,False,False
2024-06-19,2024-01-01,-0.0027701435671353,0.0025761500174478215,0.0010980458619909968,0.002214973794279149,0.005346293584583122,0.003868189429126297,0.004985117361414449,False,False,False
2024-06-20,2024-01-01,-0.002026478192569,0.0024463436818308003,0.001047450273708265,0.0021767646284877326,0.004472821874399801,0.003073928466277265,0.004203242821056732,False,False,False
2024-06-21,2024-01-01,-0.0112983528214036,0.0031344774370374415,0.0010492093898455102,0.0021373472108972558,0.014432830258441042,0.012347562211249111,0.013435700032300857,False,False,False
2024-06-22,2024-01-01,0.0024397531859308,0.002498746985352007,0.0010740888743870334,0.0020959102585823303,5.899379942120699e-05,0.0013656643115437666,0.00034384292734846974,True,True,True
2024-06-23,2024-01-01,-0.0166807508939937,0.0018137375310362275,0.0010355804941756456,0.0020661534351481556,0.018494488425029928,0.017716331388169346,0.018746904329141854,False,False,False
2024-06-24,2024-01-01,-0.0459535643123367,-7.15248670696458e-05,0.0010893392777556134,0.0020269742521338025,0.04588203944526705,0.04704290359009231,0.0479805385644705,True,False,False
2024-06-25,2024-01-01,0.0253366304154398,0.0014163878638334244,0.0011629542233895151,0.0019624766228597103,0.023920242551606376,0.024173676192050284,0.02337415379258009,True,True,True
2024-06-26,2024-01-01,-0.0160726325920611,0.0004836316447671843,0.0009670253827763555,0.0018982503203703329,0.016556264236828287,0.017039657974837457,0.017970882912431433,False,False,True
2024-06-27,2024-01-01,0.0130489519734049,0.0006411658218915589,0.0010925146963005304,0.001829543327642382,0.01240778615151334,0.01195643727710437,0.011219408645762518,True,True,False
2024-06-28,2024-01-01,-0.0208533108817551,0.0006886843828885429,0.001006472858789811,0.001771406027553596,0.02154199526464364,0.02185978374054491,0.022624716909308694,False,False,True
2024-06-29,2024-01-01,0.0094038611043745,0.0025058646015820056,0.0011027652587121356,0.0017131578706638432,0.006897996502792494,0.008301095845662364,0.007690703233710657,True,True,False
2024-06-30,2024-01-01,0.0294135516205669,0.0003899984587762942,0.001015067117485866,0.001648386605367385,0.029023553161790606,0.028398484503081033,0.027765165015199513,True,True,False
2024-07-01,2024-07-01,0.0027710949321257,0.001913131364679174,0.0014249550836228427,0.0015647005024928987,0.000857963567446526,0.0013461398485028573,0.0012063944296328013,True,True,False
2024-07-02,2024-07-01,-0.0130936978852905,0.0020618550166609075,0.0015405967122436653,0.0015269758198533307,0.015155552901951409,0.014634294597534165,0.014620673705143831,False,False,True
2024-07-03,2024-07-01,-0.0299068707008841,0.0005496382770278088,0.0016035347921325716,0.0014828214468145685,0.030456508977911908,0.031510405493016674,0.03138969214769867,False,False,True
2024-07-04,2024-07-01,-0.0531163442635422,0.0012939185475007015,0.0016717980172976277,0.0014373113535581976,0.0544102628110429,0.05478814228083983,0.0545536556171004,False,False,True
2024-07-05,2024-07-01,-0.005534237213954,0.0031962859031713694,0.0017668797791361387,0.0013959059067542583,0.008730523117125369,0.0073011169930901395,0.006930143120708259,False,False,True
2024-07-06,2024-07-01,0.0289639123404199,0.003004541702351285,0.0015624758738606074,0.0013484674388823165,0.025959370638068614,0.027401436466559292,0.027615444901537584,True,True,False
2024-07-07,2024-07-01,-0.0420974391429121,-0.0018329376279348486,0.0014242056657856272,0.001310332839719691,0.04026450151497725,0.043521644808697725,0.04340777198263179,True,False,True
2024-07-08,2024-07-01,0.0153268027159116,-0.0014511349842044918,0.0017295327598314367,0.0012611368326812466,0.01677793770011609,0.013597269956080163,0.014065665883230353,False,True,False
2024-07-09,2024-07-01,0.0229984421181268,0.0005928477934943994,0.0014766869563100711,0.0012241172831799815,0.0224055943246324,0.02152175516181673,0.021774324834946818,True,True,False
2024-07-10,2024-07-01,-0.004598069730556,0.0018976984615039932,0.0014527926952129656,0.0012092309408147579,0.006495768192059994,0.006050862425768966,0.005807300671370758,False,False,True
2024-07-11,2024-07-01,-0.0068854320153477,0.0021480174216425606,0.0015706869095613212,0.001190200436569293,0.00903344943699026,0.008456118924909021,0.008075632451916993,False,False,True
2024-07-12,2024-07-01,0.0096704440195969,0.004540496833299331,0.0015761674571726362,0.001171845311238807,0.0051299471862975695,0.008094276562424264,0.008498598708358094,True,True,False
2024-07-13,2024-07-01,0.02301382724082,-0.0025577493369133364,0.0015058184444655639,0.0011514380841367523,0.025571576577733336,0.021508008796354436,0.02186238915668325,False,True,False
2024-07-14,2024-07-01,0.0262669009152312,0.00047672996764454236,0.0014520710166658574,0.0011474550745010637,0.025790170947586656,0.02481482989856534,0.025119445840730135,True,True,False
2024-07-15,2024-07-01,0.0671575521272613,0.0032911387364496316,0.0014405501924178617,0.0011758007192201351,0.06386641339081166,0.06571700193484344,0.06598175140804116,True,True,False
2024-07-16,2024-07-01,0.0034992378705562,0.0006636110830872284,0.0012687669816039632,0.0012102122171357519,0.002835626787468972,0.002230470888952237,0.002289025653420448,True,True,False
2024-07-17,2024-07-01,-0.0150291601434634,0.003457285625378045,0.0015435987034616917,0.0012561128021502175,0.018486445768841446,0.016572758846925092,0.01628527294561362,False,False,True
2024-07-18,2024-07-01,-0.002257162928356,0.0025364681738458666,0.0016121449860162587,0.0012879457145878199,0.004793631102201866,0.003869307914372259,0.00354510864294382,False,False,True
2024-07-19,2024-07-01,0.0427687342301363,0.005753583878137615,0.0015549785670582168,0.0013270878017574029,0.037015150351998684,0.04121375566307808,0.0414416464283789,True,True,False
2024-07-20,2024-07-01,0.0067979482134701,0.0006231394297839651,0.0013668790860468794,0.00137751775403167,0.006174808783686135,0.005431069127423221,0.00542043045943843,True,True,False
2024-07-21,2024-07-01,0.014753144342986,3.2488488404502176e-05,0.0015256055418453418,0.0014135827528052615,0.014720655854581498,0.013227538801140658,0.013339561590180739,True,True,False
2024-07-22,2024-07-01,-0.0083526875222309,-0.002114715467580402,0.0014868330463577231,0.0014537333835685348,0.006237972054650498,0.009839520568588623,0.009806420905799435,True,False,True
2024-07-23,2024-07-01,-0.0245257378644009,0.0016593012217169635,0.0015852932311975218,0.00149769884905753,0.026185039086117863,0.02611103109559842,0.02602343671345843,False,False,True
2024-07-24,2024-07-01,-0.0084264929535705,0.0026032883178268478,0.001649911543093728,0.0015513938621338234,0.011029781271397348,0.010076404496664228,0.009977886815704322,False,False,True
2024-07-25,2024-07-01,0.0061967344887139,0.009026975282058447,0.0015793314472676992,0.0016329500799841228,0.0028302407933445475,0.004617403041446201,0.004563784408729777,True,True,False
2024-07-26,2024-07-01,0.0324555480531172,0.003557458515882231,0.001520017833608474,0.0017207718166033772,0.028898089537234967,0.030935530219508726,0.03073477623651382,True,True,False
2024-07-27,2024-07-01,-0.0014537411892032,0.000145461945624754,0.0014116651169279854,0.0018051076879457072,0.001599203134827954,0.0028654063061311855,0.0032588488771489073,False,False,True
2024-07-28,2024-07-01,0.0065257260077553,0.0016498023221932828,0.0015588681539816063,0.0019039947972177634,0.004875923685562017,0.004966857853773694,0.004621731210537537,True,True,False
2024-07-29,2024-07-01,-0.0210377976893241,0.001001409213088405,0.0015201775291397894,0.00199820031063127,0.022039206902412508,0.02255797521846389,0.02303599799995537,False,False,False
2024-07-30,2024-07-01,-0.0092621854754424,0.003804869398907634,0.0016374242638767637,0.0020765907438990523,0.013067054874350035,0.010899609739319164,0.011338776219341453,False,False,False
2024-07-31,2024-07-01,-0.0238933739923268,0.0028428904839461417,0.001583497340121407,0.002153905984449259,0.02673626447627294,0.025476871332448206,0.02604727997677606,False,False,False
2024-08-01,2024-07-01,0.0114246141823064,0.006495591826945377,0.0016468084926551975,0.0022200875108057297,0.0049290223553610235,0.009777805689651203,0.00920452667150067,True,True,True
2024-08-02,2024-07-01,-0.0603210586964005,0.0030097497471939915,0.0014956647510038226,0.0022883941568475666,0.06333080844359448,0.06181672344740432,0.06260945285324807,False,False,False
2024-08-03,2024-07-01,-0.0119673021500665,0.0025540006086678503,0.0018035724463275915,0.0023232158105013674,0.01452130275873435,0.013770874596394091,0.014290517960567867,False,False,False
2024-08-04,2024-07-01,-0.0422398356545057,0.0006791857325816808,0.001588782632570567,0.0023399648695344557,0.042919021387087385,0.04382861828707627,0.04457980052404016,False,False,False
2024-08-05,2024-07-01,-0.070986478913151,0.002207315203683934,0.0017234439404935954,0.00231307454670772,0.07319379411683494,0.0727099228536446,0.07329955345985872,False,False,False
2024-08-06,2024-07-01,0.0378367150532277,0.0008895202870974569,0.0018402160054513798,0.0022664672677361656,0.036947194766130245,0.03599649904777632,0.03557024778549153,True,True,True
2024-08-07,2024-07-01,-0.0179685509402894,0.0005882337952863885,0.0013767101202932033,0.0022364305369656575,0.01855678473557579,0.019345261060582604,0.02020498147725506,False,False,False
2024-08-08,2024-07-01,0.121442560994049,0.001630893114993752,0.0016286920141740826,0.00219813408728256,0.11981166787905526,0.11981386897987492,0.11924442690676644,True,True,True
2024-08-09,2024-07-01,-0.0134503581037733,-0.0006503950990514918,0.0010329701935771238,0.002168691170985106,0.012799963004721807,0.014483328297350424,0.015619049274758406,True,False,False
2024-08-10,2024-07-01,0.0010791573012765,0.0017491569434434843,0.001623176230041921,0.002131155163416935,0.0006699996421669844,0.0005440189287654212,0.001051997862140435,True,True,True
2024-08-11,2024-07-01,-0.0365296323680974,0.0005439726784286121,0.0015419442123233117,0.0020834481758553805,0.037073605046526015,0.03807157658042071,0.03861308054395278,False,False,False
2024-08-12,2024-07-01,0.0108146598485863,0.005489650088679252,0.0017019405150262021,0.0020300590789567156,0.005325009759907047,0.009112719333560098,0.008784600769629584,True,True,True
2024-08-13,2024-07-01,0.0211449923907958,0.0004746795366181132,0.0014963980532236101,0.0019894528008230767,0.020670312854177687,0.01964859433757219,0.019155539589972723,True,True,True
2024-08-14,2024-07-01,-0.0308911115194338,0.005768026764662436,0.00145988891650994,0.0019498816711205904,0.036659138284096233,0.03235100043594374,0.03284099319055439,False,False,False
2024-08-15,2024-07-01,-0.0200413108132939,-0.0013924384995822779,0.001681228589363563,0.0019028979268409416,0.018648872313711623,0.021722539402657462,0.021944208740134842,True,False,True
2024-08-16,2024-07-01,0.0231759129469639,-0.000630848711814887,0.0016275222657149426,0.001829591981992393,0.023806761658778788,0.021548390681248957,0.021346320964971507,False,True,False
2024-08-17,2024-07-01,0.0099308272507905,-0.0027625551270855633,0.0014466225740049138,0.001766018309874457,0.012693382377876063,0.008484204676785585,0.008164808940916042,False,True,False
2024-08-18,2024-07-01,-0.0167287323244552,0.004097054796563513,0.0015091911709062484,0.001697549134371469,0.02082578712101871,0.018237923495361446,0.018426281458826667,False,False,True
2024-08-19,2024-07-01,0.0172609412502557,0.0019252445419059695,0.0016198800392763337,0.0016375484470667195,0.01533569670834973,0.015641061210979367,0.01562339280318898,True,True,False
2024-08-20,2024-07-01,-0.0080792109215798,-0.001669692228626859,0.0014723839230354314,0.001593134432023061,0.006409518692952941,0.009551594844615232,0.009672345353602861,True,False,True
2024-08-21,2024-07-01,0.0366428757006145,0.0018515965634129119,0.0015843049313450286,0.0015596345515121795,0.03479127913720159,0.03505857076926947,0.03508324114910232,True,True,False
2024-08-22,2024-07-01,-0.0129673046461273,-0.0008952782939941081,0.0013920085198872618,0.001528294181358761,0.012072026352133192,0.014359313166014562,0.01449559882748606,True,False,True
2024-08-23,2024-07-01,0.0614826718213559,0.005023022918489682,0.001607996437545558,0.0015192395401360916,0.05645964890286622,0.05987467538381035,0.05996343228121981,True,True,False
2024-08-24,2024-07-01,0.0013205019089592,-0.004927547957022758,0.0012866760066553263,0.0015247472765050178,0.006248049865981958,3.3825902303873676e-05,0.00020424536754581782,False,True,False
2024-08-25,2024-07-01,0.0024081210374646,0.00686727916716809,0.0015516141706345122,0.0015504182568006634,0.00445915812970349,0.0008565068668300879,0.0008577027806639366,True,True,False
2024-08-26,2024-07-01,-0.0225835970701276,0.006603995882070412,0.0015381788606980429,0.0016151900469761962,0.02918759295219801,0.02412177593082564,0.024198787117103795,False,False,True
2024-08-27,2024-07-01,-0.0536973901889672,0.0067720183344705765,0.0016433594567004067,0.0016483738890514885,0.060469408523437775,0.055340749645667604,0.05534576407801869,False,False,True
2024-08-28,2024-07-01,-0.008007978437422,0.004356932982702259,0.0017705988227129108,0.0016756468602370283,0.01236491142012426,0.00977857726013491,0.009683625297659029,False,False,True
2024-08-29,2024-07-01,0.0061082363977882,-0.0036842915226210525,0.0015728929530724623,0.0016508458366774493,0.009792527920409253,0.004535343444715738,0.004457390561110751,False,True,False
2024-08-30,2024-07-01,-0.0045245219909738,-0.0015465730369767525,0.001520205390729565,0.001633679841764862,0.0029779489539970474,0.006044727381703365,0.006158201832738661,True,False,True
2024-08-31,2024-07-01,-0.0025300989402683,-0.0032507067459557866,0.0015675290166857847,0.0016134401713764155,0.0007206078056874866,0.004097627956954085,0.004143539111644716,True,False,True
2024-09-01,2024-07-01,-0.0278855856940782,0.0030948541533367957,0.001557645747116594,0.0016121128926996574,0.030980439847414994,0.029443231441194793,0.029497698586777855,False,False,True
2024-09-02,2024-07-01,0.031172733823612,0.004446398397757902,0.0016648197268377314,0.001601742497024463,0.0267263354258541,0.02950791409677427,0.029570991326587536,True,True,False
2024-09-03,2024-07-01,-0.0284450427036115,0.006248374839513521,0.001411857219003089,0.0015949203854488355,0.03469341754312502,0.029856899922614588,0.030039963089060335,False,False,True
2024-09-04,2024-07-01,0.0094115617770285,0.003148835916727092,0.0016722273192321738,0.00160763481819224,0.006262725860301408,0.007739334457796326,0.00780392695883626,True,True,False
2024-09-05,2024-07-01,-0.0312403432880655,0.003134677266890515,0.0015037449035789738,0.0016333165898249219,0.03437502055495601,0.032744088191644476,0.03287365987789042,False,False,True
2024-09-06,2024-07-01,-0.0393823921886807,-0.0032548441080538903,0.0016806697574292435,0.001636250472763354,0.036127548080626806,0.04106306194610994,0.04101864266144405,True,False,True
2024-09-07,2024-07-01,0.003539165966313,0.0022036899645503905,0.001708891898293214,0.001622994831272988,0.0013354760017626095,0.001830274068019786,0.001916171135040012,True,True,False
2024-09-08,2024-07-01,0.0129642216026828,0.002717077204795363,0.0015263711605208031,0.0016274050563419725,0.010247144397887436,0.011437850442161996,0.011336816546340826,True,True,False
2024-09-09,2024-07-01,0.0397138319111138,0.0019467037849786246,0.0014931947286899061,0.001628536844910399,0.037767128126135176,0.0382206371824239,0.0380852950662034,True,True,False
2024-09-10,2024-07-01,0.0110343898722757,0.0018939527060830527,0.0013821767248989104,0.0016477620105369345,0.009140437166192648,0.00965221314737679,0.009386627861738765,True,True,False
2024-09-11,2024-07-01,-0.0053000155169341,-0.001183483552362449,0.001507411562740916,0.0016506044578669167,0.0041165319645716505,0.006807427079675016,0.006950619974801016,True,False,True
2024-09-12,2024-07-01,0.0136692794995481,0.005687295886054501,0.001572055062306503,0.0016531406532829041,0.0079819836134936,0.012097224437241597,0.012016138846265196,True,True,False
2024-09-13,2024-07-01,0.0420508295579824,-0.0006279358698438743,0.0014893532782145919,0.0016270444387394823,0.042678765427826275,0.04056147627976781,0.04042378511924292,False,True,False
2024-09-14,2024-07-01,-0.0093473258820168,0.0008119818300019543,0.0013724666941092385,0.0016138710928242847,0.010159307712018754,0.010719792576126038,0.010961196974841084,False,False,True
2024-09-15,2024-07-01,-0.0137035829819472,-0.0006770698633803785,0.0015937127392551427,0.001603372845373797,0.013026513118566821,0.015297295721202342,0.015306955827320997,True,False,True
2024-09-16,2024-07-01,-0.0167333671885179,0.0010506507356323887,0.0016043316970546918,0.001600435666639434,0.01778401792415029,0.018337698885572594,0.018333802855157337,False,False,True
2024-09-17,2024-07-01,0.0363626062794542,0.003170216158910962,0.001616080632940219,0.0016221614821463376,0.03319239012054324,0.03474652564651398,0.03474044479730786,True,True,False
2024-09-18,2024-07-01,0.0222379889456469,0.003499865266968878,0.0013916228732377901,0.0016542046475264015,0.018738123678678022,0.02084636607240911,0.0205837842981205,True,True,False
2024-09-19,2024-07-01,0.0209372919744741,0.005010009900694418,0.0014593940262688542,0.0016881912977603766,0.01592728207377968,0.019477897948205244,0.01924910067671372,True,True,False
2024-09-20,2024-07-01,0.0040120384115518,-0.00031445606267662134,0.001463088120249889,0.0017259221752650826,0.0043264944742284215,0.0025489502913019113,0.002286116236286718,False,True,False
2024-09-21,2024-07-01,0.003194394254405,-0.0013973345031033787,0.0015342264306442768,0.0017687011810572706,0.004591728757508379,0.001660167823760723,0.0014256930733477292,False,True,False
2024-09-22,2024-07-01,0.0040046018631125,0.003060845007626865,0.0015350256012907975,0.0018132678527391392,0.000943756855485635,0.0024695762618217026,0.0021913340103733607,True,True,False
2024-09-23,2024-07-01,-0.0050104731353185,0.0020414649848079277,0.0015313399377806765,0.0018415554564835425,0.007051938120126428,0.0065418130730991765,0.006852028591802043,False,False,True
2024-09-24,2024-07-01,0.0153508767871859,0.0035575761913344637,0.0015694444262405554,0.0018737225496864832,0.011793300595851436,0.013781432360945345,0.013477154237499416,True,True,False
2024-09-25,2024-07-01,-0.0180215978029444,-0.0008083898478309798,0.0014821867327006915,0.0018923203581422993,0.01721320795511342,0.01950378453564509,0.0199139181610867,True,False,True
2024-09-26,2024-07-01,0.0322738915701519,0.003137168429608184,0.0016260040105570083,0.0019269409998965792,0.029136723140543712,0.03064788755959489,0.030346950570255316,True,True,True
2024-09-27,2024-07-01,0.0093530990407064,0.0038746315841165797,0.001408883862049226,0.0019865872899099283,0.0054784674565898205,0.007944215178657173,0.007366511750796472,True,True,True
2024-09-28,2024-07-01,0.0014741358273548,0.005278641995727498,0.0015131268847678797,0.0020697890274720293,0.0038045061683726986,3.8991057413079655e-05,0.0005956532001172292,True,True,True
2024-09-29,2024-07-01,-0.0038299097931742,0.0041501728361084365,0.0015431248516013958,0.002144590026592064,0.007980082629282636,0.005373034644775596,0.005974499819766265,False,False,False
2024-09-30,2024-07-01,-0.0351305550949797,0.002968590793350414,0.0015641558412156573,0.0022000861208531053,0.03809914588833011,0.036694710936195356,0.0373306412158328,False,False,False
2024-10-01,2024-07-01,-0.0393575219684348,0.00021222990229207285,0.0016952273575033053,0.002231392827262772,0.03956975187072687,0.0410527493259381,0.04158891479569757,False,False,False
2024-10-02,2024-07-01,-0.003356881996554,0.0038595435176110044,0.0017081163364358368,0.0022552289664205852,0.007216425514165004,0.0050649983329898365,0.0056121109629745855,False,False,False
2024-10-03,2024-07-01,0.0020882627636797,0.0003610225455793752,0.0015554106338418277,0.0022758761482455135,0.0017272402181003246,0.0005328521298378721,0.00018761338456581376,True,True,True
2024-10-04,2024-07-01,0.0215287538766344,0.000659973425892475,0.0015379660524204434,0.0022704991185745283,0.020868780450741926,0.019990787824213957,0.019258254758059874,True,True,True
2024-10-05,2024-07-01,0.0003620681473552,0.001594269750028556,0.0014571099979860586,0.0022721009193528074,0.001232201602673356,0.0010950418506308587,0.0019100327719976074,True,True,True
2024-10-06,2024-07-01,0.0117410936137447,0.0026668796967454656,0.0015494841015782734,0.0022851465318457307,0.009074213916999235,0.010191609512166426,0.00945594708189897,True,True,True
2024-10-07,2024-07-01,-0.0092693835185588,0.005414364915161911,0.0014983815067624705,0.002311831508012314,0.01468374843372071,0.01076776502532127,0.011581215026571112,False,False,False
2024-10-08,2024-07-01,-0.0016821501344571,0.003613187126574924,0.0015886104309557941,0.002314845680438202,0.005295337261032024,0.003270760565412894,0.003996995814895302,False,False,False
2024-10-09,2024-07-01,-0.0249447622324054,0.0036241329054286023,0.0015534078718928302,0.0023097826289545063,0.028568895137834,0.02649817010429823,0.027254544861359906,False,False,False
2024-10-10,2024-07-01,-0.0050774330134892,0.00026265469096508026,0.001652521735511039,0.002285046885215888,0.005340087704454281,0.006729954749000239,0.007362479898705088,False,False,False
2024-10-11,2024-07-01,0.0360117436685496,-0.0005033441291095182,0.0015651618597629776,0.0022641383709562195,0.03651508779765912,0.034446581808786625,0.03374760529759338,False,True,True
2024-10-12,2024-07-01,0.0119774604475944,-0.0017725678716726692,0.0013948253596924197,0.002249322127567666,0.013750028319267069,0.01058263508790198,0.009728138320026733,False,True,True
2024-10-13,2024-07-01,-0.0054064265153874,0.0026141684406303773,0.0015026807192728246,0.002248641588846052,0.008020594956017778,0.006909107234660225,0.007655068104233452,False,False,False
2024-10-14,2024-07-01,0.0508302324332601,0.004882447542011019,0.0015725832124876985,0.0022492225593457762,0.04594778489124908,0.0492576492207724,0.048581009873914324,True,True,True
2024-10-15,2024-07-01,0.0150649924579224,0.0016989671696317635,0.0013326439770766111,0.002257728813593755,0.013366025288290638,0.013732348480845789,0.012807263644328645,True,True,True
2024-10-16,2024-07-01,0.0085262517331365,0.004019896803488694,0.0014920347972597666,0.0022755717321323856,0.0045063549296478055,0.007034216935876733,0.006250680001004114,True,True,True
2024-10-17,2024-07-01,-0.0031485616380424,0.0021793534388898695,0.0015144412691211234,0.0022679572683172292,0.0053279150769322695,0.004663002907163523,0.005416518906359629,False,False,False
2024-10-18,2024-07-01,0.0151180356869842,0.00020116830788235725,0.0015624571051203909,0.0022527832144524336,0.014916867379101844,0.01355557858186381,0.012865252472531768,True,True,True
2024-10-19,2024-07-01,-0.0008192879217548,-0.002165612993354836,0.001483527518159875,0.00224297797968947,0.0013463250716000358,0.0023028154399146747,0.0030622659014442697,True,False,False
2024-10-20,2024-07-01,0.0093467406744582,0.0019894024960194286,0.0015534577456294797,0.0022341098059331546,0.007357338178438772,0.007793282928828721,0.007112630868525045,True,True,True
2024-10-21,2024-07-01,-0.023678423698328,0.003435403882112288,0.0015082345378781333,0.002246465346909559,0.027113827580440286,0.02518665823620613,0.02592488904523756,False,False,False
2024-10-22,2024-07-01,-9.56734161845496e-05,0.004301930846676363,0.0016489671862219828,0.002265623000617583,0.004397604262860913,0.0017446406024065324,0.0023612964168021324,False,False,False
2024-10-23,2024-07-01,-0.0137944112100539,0.0035643038267144504,0.001544454659841635,0.0022922269273377704,0.017358715036768353,0.015338865869895536,0.01608663813739167,False,False,False
2024-10-24,2024-07-01,0.0260244203411819,0.005340711274816737,0.0016056379305097398,0.002307721422614479,0.020683709066365165,0.024418782410672163,0.02371669891856742,True,True,True
2024-10-25,2024-07-01,-0.0222801808446562,-0.00015938457066471561,0.001435744472557273,0.002322533441323112,0.022120796273991484,0.023715925317213473,0.02460271428597931,True,False,False
2024-10-26,2024-07-01,0.0055862509670021,0.0006464933907226464,0.0016455376123957882,0.0023240130139439304,0.004939757576279453,0.0039407133546063115,0.0032622379530581696,True,True,True
2024-10-27,2024-07-01,0.0136477761815534,-0.0019579202702356847,0.0015208194578225356,0.002314121396513767,0.015605696451789084,0.012126956723730865,0.011333654785039633,False,True,True
2024-10-28,2024-07-01,0.029125296867722,0.002602535343413553,0.001490847232823399,0.002313749021435283,0.026522761524308446,0.0276344496348986,0.026811547846286716,True,True,True
2024-10-29,2024-07-01,0.0402349390541754,0.0028685797553249033,0.0014269930724382172,0.0023255674853233177,0.037366359298850495,0.03880794598173718,0.03790937156885208,True,True,True
2024-10-30,2024-07-01,-0.0052385938755442,0.005576575841799586,0.0013826476371228374,0.002369299172443031,0.010815169717343786,0.006621241512667037,0.0076078930479872315,False,False,False
2024-10-31,2024-07-01,-0.0293663961649603,0.004281316602392494,0.0015762596468293256,0.002415334173067513,0.03364771276735279,0.030942655811789625,0.03178173033802781,False,False,False
2024-11-01,2024-07-01,-0.0104353313875292,0.004222111631866648,0.0016710290579904047,0.0024336200711970054,0.014657443019395849,0.012106360445519606,0.012868951458726206,False,False,False
2024-11-02,2024-07-01,-0.0027804900426771,0.0028551447974866093,0.0015871231449734226,0.0024452667715513833,0.00563563484016371,0.004367613187650523,0.005225756814228483,False,False,False
2024-11-03,2024-07-01,-0.0079111271168753,0.0033796164816682207,0.0015575309909751298,0.0024665447808343397,0.011290743598543521,0.00946865810785043,0.010377671897709639,False,False,False
2024-11-04,2024-07-01,-0.0135233381858542,0.00039241020472600063,0.0015804510750061734,0.0024589062250155035,0.0139157483905802,0.015103789260860373,0.015982244410869702,False,False,False
2024-11-05,2024-07-01,0.0228287902369077,-0.0005956709914520331,0.0016034014091650683,0.0024369144462395333,0.023424461228359734,0.021225388827742633,0.020391875790668167,False,True,True
2024-11-06,2024-07-01,0.0905356867699389,-0.0006006738858171685,0.001449229236737934,0.002414348789109926,0.09113636065575606,0.08908645753320096,0.08812133798082897,False,True,True
2024-11-07,2024-07-01,0.0035138086897459,0.003019639965566535,0.0011693519090870913,0.002427997118277771,0.000494168724179365,0.0023444567806588084,0.0010858115714681288,True,True,True
2024-11-08,2024-07-01,0.0084397388095418,0.004830476955119864,0.0015470852871605095,0.0024392487193582004,0.0036092618544219367,0.006892653522381291,0.0060004900901836,True,True,True
2024-11-09,2024-07-01,0.0030490452928257,0.002398638662304089,0.001513355963892246,0.0024577173936997775,0.0006504066305216111,0.001535689328933454,0.0005913278991259226,True,True,True
2024-11-10,2024-07-01,0.0481293935149595,0.001811083587602345,0.001536296207440327,0.0024730526999616935,0.04631830992735715,0.04659309730751917,0.0456563408149978,True,True,True
2024-11-11,2024-07-01,0.1022352276001543,0.0037798870319169847,0.0013452924735114027,0.0025170062312265466,0.09845534056823732,0.10088993512664289,0.09971822136892776,True,True,True
2024-11-12,2024-07-01,-0.0084065320919269,0.0021371649222528114,0.0011241076500704016,0.002596343390314968,0.01054369701417971,0.009530639741997301,0.011002875482241867,False,False,False
2024-11-13,2024-07-01,0.0298826363806257,0.0025316444277455456,0.001599391790280262,0.0026772108677857558,0.027350991952880155,0.028283244590345438,0.027205425512839946,True,True,True
2024-11-14,2024-07-01,-0.036802617869276,0.0004237604951317206,0.0014212203280395657,0.0027582319771387006,0.037226378364407724,0.03822383819731557,0.039560849846414704,False,False,False
2024-11-15,2024-07-01,0.0437313390738136,0.007444131275004329,0.0017076015312184965,0.002831754132652203,0.03628720779880927,0.042023737542595106,0.0408995849411614,True,True,True
2024-11-16,2024-07-01,-0.0055732238866227,0.006754548605141555,0.0013577830947499366,0.0029233977685753044,0.012327772491764255,0.006931006981372637,0.008496621655198005,False,False,False
2024-11-17,2024-07-01,-0.0078692246938162,0.005850403906411506,0.0015777166418843318,0.003007071491178237,0.013719628600227705,0.009446941335700532,0.010876296184994437,False,False,False
2024-11-18,2024-07-01,0.0077553838088482,-0.0026478849502066353,0.0015802583789044677,0.0030730463281205293,0.010403268759054835,0.006175125429943732,0.00468233748072767,False,True,True
2024-11-19,2024-07-01,0.0198928198367862,-0.0008439170062933393,0.0015137465806488312,0.003120220508690115,0.02073673684307954,0.018379073256137368,0.016772599328096084,False,True,True
2024-11-20,2024-07-01,0.0216116659849128,0.00011895756645856326,0.0014649345941094571,0.0031690576247726094,0.021492708418454236,0.020146731390803342,0.01844260836014019,True,True,True
2024-11-21,2024-07-01,0.044151545428309,0.007188423999094759,0.0014596708409030117,0.0032315705125831977,0.03696312142921424,0.04269187458740599,0.0409199749157258,True,True,True
2024-11-22,2024-07-01,0.0050042014957245,0.0023949154186142037,0.001365023843781283,0.0033128502229895452,0.0026092860771102966,0.0036391776519432172,0.001691351272734955,True,True,True
2024-11-23,2024-07-01,-0.0123273899849751,0.006904188068088271,0.0015336286693855329,0.003395967607913658,0.019231578053063372,0.013861018654360634,0.01572335759288876,False,False,False
2024-11-24,2024-07-01,0.0024191617876467,0.005513182317633499,0.001600801097183715,0.0034807200042469384,0.0030940205299867986,0.0008183606904629849,0.0010615582166002384,True,True,True
2024-11-25,2024-07-01,-0.0501105193312582,0.007544957521381145,0.0015356550469481879,0.003570949754935164,0.057655476852639345,0.051646174378206386,0.05368146908619337,False,False,False
2024-11-26,2024-07-01,-0.0119973040407334,0.004844219532007088,0.001759248695197282,0.0036343530214520523,0.016841523572740488,0.013756552735930681,0.01563165706218545,False,False,False
2024-11-27,2024-07-01,0.0432374527151537,-0.0014663584472038628,0.0015904454260340238,0.003649992792311937,0.04470381116235757,0.04164700728911968,0.03958745992284177,False,True,True
2024-11-28,2024-07-01,-0.0032310787967048,0.0013491058383512545,0.0013630916893276202,0.0036770108761510923,0.004580184635056054,0.00459417048603242,0.006908089672855892,False,False,False
2024-11-29,2024-07-01,0.018912786163713,0.0010113182298239517,0.001567837009287841,0.0036936853162274534,0.017901467933889047,0.01734494915442516,0.015219100847485546,True,True,True
2024-11-30,2024-07-01,-0.0103883944585503,0.008269450915655797,0.0014677143608854862,0.0037137302000670143,0.018657845374206096,0.011856108819435787,0.014102124658617314,False,False,False
2024-12-01,2024-07-01,0.0086131935423485,0.0031220486354211698,0.0015944482740924716,0.003713186206138499,0.00549114490692733,0.0070187452682560275,0.0049000073362100004,True,True,True
2024-12-02,2024-07-01,-0.014540372554583,0.0027875678514675795,0.0015098797973242413,0.0036661139538179607,0.01732794040605058,0.01605025235190724,0.01820648650840096,False,False,False
2024-12-03,2024-07-01,0.0014276215513644,0.005012162147102372,0.0016102577084677078,0.0036188085767845687,0.0035845405957379717,0.00018263615710330792,0.002191187025420169,True,True,True
2024-12-04,2024-07-01,0.028815675297684,-0.0022527706355755517,0.001539430916961031,0.003565715034965198,0.031068445933259553,0.027276244380722972,0.025249960262718803,False,True,True
2024-12-05,2024-07-01,-0.0220207885039295,0.0013653491152356635,0.0014262755248448326,0.003545665964308063,0.02338613761916516,0.02344706402877433,0.025566454468237562,False,False,False
2024-12-06,2024-07-01,0.0344447421731697,0.000906091427147558,0.001644985703620026,0.003497310772261842,0.03353865074602214,0.032799756469549676,0.03094743140090786,True,True,True
2024-12-07,2024-07-01,2.627082989481444e-05,0.006555483246138461,0.0013992170458943247,0.003462883133219819,0.006529212416243647,0.0013729462159995103,0.0034366123033250044,True,True,True
2024-12-08,2024-07-01,0.0131368681317951,0.003991368695910528,0.0015527851032404864,0.0034360670125283795,0.009145499435884573,0.011584083028554614,0.00970080111926672,True,True,True
2024-12-09,2024-07-01,-0.037568614800964,0.004296895193041333,0.001492511460679621,0.0034095700017589365,0.04186550999400533,0.03906112626164362,0.04097818480272293,False,False,False
2024-12-10,2024-07-01,-0.0077724307831654,0.0017906974505021707,0.0017081596974957858,0.0033624829463957885,0.00956312823366757,0.009480590480661185,0.011134913729561189,False,False,False
2024-12-11,2024-07-01,0.0465226953429465,0.0018776554847780126,0.0015746974964912337,0.00329757735789469,0.044645039858168485,0.044947997846455263,0.04322511798505181,True,True,True
2024-12-12,2024-07-01,-0.0111692932003557,-0.002279448833653129,0.0013500138502703751,0.0032236417393372227,0.00888984436670257,0.012519307050626075,0.014392934939692922,True,False,False
2024-12-13,2024-07-01,0.0141564908339413,0.00011524751699257285,0.0016018777050419803,0.003142033004570256,0.014041243316948728,0.012554613128899321,0.011014457829371044,True,True,True
2024-12-14,2024-07-01,-0.0008504799301751,0.0012578777466858415,0.001486565741942501,0.003077547177336476,0.0021083576768609414,0.002337045672117601,0.003928027107511577,False,False,False
2024-12-15,2024-07-01,0.028861012936449,0.000281303052146854,0.0015534366217276562,0.003008598509972557,0.028579709884302147,0.027307576314721343,0.02585241442647644,True,True,True
2024-12-16,2024-07-01,0.0165967889848814,0.007077866510468011,0.0014259399470240035,0.002978459000342901,0.00951892247441339,0.015170849037857396,0.013618329984538498,True,True,True
2024-12-17,2024-07-01,0.0010457710706697,0.007098815277114881,0.0014821822382349694,0.002962688383200793,0.006053044206445181,0.00043641116756526943,0.001916917312531093,True,True,True
2024-12-18,2024-07-01,-0.0574621060198967,0.0021118048943942615,0.0015460578223073155,0.002930363945907408,0.05957391091429096,0.05900816384220402,0.06039246996580411,False,False,False
2024-12-19,2024-07-01,-0.0254952688793256,0.0010384952731861644,0.001790283127580373,0.002888271061998679,0.026533764152511765,0.027285552006905973,0.028383539941324278,False,False,False
2024-12-20,2024-07-01,0.0027179605287093,-0.001985563044025188,0.001646263094424128,0.002828039830171895,0.004703523572734488,0.001071697434285172,0.00011007930146259481,False,True,True
2024-12-21,2024-07-01,-0.0054339734346358,0.004310209303020495,0.0015317886041490737,0.0027697694876637428,0.009744182737656294,0.006965762038784874,0.008203742922299542,False,False,False
2024-12-22,2024-07-01,-0.0218029830213748,-0.0007301873249337262,0.0015707032450646774,0.0027043675558389743,0.021072795696441073,0.023373686266439476,0.024507350577213774,True,False,False
2024-12-23,2024-07-01,-0.0044024561027654,0.0031811945376544,0.0016387081571079044,0.0026404003338994743,0.0075836506404198005,0.006041164259873305,0.0070428564366648745,False,False,False
2024-12-24,2024-07-01,0.0421376059533464,0.001606956628246331,0.0015627874903396002,0.002573877583041455,0.040530649325100074,0.040574818463006805,0.039563728370304946,True,True,True
2024-12-25,2024-07-01,0.0063146152104343,0.0027909061204865184,0.0013691262430875159,0.002503513314374695,0.0035237090899477817,0.004945488967346784,0.0038111018960596053,True,True,True
2024-12-26,2024-07-01,-0.0352840692865005,0.003880391767845306,0.0015275220695241164,0.0024508730479130426,0.0391644610543458,0.03681159135602462,0.03773494233441354,False,False,False
2024-12-27,2024-07-01,-0.017022260795415,0.0009473463364751115,0.001697730275225249,0.0023845855886545516,0.01796960713189011,0.01871999107064025,0.01940684638406955,False,False,False
2024-12-28,2024-07-01,0.0106097998672873,0.0008995259718642901,0.0016140594028693398,0.002314446119382878,0.00971027389542301,0.008995740464417961,0.008295353747904423,True,True,True
2024-12-29,2024-07-01,-0.0171672516085114,-0.0014963675100195804,0.0015000234035772255,0.0022424354694769795,0.01567088409849182,0.018667275012088626,0.019409687077988378,True,False,False
2024-12-30,2024-07-01,-0.0094837322393019,0.006418383618526322,0.0016215070552058246,0.002186225407057858,0.01590211585782822,0.011105239294507723,0.011669957646359757,False,False,False
2024-12-31,2024-07-01,0.0084840775653842,0.0027356592066571307,0.0015850194965161249,0.002139436644616651,0.0057484183587270705,0.006899058068868076,0.006344640920767549,True,True,True
2025-01-01,2025-01-01,0.0106021956130217,-0.0011387217739364736,0.0015699555749229335,0.0021031810113906193,0.011740917386958174,0.009032240038098766,0.008499014601631081,False,True,True
2025-01-02,2025-01-01,0.0261292471476068,0.001219518669569808,0.001534062911805023,0.002061017688784382,0.02490972847803699,0.024595184235801777,0.024068229458822418,True,True,True
2025-01-03,2025-01-01,0.0125977299556827,0.004291486622254552,0.0012268944574469992,0.002024659165595297,0.008306243333428148,0.0113708354982357,0.010573070790087402,True,True,True
2025-01-04,2025-01-01,0.0013128146911018,0.0011741355128609698,0.00150094516780743,0.0019857151467694936,0.00013867917824083014,0.00018813047670562994,0.0006729004556676936,True,True,True
2025-01-05,2025-01-01,0.0008014800420892,-0.0016134857865291127,0.001720648301328944,0.0019402430699162168,0.0024149658286183127,0.000919168259239744,0.0011387630278270168,False,True,True
2025-01-06,2025-01-01,0.0382762192459422,0.00028801216367713416,0.0017267858068080427,0.0018853359853550089,0.037988207082265066,0.03654943343913415,0.03639088326058719,True,True,False
2025-01-07,2025-01-01,-0.0505043052595688,0.00120273036755282,0.000982402147922148,0.0018401131114308487,0.051707035627121624,0.05148670740749095,0.05234441837099965,False,False,True
2025-01-08,2025-01-01,-0.0193884366295112,0.004440592381589883,0.002757589602024357,0.001811562034016605,0.02382902901110108,0.022146026231535554,0.021199998663527803,False,False,True
2025-01-09,2025-01-01,-0.0269296032220764,0.0014798588792792936,0.002110235962863296,0.0017938066553001971,0.02840946210135569,0.029039839184939693,0.028723409877376597,False,False,True
2025-01-10,2025-01-01,0.0239761810251548,0.004140180029814453,0.0022691547698591363,0.0017708668570683673,0.019836000995340348,0.021707026255295664,0.022205314168086434,True,True,False
2025-01-11,2025-01-01,-0.0014240475784673,0.001662859508723101,0.0012561475302674263,0.001765679742413941,0.003086907087190401,0.0026801951087347263,0.0031897273208812407,False,False,True
2025-01-12,2025-01-01,-0.0008264678561502,0.0031936240305185486,0.0017777458271259201,0.0017717819348919861,0.004020091886668749,0.00260421368327612,0.002598249791042186,False,False,True
2025-01-13,2025-01-01,0.000297242056733,-0.0012755615512091908,0.0017580966993363798,0.0017773403070481834,0.0015728036079421907,0.00146085464260338,0.0014800982503151835,False,True,False
2025-01-14,2025-01-01,0.0213457220401691,-0.0011135698838783698,0.0017357803277631124,0.0017632409236882894,0.02245929192404747,0.01960994171240599,0.019582481116480813,False,True,False
2025-01-15,2025-01-01,0.0411299996325777,-0.0003151788446846258,0.0013182318082166759,0.001742395064006312,0.041445178477262326,0.03981176782436102,0.039387604568571384,False,True,False
2025-01-16,2025-01-01,-0.007438333563293,0.004474386147875374,0.0009326674980651258,0.0017492934274587859,0.011912719711168373,0.008371001061358126,0.009187626990751785,False,False,True
2025-01-17,2025-01-01,0.0471659856883341,0.0030306055776429183,0.0019039792624254192,0.0017700153834861246,0.04413538011069118,0.04526200642590868,0.045395970304847974,True,True,False
2025-01-18,2025-01-01,-0.0005166350425891,0.0003652438961019872,0.0008038488356861339,0.001799416336563793,0.0008818789386910872,0.001320483878275234,0.002316051379152893,False,False,True
2025-01-19,2025-01-01,-0.0317835673771925,0.003713743019892614,0.0017683219990587788,0.0018403842166182997,0.03549731039708511,0.033551889376251275,0.0336239515938108,False,False,True
2025-01-20,2025-01-01,0.0091706229080479,0.007000873135493531,0.0023735063385701377,0.0018736227802135927,0.0021697497725543698,0.0067971165694777624,0.007297000127834308,True,True,False
2025-01-21,2025-01-01,0.0404796765356885,0.003966298062966565,0.0015492017641068091,0.0019073142406193775,0.03651337847272194,0.038930474771581694,0.03857236229506912,True,True,False
2025-01-22,2025-01-01,-0.0234882998268456,-0.0025090810574252198,0.0009408649056919814,0.001945544357505893,0.02097921876942038,0.024429164732537582,0.025433844184351493,True,False,False
2025-01-23,2025-01-01,0.0029627830760259,0.0029626294327476975,0.0022220030073220346,0.001964072193068644,1.536432782025393e-07,0.0007407800687038654,0.0009987108829572562,True,True,True
2025-01-24,2025-01-01,0.0082657856802432,0.0011153249828071395,0.0016758096220503668,0.0019829229051401436,0.00715046069743606,0.006589976058192833,0.0062828627751030566,True,True,True
2025-01-25,2025-01-01,-0.0010001569662844,0.0005731836746052268,0.0015785814041911698,0.001999273170446701,0.0015733406408896269,0.00257873837047557,0.002999430136731101,False,False,False
2025-01-26,2025-01-01,-0.0194065344994488,0.0014940550334677691,0.0017645258726822408,0.0020215663001323272,0.02090058953291657,0.021171060372131043,0.02142810079958113,False,False,False
2025-01-27,2025-01-01,-0.0057927348866652,0.0042568544907528455,0.002126961898558767,0.0020190224069923384,0.010049589377418046,0.007919696785223968,0.007811757293657538,False,False,False
2025-01-28,2025-01-01,-0.0073976691606418,0.0021489136459001365,0.0018502816252056382,0.0020430616373126108,0.009546582806541937,0.009247950785847439,0.00944073079795441,False,False,False
2025-01-29,2025-01-01,0.023395602825692,0.0010446041924332817,0.0018864175994476548,0.0020665302662057046,0.022350998633258717,0.021509185226244343,0.021329072559486295,True,True,True
2025-01-30,2025-01-01,0.0099523798797513,0.0049637176714835965,0.001274721251579911,0.0021081618810494204,0.004988662208267704,0.00867765862817139,0.00784421799870188,True,True,True
2025-01-31,2025-01-01,-0.0222492430508784,0.0025678104060484863,0.0015521302996093457,0.002150831532304739,0.024817053456926887,0.023801373350487747,0.02440007458318314,False,False,False
2025-02-01,2025-01-01,-0.0170803846216345,0.003279835488225664,0.002187355823124982,0.002184980872714782,0.020360220109860164,0.019267740444759485,0.019265365494349283,False,False,False
2025-02-02,2025-01-01,-0.0294759621967042,0.0014203442656851556,0.0020736616745993157,0.00221727352051599,0.030896306462389354,0.031549623871303514,0.031693235717220186,False,False,False
2025-02-03,2025-01-01,0.0380436508117398,0.0048292434995071375,0.0023208768822116296,0.0022405996950492727,0.03321440731223266,0.03572277392952817,0.03580305111669053,True,True,True
2025-02-04,2025-01-01,-0.0348462784056634,0.001108027311070119,0.0009761787638270486,0.0022707874768477473,0.03595430571673352,0.03582245716949045,0.037117065882511145,False,False,False
2025-02-05,2025-01-01,-0.0128369432180627,0.0010217053285367721,0.002446021664673139,0.0022745010234185158,0.013858648546599472,0.015282964882735839,0.015111444241481215,False,False,False
2025-02-06,2025-01-01,-0.0002292432377489,0.0005107763958460399,0.0019853586479969157,0.002278515071225235,0.0007400196335949399,0.0022146018857458157,0.002507758308974135,False,False,False
2025-02-07,2025-01-01,-0.0006647556256734,0.0003202511137730085,0.0017416043899707362,0.0022463275329381036,0.0009850067394464085,0.002406360015644136,0.0029110831586115033,False,False,False
2025-02-08,2025-01-01,-0.0004830959709924,0.001518367712452746,0.001754628174189519,0.0022089261508453405,0.002001463683445146,0.002237724145181919,0.0026920221218377405,False,False,False
2025-02-09,2025-01-01,0.0001828376500454,0.0051911467556762896,0.0017511735966859979,0.00218850929721723,0.005008309105630889,0.0015683359466405979,0.00200567164717183,True,True,True
2025-02-10,2025-01-01,0.0097146116762192,0.0018866771873156003,0.0017380760385902944,0.0021624088434254087,0.0078279344889036,0.007976535637628906,0.0075522028327937914,True,True,True
2025-02-11,2025-01-01,-0.0173457247097439,0.0005793598874051635,0.0015490802145490387,0.0021141000955436965,0.017925084597149064,0.01889480492429294,0.019459824805287594,False,False,False
2025-02-12,2025-01-01,0.0223340688567765,0.002054421785548468,0.002089557491138694,0.002072428468499322,0.020279647071228032,0.020244511365637805,0.02026164038827718,True,True,True
2025-02-13,2025-01-01,-0.0128924871841327,0.001157299113870354,0.0012927679322475266,0.0020436700262420186,0.014049786298003054,0.014185255116380226,0.014936157210374718,False,False,False
2025-02-14,2025-01-01,0.0091602788033979,0.0013682927737593143,0.0020051899563130558,0.0020080989483407803,0.007791986029638585,0.007155088847084844,0.007152179855057119,True,True,True
2025-02-15,2025-01-01,0.0007320640697474,-0.000793217364781329,0.0015559585767055254,0.001968619308802962,0.0015252814345287288,0.0008238945069581255,0.001236555239055562,False,True,True
2025-02-16,2025-01-01,-0.0144016729802401,0.0030979944038985324,0.001730352707194249,0.001936273352654554,0.017499667384138634,0.01613202568743435,0.016337946332894655,False,False,False
2025-02-17,2025-01-01,-0.00417622362353,0.003268395384758951,0.0020281508983146504,0.0019047175110967413,0.007444619008288951,0.00620437452184465,0.0060809411346267415,False,False,True
2025-02-18,2025-01-01,-0.0024415545387781,0.003178519648636506,0.0018199307290307513,0.00187249215438111,0.005620074187414606,0.004261485267808851,0.00431404669315921,False,False,True
2025-02-19,2025-01-01,0.0114723435043504,-0.002083405433948194,0.0017886840901524068,0.001826007388295829,0.013555748938298594,0.009683659414197993,0.00964633611605457,False,True,False
2025-02-20,2025-01-01,0.0175745580328421,0.0018602869515818763,0.001513160386931165,0.0017792866645334475,0.015714271081260226,0.016061397645910937,0.015795271368308654,True,True,False
2025-02-21,2025-01-01,-0.0224580717618472,-0.0008478758461209512,0.0013968470436163656,0.0017513161083035685,0.021610195915726247,0.023854918805463567,0.02420938787015077,True,False,True
2025-02-22,2025-01-01,0.0047043783073406,0.0018954341799762866,0.002193914103607608,0.001730230754676584,0.002808944127364314,0.0025104642037329923,0.0029741475526640164,True,True,False
2025-02-23,2025-01-01,-0.0031460239332733,0.0035291001810519224,0.001641201206390076,0.0017276814559620936,0.006675124114325222,0.004787225139663376,0.004873705389235394,False,False,True
2025-02-24,2025-01-01,-0.0504368151357187,0.0015843462177437375,0.0018056395456046608,0.0017059275917440803,0.05202116135346244,0.052242454681323366,0.05214274272746278,False,False,True
2025-02-25,2025-01-01,-0.0293377120214919,0.004791603972549851,0.0027420684023095913,0.0016871703945284654,0.03412931599404175,0.03207978042380149,0.031024882416020368,False,False,True
2025-02-26,2025-01-01,-0.0494629004695273,0.0012091948281769374,0.002307040012232146,0.0016737959967603462,0.050672095297704244,0.05176994048175945,0.05113669646628765,False,False,True
2025-02-27,2025-01-01,0.0042349227090945,0.000829437832934588,0.0027128911136260598,0.0016369285453025286,0.0034054848761599114,0.0015220315954684398,0.002597994163791971,True,True,False
2025-02-28,2025-01-01,-0.0039102977908145,-0.0007230742672025125,0.0016401611922653254,0.0015976398038112548,0.0031872235236119874,0.005550458983079825,0.005507937594625755,True,False,True
2025-03-01,2025-01-01,0.0196615753427511,0.0019571413365130127,0.0018199137049835022,0.0015524264429351998,0.017704434006238084,0.017841661637767597,0.0181091488998159,True,True,False
2025-03-02,2025-01-01,0.0955045297961285,-0.0004553731382400997,0.001350052885185643,0.001516428144047433,0.0959599029343686,0.09415447691094286,0.09398810165208107,False,True,False
2025-03-03,2025-01-01,-0.0868204011194161,-0.0009043046369034509,-0.00014742293799148453,0.0015009440202239138,0.08591609648251264,0.08667297818142461,0.08832134513964,True,True,True
2025-03-04,2025-01-01,0.0134376855754954,0.004314062544581051,0.0034983832461465006,0.0014682889526699374,0.009123623030914348,0.0099393023293489,0.011969396622825462,True,True,False
2025-03-05,2025-01-01,0.0389965785120813,0.004331884868415434,0.0014472947658568868,0.0014283752106098143,0.03466469364366587,0.03754928374622441,0.03756820330147148,True,True,False
2025-03-06,2025-01-01,-0.0073031330841799,0.0011417704958447848,0.0009712398779754024,0.0014093343118610653,0.008444903580024685,0.008274372962155302,0.008712467396040965,False,False,True
2025-03-07,2025-01-01,-0.0357824911826653,0.00024939551176792634,0.0019000439890930318,0.001391292003408828,0.036031886694433225,0.03768253517175833,0.03717378318607413,False,False,True
2025-03-08,2025-01-01,-0.00677957125701,0.003796962529640017,0.002450475343728216,0.0013611606379146696,0.010576533786650017,0.009230046600738217,0.008140731894924669,False,False,True
2025-03-09,2025-01-01,-0.0644603432710168,-0.0026867281568708394,0.0018643184282030178,0.001345224636844459,0.061773615114145954,0.06632466169921981,0.06580556790786125,True,False,True
2025-03-10,2025-01-01,-0.0256701289036189,0.0027824786424574316,0.003018572193041335,0.0013133106186950729,0.02845260754607633,0.028688701096660232,0.02698343952231397,False,False,True
2025-03-11,2025-01-01,0.0551394455444913,0.005357494609350748,0.0022292034240707125,0.0012691879060420111,0.049781950935140554,0.052910242120420586,0.05387025763844929,True,True,False
2025-03-12,2025-01-01,0.0103804668952023,0.0008401141170850338,0.0006372923960866431,0.0012348585861223357,0.009540352778117267,0.009743174499115657,0.009145608309079966,True,True,False
2025-03-13,2025-01-01,-0.0317197970748182,-0.005765833414129009,0.0015538578966446059,0.001202198037144526,0.025953963660689194,0.033273654971462806,0.032921995111962726,True,False,True
2025-03-14,2025-01-01,0.0358025962030881,0.0016223771683257604,0.002375967493737559,0.0011671994739709994,0.034180219034762344,0.033426628709350543,0.0346353967291171,True,True,False
2025-03-15,2025-01-01,0.0044541123525254,-0.0014500847060068666,0.0010207529644229857,0.0011397256295821397,0.005904197058532267,0.0034333593881024143,0.0033143867229432603,False,True,False
2025-03-16,2025-01-01,-0.0209077171575404,0.002088533021295418,0.0016651954357257749,0.0011165363459814813,0.022996250178835817,0.022572912593266176,0.02202425350352188,False,False,True
2025-03-17,2025-01-01,0.0181158350835366,0.004859049492324127,0.002158970094898497,0.0011127715186403488,0.013256785591212475,0.015956864988638103,0.017003063564896254,True,True,False
2025-03-18,2025-01-01,-0.0161424490284424,0.0012546840473564777,0.0013753561446678533,0.0011243292958494845,0.01739713307579888,0.017517805173110253,0.017266778324291885,False,False,True
2025-03-19,2025-01-01,0.0499976010505509,0.004619534034815004,0.002068187038852934,0.0011536988358996011,0.04537806701573589,0.047929414011697966,0.0488439022146513,True,True,False
2025-03-20,2025-01-01,-0.0309372537911718,0.00012009767357644028,0.000744055663912098,0.0011938820479056155,0.03105735146474824,0.0316813094550839,0.03213113583907742,False,False,True
2025-03-21,2025-01-01,-0.0014727011460912,0.005482250727027502,0.002372912903370764,0.001231763576559269,0.0069549518731187015,0.003845614049461964,0.002704464722650469,False,False,True
2025-03-22,2025-01-01,-0.0025077306278807,0.0013624877573200763,0.0017613834555732556,0.0012626559992349974,0.003870218385200776,0.004269114083453956,0.003770386627115697,False,False,True
2025-03-23,2025-01-01,0.0265039339053942,-0.004137287752437416,0.0017908521873647185,0.0012437125038174271,0.03064122165783162,0.02471308171802948,0.025260221401576775,False,True,False
2025-03-24,2025-01-01,0.0167863523789464,0.0009635405476582702,0.0012147260601822756,0.0012733009166936101,0.015822811831288128,0.015571626318764124,0.01551305146225279,True,True,False
2025-03-25,2025-01-01,-0.0003109860024155,0.002934320513465874,0.0014176277773177521,0.0012956187761389852,0.003245306515881374,0.001728613779733252,0.0016066047785544852,False,False,True
2025-03-26,2025-01-01,-0.0065257711020474,0.0004077654799717254,0.0017542542000013811,0.0013069464331807506,0.006933536582019125,0.008280025302048782,0.00783271753522815,False,False,True
2025-03-27,2025-01-01,0.0031785494123917,2.7827153085764568e-05,0.0018717540691145908,0.001312732085230037,0.003150722259305935,0.0013067953432771091,0.0018658173271616629,True,True,False
2025-03-28,2025-01-01,-0.0323932899165662,0.0033864891970777954,0.0016766539535168453,0.0013346260679047458,0.035779779113643995,0.03406994387008304,0.03372791598447094,False,False,True
2025-03-29,2025-01-01,-0.0208120566039186,0.0061173840677865455,0.0023859338456807206,0.0013500981977859448,0.02692944067170515,0.02319799044959932,0.022162154801704546,False,False,True
2025-03-30,2025-01-01,-0.0031848691098436,0.00331948499460071,0.0021440170368592143,0.0013902292972828069,0.0065043541044443095,0.0053288861467028145,0.004575098407126407,False,False,True
2025-03-31,2025-01-01,0.0026038970780313,0.0007670715025516273,0.001797439505868835,0.0014411051992865383,0.0018368255754796729,0.0008064575721624652,0.001162791878744762,True,True,False
2025-04-01,2025-01-01,0.0317418810684309,0.0034619168756633506,0.0016885798812621307,0.0014689429549733302,0.02827996419276755,0.030053301187168768,0.03027293811345757,True,True,False
2025-04-02,2025-01-01,-0.0315074208005501,-0.00046319390841650845,0.0011124674513079834,0.0015031962642837998,0.03104422689213359,0.03261988825185808,0.0330106170648339,True,False,True
2025-04-03,2025-01-01,0.0074815041355174,0.0005538271416116376,0.0023782289167705462,0.0015396251057096272,0.006927676993905762,0.005103275218746854,0.005941879029807773,True,True,False
2025-04-04,2025-01-01,0.0089163820199409,-0.00047499867240697246,0.0015831900330365444,0.0015667201952773446,0.009391380692347873,0.007333191986904356,0.007349661824663556,False,True,False
2025-04-05,2025-01-01,-0.0040433257264926,0.0041868131187328735,0.00156703044391636,0.0015917001082093817,0.008230138845225474,0.00561035617040896,0.005635025834701981,False,False,True
2025-04-06,2025-01-01,-0.0633533964272636,0.0024972343543725154,0.001825197886841291,0.0016275743707255114,0.06585063078163612,0.0651785943141049,0.06498097079798912,False,False,True
2025-04-07,2025-01-01,0.0130519502961308,0.005858325144297062,0.0029983798335922462,0.0016369665722398958,0.007193625151833738,0.010053570462538554,0.011414983723890904,True,True,False
2025-04-08,2025-01-01,-0.037399763343434,0.00032330059988193785,0.0014611282500589355,0.0016546335467660703,0.03772306394331594,0.03886089159349294,0.03905439689020007,False,False,True
2025-04-09,2025-01-01,0.0826253916648998,-0.0014400284885722862,0.0024876503138240684,0.0016374596763798635,0.08406542015347208,0.08013774135107572,0.08098793198851993,False,True,False
2025-04-10,2025-01-01,-0.0356990599146636,0.0019293320612987935,8.877639672454627e-05,0.0016572554029942415,0.03762839197596239,0.03578783631138815,0.03735631531765784,False,False,True
2025-04-11,2025-01-01,0.0474554622745788,0.0030543643021886274,0.002478151615285242,0.001669971589544112,0.044401097972390176,0.04497731065929356,0.04578549068503469,True,True,False
2025-04-12,2025-01-01,0.0225679172717334,-0.0002677459407670092,0.0007889197806293077,0.0017012020521804943,0.02283566321250041,0.021778997491104093,0.020866715219552905,False,True,False
2025-04-13,2025-01-01,-0.0187851695788582,0.0029199653337205,0.0013098173339313008,0.0017213591875517634,0.021705134912578698,0.0200949869127895,0.020506528766409963,False,False,True
2025-04-14,2025-01-01,0.0102457346314681,0.0033931673411628453,0.0021232346529443604,0.0017285664252416643,0.006852567290305254,0.00812249997852374,0.008517168206226436,True,True,False
2025-04-15,2025-01-01,-0.0103308935439746,0.0030797769147904996,0.0015326970614751537,0.0017383244231380342,0.0134106704587651,0.011863590605449755,0.012069217967112635,False,False,True
2025-04-16,2025-01-01,0.0043609345644122,-0.0023905584995810693,0.0019502708744474633,0.00173720778009365,0.006751493063993269,0.0024106636899647363,0.0026237267843185496,False,True,False
2025-04-17,2025-01-01,0.0102563744993067,-0.0003657758287212891,0.0016518838258741692,0.0017296008758421843,0.01062215032802799,0.008604490673432531,0.008526773623464516,False,True,False
2025-04-18,2025-01-01,-0.005241078764249,0.004147201663104864,0.0015396309387755447,0.0017315195710013746,0.009388280427353863,0.006780709703024544,0.006972598335250374,False,False,True
2025-04-19,2025-01-01,0.0072540383394437,0.0029625062830710845,0.0018494602453986765,0.0017429615432502728,0.004291532056372616,0.005404578094045024,0.005511076796193427,True,True,False
2025-04-20,2025-01-01,0.0013036230231544,0.0034343910990675373,0.0015962926895587335,0.001757361614989433,0.0021307680759131377,0.0002926696664043336,0.000453738591835033,True,True,False
2025-04-21,2025-01-01,0.0275270995296317,0.002331527196640049,0.0017184455399134122,0.0017747228154609284,0.02519557233299165,0.025808653989718287,0.02575237671417077,True,True,False
2025-04-22,2025-01-01,0.0676766270145201,0.0009873511070173685,0.0011959753292872708,0.0018040737293915999,0.06668927590750273,0.06648065168523283,0.06587255328512849,True,True,False
2025-04-23,2025-01-01,0.0027527134594511,-0.0008297359161782785,0.0004078299317735363,0.0018511918744478187,0.0035824493756293784,0.002344883527677564,0.0009015215850032812,False,True,False
2025-04-24,2025-01-01,0.0026114175645013,0.001112787378654031,0.0017108446876697191,0.0018981385167455547,0.001498630185847269,0.0009005728768315807,0.0007132790477557451,True,True,False
2025-04-25,2025-01-01,0.0082677425315635,0.0008837731259544014,0.0016923316043191004,0.0019494362742872265,0.007383969405609098,0.0065754109272444,0.006318306257276273,True,True,True
2025-04-26,2025-01-01,-0.0007767095032226,0.004458858347623357,0.0015790402411142782,0.002003782288384047,0.005235567850845957,0.002355749744336878,0.002780491791606647,False,False,False
2025-04-27,2025-01-01,-0.0094254080977105,0.0054235139741515,0.0017602214615650045,0.0020809777278304425,0.014848922071862001,0.011185629559275505,0.011506385825540944,False,False,False
2025-04-28,2025-01-01,0.0130543255265145,0.006094358618602093,0.0019289006279930951,0.002147480751589634,0.006959966907912407,0.011125424898521405,0.010906844774924866,True,True,True
2025-04-29,2025-01-01,-0.0073064863193083,0.004401137953569641,0.0014795404578158901,0.0022218449247369504,0.011707624272877942,0.00878602677712419,0.00952833124404525,False,False,False
2025-04-30,2025-01-01,-0.0008217291810309,-0.003020032139177152,0.001891217339690943,0.0022519985179345085,0.002198302958146252,0.002712946520721843,0.0030737276989654086,True,False,False
2025-05-01,2025-01-01,0.0242552661450776,0.006066500960781415,0.0017558973815970532,0.0023089926870126596,0.018188765184296185,0.02249936876348055,0.021946273458064942,True,True,True
2025-05-02,2025-01-01,0.0043291974532626,-0.001089285743325021,0.0012600218804486004,0.0023536855167338526,0.005418483196587621,0.0030691755728139997,0.0019755119365287475,False,True,True
2025-05-03,2025-01-01,-0.0105074058270356,0.0015708612006992625,0.0016641803039404738,0.00238235846432731,0.012078267027734863,0.012171586130976075,0.012889764291362911,False,False,False
2025-05-04,2025-01-01,-0.0164333171747127,0.0022738763933484963,0.001952387215606013,0.0024235451430684772,0.018707193568061196,0.01838570439031871,0.018856862317781175,False,False,False
2025-05-05,2025-01-01,0.0045811763897039,0.004522594367339867,0.00206473108767649,0.0024553340707926356,5.85820223640331e-05,0.0025164453020274104,0.0021258423189112648,True,True,True
2025-05-06,2025-01-01,0.0216829979441366,0.004118130375212208,0.0016451767080637718,0.002489118964665922,0.01756486756892439,0.02003782123607283,0.01919387897947068,True,True,True
2025-05-07,2025-01-01,0.0023743581586117,0.003292199888527672,0.001312661944646894,0.0025309393870482787,0.0009178417299159718,0.0010616962139648062,0.0001565812284365785,True,True,True
2025-05-08,2025-01-01,0.0639904374645787,0.0009548664640967084,0.0017021517339562884,0.0025651321065741804,0.063035571000482,0.062288285730622416,0.06142530535800453,True,True,True
2025-05-09,2025-01-01,-0.0026211308184007,0.0032036512344480296,0.0004727636236967585,0.0026315294053477285,0.0058247820528487294,0.0030938944420974583,0.005252660223748429,False,False,False
2025-05-10,2025-01-01,0.0167569417589277,0.0021915066709755006,0.0018159159683448732,0.0026866537627412996,0.0145654350879522,0.014941025790582827,0.0140702879961864,True,True,True
2025-05-11,2025-01-01,-0.0056350471937813,0.005837776462940381,0.0014095049162775894,0.0027458428956626648,0.01147282365672168,0.007044552110058889,0.008380890089443965,False,False,False
2025-05-12,2025-01-01,-0.0124238928127439,0.0054038578118302955,0.0018597423115114468,0.0027891221674623745,0.017827750624574194,0.014283635124255347,0.015213014980206274,False,False,False
2025-05-13,2025-01-01,0.013197358248725,0.0001656705810609881,0.0019869191180829967,0.0028006175471448477,0.013031687667664011,0.011210439130642003,0.010396740701580153,True,True,True
2025-05-14,2025-01-01,-0.0060516422404043,0.0012015046778025196,0.0014756338506685695,0.0028182910122397284,0.00725314691820682,0.007527276091072869,0.008869933252644029,False,False,False
2025-05-15,2025-01-01,0.0019821105262978,-0.00035438457925107735,0.0018662875438784825,0.0028324789494679624,0.0023364951055488774,0.00011582298241931757,0.0008503684231701623,False,True,True
2025-05-16,2025-01-01,-0.002461347024402,0.0022034708756375233,0.0017006412374944808,0.002841587845222443,0.004664817900039524,0.00416198826189648,0.005302934869624442,False,False,False
2025-05-17,2025-01-01,-0.0028814878109744,0.0025431346501048214,0.0017913795626830996,0.002850905633786314,0.005424622461079221,0.0046728673736575,0.005732393444760714,False,False,False
2025-05-18,2025-01-01,0.0315426651965986,0.005318223135157991,0.001798261784022875,0.002857379039958725,0.02622444206144061,0.029744403412575726,0.02868528615663988,True,True,True
2025-05-19,2025-01-01,-0.007889709931436,0.0038839187033517615,0.0011146867803575023,0.00286291475645623,0.011773628634787762,0.009004396711793502,0.01075262468789223,False,False,False
2025-05-20,2025-01-01,0.0112200465304801,0.0030108883680958795,0.0019092203877243482,0.002868966801676547,0.00820915816238422,0.009310826142755751,0.008351079728803553,True,True,True
2025-05-21,2025-01-01,0.0270340184497199,0.00030469673483347025,0.001517003930248222,0.0028794254745304706,0.026729321714886428,0.02551701451947168,0.024154592975189428,True,True,True
2025-05-22,2025-01-01,0.0181914486386793,0.0007677602413582113,0.0012090521156226852,0.002892349862510669,0.01742368839732109,0.016982396523056616,0.01529909877616863,True,True,True
2025-05-23,2025-01-01,-0.0392706682020235,0.0021299799515470913,0.0013901577830077105,0.0029026055486524455,0.041400648153570585,0.04066082598503121,0.04217327375067594,False,False,False
2025-05-24,2025-01-01,0.0046916740734872,0.0037205968637043607,0.0025282343824747683,0.0029066129512166925,0.000971077209782839,0.0021634396910124314,0.0017850611222705072,True,True,True
2025-05-25,2025-01-01,0.0115430098190454,0.00451371909819509,0.001635806004905045,0.002921986755443644,0.0070292907208503105,0.009907203814140356,0.008621023063601758,True,True,True
2025-05-26,2025-01-01,0.0037141753716718,0.0030859036289916236,0.0015137335765779212,0.0029377970828118926,0.0006282717426801762,0.002200441795093879,0.0007763782888599072,True,True,True
2025-05-27,2025-01-01,-0.0040727802177084,0.003991505215555904,0.001672000114387804,0.002931938942703996,0.008064285433264304,0.0057447803320962035,0.007004719160412396,False,False,False
2025-05-28,2025-01-01,-0.0109391846531444,0.003910061762866871,0.0018242193033697614,0.002926006045359331,0.01484924641601127,0.012763403956514163,0.013865190698503732,False,False,False
2025-05-29,2025-01-01,-0.0200419633794435,-0.002437925099387921,0.0019577827132338803,0.0028784502647312134,0.01760403828005558,0.02199974609267738,0.022920413644174714,True,False,False
2025-05-30,2025-01-01,-0.0155543369783418,0.0021615856673713064,0.0021359770753303325,0.0028406713910182624,0.017715922645713107,0.01769031405367213,0.01839500836936006,False,False,False
2025-05-31,2025-01-01,0.0061493483571777,0.0016191288532035604,0.00204362332503052,0.0027833793316752817,0.0045302195039741405,0.00410572503214718,0.0033659690255024187,True,True,True
2025-06-01,2025-01-01,0.009690618169351,0.0033957793716966576,0.0016140876241745464,0.002739656972261956,0.006294838797654342,0.008076530545176454,0.006950961197089044,True,True,True
2025-06-02,2025-01-01,0.0021715582000447,0.0010286338667624827,0.001551228280216747,0.0027097324034413865,0.0011429243332822174,0.0006203299198279531,0.0005381742033966864,True,True,True
2025-06-03,2025-01-01,-0.0042411787466475,0.0017245200819291481,0.001702112076978158,0.002670507942933319,0.0059656988285766484,0.005943290823625658,0.006911686689580819,False,False,False
2025-06-04,2025-01-01,-0.0066439151364365,0.004192476483734589,0.0018270221489120532,0.0026353115316451008,0.010836391620171089,0.008470937285348553,0.009279226668081602,False,False,False
2025-06-05,2025-01-01,-0.030134359325224,0.002756426075428712,0.0018724255178257834,0.002595570223967627,0.03289078540065271,0.032006784843049786,0.03272992954919163,False,False,False
2025-06-06,2025-01-01,0.0277072529315731,0.0027336617674946096,0.002337788502524219,0.002549260079536887,0.02497359116407849,0.02536946442904888,0.025157992852036216,True,True,True
2025-06-07,2025-01-01,0.0117374960746787,0.002210798651770303,0.0011814223726614112,0.0025144819676061895,0.009526697422908398,0.010556073702017289,0.009223014107072512,True,True,True
2025-06-08,2025-01-01,0.0016855786016509,0.00030330520821994326,0.001517759641093154,0.002466615234117739,0.0013822733934309567,0.0001678189605577459,0.0007810366324668392,True,True,True
2025-06-09,2025-01-01,0.0425399179579173,0.001007102533190841,0.0017127789900530837,0.0024249857271871804,0.041532815424726456,0.04082713896786421,0.040114932230730115,True,True,True
2025-06-10,2025-01-01,-0.0003342625487465,0.0007023563800426633,0.0008982940230375727,0.002390847744776721,0.0010366189287891632,0.0012325565717840727,0.002725110293523221,False,False,False
2025-06-11,2025-01-01,-0.0142449552984263,0.0014017612333171942,0.0017631448233546465,0.0023477485135286478,0.015646716531743494,0.016008100121780947,0.016592703811954948,False,False,False
2025-06-12,2025-01-01,-0.0253717539991695,0.0034328918352466995,0.0020253423697399755,0.002302855210645222,0.0288046458344162,0.027397096368909475,0.027674609209814724,False,False,False
2025-06-13,2025-01-01,0.0015285141831733,0.003987385625022885,0.002240909365747467,0.002272002886785385,0.002458871441849585,0.0007123951825741672,0.0007434887036120851,True,True,True
2025-06-14,2025-01-01,-0.0058304915798971,0.0014353391328955577,0.0017026428919929254,0.002239827804360505,0.007265830712792657,0.007533134471890026,0.008070319384257604,False,False,False
2025-06-15,2025-01-01,0.0007548627203146,0.0023093906510595614,0.0018576350153499458,0.0022016557847090255,0.0015545279307449616,0.0011027722950353457,0.0014467930643944256,True,True,True
2025-06-16,2025-01-01,0.011792615001237,-0.0008168406541728878,0.0017248100942168798,0.0021617944321304845,0.012609455655409888,0.01006780490702012,0.009630820569106515,False,True,True
2025-06-17,2025-01-01,-0.0205590569411744,0.00025384515166952584,0.0015079261172920373,0.002125988067035413,0.020812902092843928,0.02206698305846644,0.022685045008209816,False,False,False
2025-06-18,2025-01-01,0.0026979724986506,0.0014402516969900172,0.0021540382679835065,0.00209219762533572,0.0012577208016605827,0.0005439342306670933,0.0006057748733148799,True,True,True
2025-06-19,2025-01-01,-0.0018977187896134,0.003816220124431873,0.0016815254675760132,0.002068215177864458,0.0057139389140452735,0.003579244257189413,0.003965933967477858,False,False,False
2025-06-20,2025-01-01,-0.0131317460557932,0.0034639524240327336,0.0017801752753044606,0.00205138010662797,0.016595698479825935,0.01491192133109766,0.01518312616242117,False,False,False
2025-06-21,2025-01-01,-0.0101848743639132,0.003525398046052273,0.0020018852993974193,0.002032094630555944,0.013710272409965474,0.01218675966331062,0.012216968994469144,False,False,False
2025-06-22,2025-01-01,-0.0124222359199532,-3.341537534271976e-05,0.0019395668624437854,0.002005921649953335,0.01238882054461048,0.014361802782396986,0.014428157569906536,True,False,False
2025-06-23,2025-01-01,0.0454575977108471,-6.873899751742027e-05,0.0019847735917545373,0.0019732223233134578,0.04552633670836452,0.04347282411909256,0.04348437538753364,False,True,True
2025-06-24,2025-01-01,0.0044314192255339,-7.616480983785355e-05,0.0008349787770981644,0.0019526494147361986,0.004507584035371754,0.003596440448435736,0.002478769810797702,False,True,True
2025-06-25,2025-01-01,0.0124062157498381,0.0016447030907665845,0.0016691581718002175,0.0019375713836178898,0.010761512659071515,0.010737057578037883,0.01046864436622021,True,True,True
2025-06-26,2025-01-01,-0.0037374544661238,0.005074438539539418,0.0014978612725157327,0.0019448483054161985,0.008811893005663218,0.005235315738639532,0.005682302771539999,False,False,False
2025-06-27,2025-01-01,0.0012007263229245,0.0031348650960176016,0.0018206136132062631,0.001938269887152907,0.0019341387730931016,0.0006198872902817632,0.0007375435642284071,True,True,True
2025-06-28,2025-01-01,0.0022343537784448,0.0036883508571241693,0.0017170418735689564,0.001937952275781662,0.0014539970786793693,0.0005173119048758436,0.00029640150266313807,True,True,True
2025-06-29,2025-01-01,0.0098564224957646,0.0024347509753593886,0.0016979405865309638,0.0019369689021500767,0.0074216715204052115,0.008158481909233635,0.007919453593614522,True,True,True
2025-06-30,2025-01-01,-0.0115350629368401,-0.0015063520085322468,0.001546991640675757,0.001921201317155849,0.010028710928307854,0.013082054577515857,0.01345626425399595,True,False,True
2025-07-01,2025-07-01,-0.0134134520130533,-0.0005067426283231677,0.0020838965749766843,0.0019205681332304728,0.012906709384730134,0.015497348588029985,0.015334020146283774,True,False,True
2025-07-02,2025-07-01,0.0299062484755399,0.0006444652161866574,0.0020992387646096866,0.0019017581751759837,0.02926178325935324,0.02780700971093021,0.028004490300363914,True,True,False
2025-07-03,2025-07-01,0.0072447287722909,0.004874359785673645,0.0015455987625395868,0.0019065822132500092,0.002370368986617255,0.005699130009751314,0.005338146559040891,True,True,False
2025-07-04,2025-07-01,-0.0147165563432009,0.004103181839325423,0.001852279436403667,0.0019116744343724622,0.018819738182526323,0.01656883577960457,0.016628230777573364,False,False,True
2025-07-05,2025-07-01,0.0018220480395592,0.003182031258193615,0.0021230881192586862,0.001915533604585312,0.001359983218634415,0.0003010400796994862,9.348556502611198e-05,True,True,False
2025-07-06,2025-07-01,0.0092477105755468,0.0012555923845354437,0.0019035477550429628,0.0019191004747440806,0.007992118191011357,0.007344162820503838,0.00732861010080272,True,True,False
2025-07-07,2025-07-01,-0.0085342953523908,0.0004393819440462049,0.001815559412160743,0.0019192138595508198,0.008973677296437004,0.010349854764551542,0.01045350921194162,False,False,True
2025-07-08,2025-07-01,0.0060057503829968,0.002276360954606609,0.002045285358714628,0.0019325893529414896,0.003729389428390191,0.003960465024282172,0.00407316103005531,True,True,False
2025-07-09,2025-07-01,0.0218106956047536,0.0004256716963947048,0.0018524563878050716,0.001944925457462221,0.021385023908358895,0.019958239216948528,0.01986577014729138,True,True,True
2025-07-10,2025-07-01,0.0418646606874946,0.0014272579070769677,0.001656721930790299,0.0019667158425871025,0.04043740278041763,0.0402079387567043,0.039897944844907496,True,True,True
2025-07-11,2025-07-01,0.0131892917604998,0.002040513498602881,0.001406743086175506,0.0020124642486326087,0.011148778261896919,0.011782548674324295,0.011176827511867191,True,True,True
2025-07-12,2025-07-01,-0.0006957770402219,0.005076161485536414,0.001780807065802413,0.0020705803714157977,0.005771938525758314,0.002476584106024313,0.0027663574116376976,False,False,False
2025-07-13,2025-07-01,0.0143133425480761,0.00464932607326865,0.0019464624901094972,0.002126025643396887,0.00966401647480745,0.012366880057966602,0.012187316904679214,True,True,True
2025-07-14,2025-07-01,0.0061585783252593,0.0007389116616472512,0.0017496695402282687,0.00216604586556375,0.005419666663612049,0.004408908785031031,0.00399253245969555,True,True,True
2025-07-15,2025-07-01,-0.0172926221005188,0.0023174743871415575,0.0018598777508409962,0.002208026364374632,0.019610096487660357,0.019152499851359795,0.01950064846489343,False,False,False
2025-07-16,2025-07-01,0.0081621945039229,0.0026906624818735484,0.002155797654012362,0.0022392656576626212,0.005471532022049351,0.006006396849910537,0.005922928846260278,True,True,True
2025-07-17,2025-07-01,0.004643278306736,0.0006839408663248351,0.0018215065629673692,0.002273891302364372,0.003959337440411165,0.0028217717437686307,0.002369387004371628,True,True,True
2025-07-18,2025-07-01,-0.0107856389702077,0.00021535252236996785,0.001876902404172165,0.0023070525122709257,0.011000991492577668,0.012662541374379867,0.013092691482478627,False,False,False
2025-07-19,2025-07-01,-0.0005360022928398,0.0049041500101794575,0.0020721056942896434,0.002331679256259272,0.0054401523030192574,0.0026081079871294434,0.002867681549099072,False,False,False
2025-07-20,2025-07-01,-0.0054196000256221,0.004185569363649549,0.001935166598120848,0.0023483075721065618,0.00960516938927165,0.007354766623742948,0.007767907597728662,False,False,False
2025-07-21,2025-07-01,0.0011828564931994,0.0026285704991340616,0.0020018299080324623,0.0023699111952677904,0.0014457140059346615,0.0008189734148330622,0.0011870547020683903,True,True,True
2025-07-22,2025-07-01,0.021763326222183,0.0020175273212115585,0.0019153694743838838,0.002399980495323359,0.01974579890097144,0.019847956747799118,0.019363345726859642,True,True,True
2025-07-23,2025-07-01,-0.010337504434577,0.002231721627542324,0.001655304960360733,0.002422957997207806,0.012569226062119325,0.011992809394937734,0.012760462431784806,False,False,False
2025-07-24,2025-07-01,-0.0032584822936673,0.0013685774577929545,0.002073375160966272,0.002438374423419561,0.0046270597514602545,0.005331857454633573,0.0056968567170868605,False,False,False
2025-07-25,2025-07-01,-0.0061850938387063,0.00167698753834055,0.001969892610878438,0.0024585080055210006,0.00786208137704685,0.008154986449584737,0.0086436018442273,False,False,False
2025-07-26,2025-07-01,0.0026478687246855,0.0029298639898081838,0.0020105725779090092,0.0024700205959664392,0.00028199526512268395,0.0006372961467764906,0.00017784812871906057,True,True,True
2025-07-27,2025-07-01,0.0127270750996388,0.003759230992496744,0.001896406622664238,0.0024830670346858343,0.008967844107142055,0.010830668476974562,0.010244008064952966,True,True,True
2025-07-28,2025-07-01,-0.0127587682112196,0.003238628997417869,0.0017712709345856802,0.002506111614561181,0.01599739720863747,0.014530039145805279,0.01526487982578078,False,False,False
2025-07-29,2025-07-01,-1.974250866199068e-05,0.0027459471351667817,0.002100649148146689,0.002522747756793829,0.0027656896438287724,0.0021203916568086796,0.0025424902654558198,False,False,False
2025-07-30,2025-07-01,-0.0007713643170961,0.0026763000767982253,0.0019276753395998183,0.002537293856213799,0.003447664393894325,0.0026990396566959184,0.003308658173309899,False,False,False
2025-07-31,2025-07-01,-0.0175928327549105,0.00029321230295004954,0.0019427338951029003,0.0025313633789003824,0.01788604505786055,0.0195355666500134,0.020124196133810883,False,False,False
2025-08-01,2025-07-01,-0.0210621547474024,0.001633519675300012,0.0021569814492905645,0.0025108174769229745,0.022695674422702414,0.023219136196692965,0.023572972224325375,False,False,False
2025-08-02,2025-07-01,-0.0069993935182635,0.002371474529049365,0.0021945751498805384,0.0024795838125896575,0.009370868047312865,0.009193968668144039,0.009478977330853157,False,False,False
2025-08-03,2025-07-01,0.015025363723748,0.0008330531099021341,0.0020138235645345112,0.0024395109078843595,0.014192310613845866,0.01301154015921349,0.012585852815863642,True,True,True
2025-08-04,2025-07-01,0.0074787983634865,0.0010865291467581544,0.0017381838840620164,0.0023994860275983443,0.006392269216728345,0.005740614479424483,0.005079312335888155,True,True,True
2025-08-05,2025-07-01,-0.0080857067535434,0.0034784282937335414,0.0018431860853484101,0.0023707596265755936,0.01156413504727694,0.00992889283889181,0.010456466380118993,False,False,False
2025-08-06,2025-07-01,0.0077671584153571,0.0024094602396561087,0.0020387094969888954,0.0023379054819631733,0.005357698175700991,0.005728448918368205,0.005429252933393927,True,True,True
2025-08-07,2025-07-01,0.0214634561802344,0.0010178488582591413,0.0018302338473482767,0.0023010988442552474,0.020445607321975257,0.019633222332886124,0.019162357335979152,True,True,True
2025-08-08,2025-07-01,-0.0068782400705657,0.001792515114678781,0.0016618648537574934,0.00227660141364966,0.008670755185244482,0.008540104924323194,0.00915484148421536,False,False,False
2025-08-09,2025-07-01,-0.0016142706587778,0.0032796054145945463,0.0020289971475039408,0.0022501112116675714,0.0048938760733723465,0.0036432678062817405,0.0038643818704453712,False,False,False
2025-08-10,2025-07-01,0.0240891826648066,0.0022552338176303243,0.0019503097018942976,0.0022235738480298885,0.021833948847176276,0.022138872962912302,0.02186560881677671,True,True,True
2025-08-11,2025-07-01,-0.0048221283567536,-0.0004980428262887583,0.0016246095566618253,0.0022017509504070115,0.004324085530464841,0.006446737913415425,0.007023879307160611,True,False,False
2025-08-12,2025-07-01,0.0121405153765801,0.0011724901583725085,0.002003923554571403,0.0021656300110960997,0.010968025218207592,0.010136591822008698,0.009974885365484,True,True,True
2025-08-13,2025-07-01,0.0263882795960923,0.0036137337479809975,0.0017754230045319782,0.002146441538833107,0.022774545848111304,0.024612856591560324,0.024241838057259196,True,True,True
2025-08-14,2025-07-01,-0.0404112226723519,8.94556538785262e-05,0.0016007438786965525,0.002137667565678026,0.04050067832623042,0.042011966551048455,0.04254889023802993,False,False,False
2025-08-15,2025-07-01,-0.0081212401879706,0.0030763225056981234,0.0024591467294581507,0.002121887013659093,0.011197562693668723,0.01058038691742875,0.010243127201629693,False,False,False
2025-08-16,2025-07-01,0.0007921746665282,0.003707830205375532,0.0020199190333792857,0.002101793948725029,0.0029156555388473323,0.0012277443668510858,0.001309619282196829,True,True,True
2025-08-17,2025-07-01,-0.0003258883482979,0.0013264267790002542,0.0019199084250865958,0.0020759516936898386,0.0016523151272981541,0.0022457967733844958,0.0024018400419877385,False,False,False
2025-08-18,2025-07-01,-0.010223232791397,0.001171977010317213,0.001937107327471197,0.0020568657740465284,0.011395209801714214,0.012160340118868197,0.012280098565443529,False,False,False
2025-08-19,2025-07-01,-0.0294285140564407,0.0009321865739419655,0.002063010107738044,0.002036655054740482,0.030360700630382664,0.03149152416417874,0.031465169111181183,False,False,False
2025-08-20,2025-07-01,0.0127940034305953,0.0005946934755525436,0.0023043784734751616,0.002006285200166881,0.012199309955042757,0.01048962495712014,0.01078771823042842,True,True,True
2025-08-21,2025-07-01,-0.0162390297451311,0.0021530894686013742,0.0017576335351328607,0.0019857800740385894,0.018392119213732475,0.01799666328026396,0.018224809819169692,False,False,False
2025-08-22,2025-07-01,0.0396290079888053,0.004250891843010379,0.0021454810367754645,0.00197610256060265,0.035378116145794926,0.03748352695202984,0.037652905428202654,True,True,True
2025-08-23,2025-07-01,-0.0128322527656131,0.0030634002451570648,0.0014198514181546712,0.0019821021236083613,0.015895653010770165,0.01425210418376777,0.01481435488922146,False,False,False
2025-08-24,2025-07-01,-0.0166059336477717,0.0011538469259560172,0.002112646893898091,0.0019746854229532205,0.017759780573727717,0.01871858054166979,0.018580619070724922,False,False,False
2025-08-25,2025-07-01,-0.0293859004939791,0.00026127190309668986,0.0021390744607212245,0.0019593316957082336,0.02964717239707579,0.03152497495470032,0.031345232189687336,False,False,False
2025-08-26,2025-07-01,0.0152400868989226,0.0036631697431248134,0.002301564082643972,0.0019412356526450566,0.011576917155797787,0.012938522816278627,0.013298851246277542,True,True,False
2025-08-27,2025-07-01,-0.0051930228625494,0.001556581934956983,0.001726481537023444,0.0019221106367392402,0.006749604797506383,0.006919504399572844,0.007115133499288641,False,False,True
2025-08-28,2025-07-01,0.0118928039794263,0.0012831338266096253,0.002005352695626424,0.0018924327692772802,0.010609670152816674,0.009887451283799874,0.010000371210149019,True,True,False
2025-08-29,2025-07-01,-0.0367317599553232,0.00014529545033990874,0.0017784264301466159,0.0018733087904102819,0.036877055405663106,0.03851018638546981,0.03860506874573348,False,False,True
2025-08-30,2025-07-01,0.0036641574761864,0.0034824188584895695,0.0024065890104916846,0.0018522880770856951,0.00018173861769683062,0.0012575684656947156,0.001811869399100705,True,True,False
2025-08-31,2025-07-01,-0.0052510753417374,0.000843673083836936,0.001871034025339811,0.001823085949130122,0.006094748425574336,0.00712210936707721,0.007074161290867522,False,False,True
2025-09-01,2025-07-01,0.0093672729309508,0.003530715725302767,0.0020016763290957042,0.001794612693032867,0.005836557205648033,0.007365596601855096,0.007572660237917933,True,True,False
2025-09-02,2025-07-01,0.0178488017370614,0.0006188491212721007,0.0018107819910332616,0.0017653603314929415,0.017229952615789298,0.016038019746028136,0.016083441405568458,True,True,False
2025-09-03,2025-07-01,0.0046998403434108,-0.0006568869261547596,0.0017085550973204137,0.0017289424791870273,0.0053567272695655595,0.0029912852460903866,0.0029708978642237725,False,True,False
2025-09-04,2025-07-01,-0.0089471951854229,0.0004973659323078451,0.0018797073135911329,0.0017111528737347298,0.009444561117730746,0.010826902499014034,0.01065834805915763,False,False,True
2025-09-05,2025-07-01,-0.0006558419928113,0.0022634190287444795,0.0020486395160852597,0.001696354141961457,0.0029192610215557795,0.0027044815088965598,0.002352196134772757,False,False,True
2025-09-06,2025-07-01,-0.0038525555367432,0.004803924246973263,0.0019375050755357844,0.001681836827637815,0.008656479783716463,0.005790060612278984,0.005534392364381015,False,False,True
2025-09-07,2025-07-01,0.0085545428120867,0.001212923370590974,0.001981750849361411,0.0016642531861871298,0.007341619441495726,0.006572791962725289,0.00689028962589957,True,True,False
2025-09-08,2025-07-01,0.0081301778599391,0.0011770132321954573,0.001821872869746295,0.0016539696593724051,0.006953164627743642,0.006308304990192805,0.006476208200566694,True,True,False
2025-09-09,2025-07-01,-0.0048262328231931,0.001937317902644947,0.0018323263801447184,0.0016592922059817184,0.006763550725838048,0.0066585592033378185,0.006485525029174819,False,False,True
2025-09-10,2025-07-01,0.0217412410137076,0.0006835410092278097,0.001997454659431616,0.0016574016474434827,0.02105770000447979,0.019743786354275983,0.020083839366264115,True,True,False
2025-09-11,2025-07-01,0.0136209450438582,0.0011646628344483716,0.0016530632584017422,0.0016737102479619328,0.012456282209409829,0.011967881785456458,0.011947234795896268,True,True,False
2025-09-12,2025-07-01,0.0051428596550617,0.0013603114619538546,0.0017675680517954876,0.0016732731112530958,0.003782548193107845,0.003375291603266212,0.0034695865438086042,True,True,False
2025-09-13,2025-07-01,-0.0013011908618274,0.002022997280708871,0.001872201924259246,0.001680039027679637,0.003324188142536271,0.003173392786086646,0.0029812298895070368,False,False,True
2025-09-14,2025-07-01,-0.0046817523505617,0.0013995653640808806,0.0019512848132565706,0.0016932845573787631,0.0060813177146425805,0.006633037163818271,0.006375036907940463,False,False,True
2025-09-15,2025-07-01,0.0003224981011604,0.002690655934082713,0.001991962035596711,0.0017196914727570626,0.002368157832922313,0.0016694639344363108,0.0013971933715966626,True,True,False
2025-09-16,2025-07-01,0.0121123826414988,0.0029783601435493198,0.0019267314482420757,0.0017416246792182509,0.00913402249794948,0.010185651193256724,0.010370757962280548,True,True,False
2025-09-17,2025-07-01,-0.0032066883445814,0.00299885938279857,0.0017781962248638336,0.0017670934436870964,0.00620554772737997,0.004984884569445233,0.0049737817882684965,False,False,True
2025-09-18,2025-07-01,0.0057414259447414,-0.00021104956499077318,0.0019784576848406333,0.0017860358301337014,0.005952475509732174,0.003762968259900767,0.003955390114607699,False,True,False
2025-09-19,2025-07-01,-0.0123645068463384,0.002978472879799835,0.0018579382908784645,0.0018239690591144986,0.015342979726138234,0.014222445137216863,0.014188475905452897,False,False,True
2025-09-20,2025-07-01,0.0002861257573012,0.0015117295438389074,0.002092961843610049,0.001853087912197096,0.0012256037865377074,0.001806836086308849,0.0015669621548958961,True,True,False
2025-09-21,2025-07-01,-0.0035936756008188,0.0043267184068365595,0.0019240039686020595,0.0018806159839263375,0.00792039400765536,0.00551767956942086,0.005474291584745137,False,False,True
2025-09-22,2025-07-01,-0.0221808393149213,0.002597745537580771,0.0019788495134989313,0.0019014665902865647,0.024778584852502072,0.024159688828420234,0.024082305905207865,False,False,True
2025-09-23,2025-07-01,-0.0065101332757383,0.001743051789146406,0.0022144292816557356,0.0019104516822106617,0.008253185064884705,0.008724562557394035,0.008420584957948962,False,False,True
2025-09-24,2025-07-01,0.0117318098326555,0.00011090049221422872,0.002006950687545344,0.001916815914470133,0.011620909340441271,0.009724859145110155,0.009814993918185366,True,True,False
2025-09-25,2025-07-01,-0.0377604815640906,0.0010410964385784913,0.0017805148467249748,0.0019291634154301877,0.03880157800266909,0.03954099641081557,0.03968964497952079,False,False,True
2025-09-26,2025-07-01,0.0060847628462732,0.0027951796347333593,0.002419543497619669,0.001932480876085987,0.0032895832115398403,0.0036652193486535305,0.0041522819701872125,True,True,False
2025-09-27,2025-07-01,-0.0002814877077529,0.003887180379630031,0.0018396641745848394,0.0019434591357828175,0.004168668087382931,0.0021211518823377393,0.0022249468435357176,False,False,True
2025-09-28,2025-07-01,0.0222524801647718,0.0016636135090155367,0.001939207067581105,0.0019490307767957415,0.020588866655756263,0.020313273097190693,0.020303449387976055,True,True,True
2025-09-29,2025-07-01,0.0203147390643254,0.0020383217298593835,0.0016482035812301484,0.0019566655981023665,0.018276417334466017,0.018666535483095253,0.018358073466223035,True,True,True
2025-09-30,2025-07-01,-0.003009577997342,0.00248066822397823,0.0016821881857391765,0.0019771541465250634,0.00549024622132023,0.004691766183081177,0.004986732143867063,False,False,False
2025-10-01,2025-07-01,0.0402682917991483,0.00014966643163198483,0.001979010652946525,0.001985540178972644,0.040118625367516314,0.038289281146201774,0.03828275162017566,True,True,True
2025-10-02,2025-07-01,0.0171289208453273,0.0008144830432685536,0.0014171259995066315,0.002001463615728847,0.016314437802058747,0.015711794845820668,0.015127457229598454,True,True,True
2025-10-03,2025-07-01,0.0131360367486641,0.002493146373368848,0.0017302449444955435,0.002025448013540425,0.010642890375295252,0.011405791804168557,0.011110588735123675,True,True,True
2025-10-04,2025-07-01,0.0012996069805488,0.003323209806294673,0.0017713363419465165,0.002045551294221198,0.002023602825745873,0.0004717293613977166,0.0007459443136723979,True,True,True
2025-10-05,2025-07-01,0.0088874254129824,0.002652047341888407,0.0019213130024062857,0.002066677967871239,0.0062353780710939916,0.006966112410576113,0.00682074744511116,True,True,True
2025-10-06,2025-07-01,0.0100317367949158,0.0014155296652446675,0.0018196713540871775,0.0020905054652962415,0.008616207129671132,0.008212065440828621,0.007941231329619557,True,True,True
2025-10-07,2025-07-01,-0.0264615748027157,0.003103302721670282,0.001808190743730448,0.002111411076953296,0.029564877524385982,0.028269765546446148,0.028572985879668996,False,False,False
2025-10-08,2025-07-01,0.015672809406696,0.0035424992469042394,0.00227451328963187,0.002123520682915176,0.01213031015979176,0.01339829611706413,0.013549288723780823,True,True,True
2025-10-09,2025-07-01,-0.0133702162517275,-0.0003283411973595094,0.001721856574421657,0.00213165592435327,0.01304187505436799,0.015092072826149158,0.015501872176080771,True,False,False
2025-10-10,2025-07-01,-0.0697685211783174,0.0011563036728517379,0.0021100557858965098,0.0021442301154449878,0.07092482485116915,0.07187857696421392,0.07191275129376239,False,False,False
2025-10-11,2025-07-01,-0.0212559981103326,0.004483228427053689,0.002817937553901529,0.0021323062862724316,0.02573922653738629,0.024073935664234127,0.023388304396605032,False,False,False
2025-10-12,2025-07-01,0.039364372838716,0.0019577543649827796,0.00217633637189397,0.0021237754456716823,0.03740661847373322,0.03718803646682203,0.03724059739304432,True,True,True
2025-10-13,2025-07-01,0.0008796796576793,5.384076230863515e-05,0.0014222859730617372,0.002134331110819553,0.0008258388953706648,0.0005426063153824372,0.001254651453140253,True,True,True
2025-10-14,2025-07-01,-0.0186726288806453,0.002167631400398138,0.001937170125915638,0.0021449363666630745,0.020840260281043438,0.020609799006560937,0.020817565247308375,False,False,False
2025-10-15,2025-07-01,-0.02064646024028,0.001839810436146653,0.0021708649111809126,0.002138903320224121,0.022486270676426653,0.022817325151460913,0.022785363560504118,False,False,False
2025-10-16,2025-07-01,-0.0234433185040173,0.0025661969876668313,0.0021889904492940508,0.0021479581924165455,0.02600951549168413,0.025632308953311353,0.025591276696433848,False,False,False
2025-10-17,2025-07-01,-0.0158823635183403,0.0024542362417012595,0.0022240300493241313,0.0021467503075270223,0.01833659976004156,0.01810639356766443,0.018029113825867325,False,False,False
2025-10-18,2025-07-01,0.0068610099724264,0.007467521625292989,0.002126253194440897,0.0021436618585918294,0.0006065116528665886,0.004734756777985504,0.004717348113834571,True,True,True
2025-10-19,2025-07-01,0.0136984055100004,-3.6842953834867465e-05,0.001838874336554292,0.00212497331337954,0.013735248463835267,0.011859531173446108,0.01157343219662086,False,True,True
2025-10-20,2025-07-01,0.0176891223946731,-0.0028983185847176983,0.0017605812298166646,0.00210102360973672,0.0205874409793908,0.01592854116485644,0.015588098784936381,False,True,True
2025-10-21,2025-07-01,-0.0190981056464526,0.0006693528791904258,0.0017121336917070287,0.002082367090196254,0.019767458525643027,0.02081023933815963,0.021180472736648855,False,False,False
2025-10-22,2025-07-01,-0.0072670287925667,0.003173195761620005,0.002183506672767626,0.0020407830951066253,0.010440224554186705,0.009450535465334326,0.009307811887673325,False,False,False
2025-10-23,2025-07-01,0.0221113556675538,0.0031036593266020184,0.0020176838705345587,0.001991932176277682,0.01900769634095178,0.020093671797019243,0.020119423491276118,True,True,True
2025-10-24,2025-07-01,0.0087598592511493,0.0007693359385888877,0.0016477305010575956,0.0019432428211047085,0.007990523312560411,0.007112128750091704,0.006816616430044591,True,True,False
2025-10-25,2025-07-01,0.0054740450236843,0.0022369127651190807,0.0018297072597554759,0.001894625638865613,0.003237132258565219,0.003644337763928824,0.003579419384818687,True,True,False
2025-10-26,2025-07-01,0.0253553831274302,0.001747358467938926,0.0018659806168067007,0.0018428493715203344,0.023608024659491276,0.0234894025106235,0.023512533755909865,True,True,False
2025-10-27,2025-07-01,-0.0030847352525406,-0.002122565626520651,0.001611091808275818,0.001792396458553201,0.0009621696260199487,0.0046958270608164175,0.004877131711093801,True,False,True
2025-10-28,2025-07-01,-0.010192524628483,0.0017101217527986682,0.00198223146506379,0.001756586619383919,0.011902646381281669,0.01217475609354679,0.011949111247866918,False,False,True
2025-10-29,2025-07-01,-0.0256812844086571,0.003950018971320435,0.0020613295370393763,0.0017112918570238015,0.029631303379977533,0.027742613945696475,0.027392576265680903,False,False,True
2025-10-30,2025-07-01,-0.0158988957185517,0.0022233792432430287,0.0022566759987995367,0.00166459960771621,0.018122274961794728,0.018155571717351236,0.01756349532626791,False,False,True
2025-10-31,2025-07-01,0.0115471203791934,0.0022536243041738945,0.002125533676904927,0.0016531440777975948,0.009293496075019506,0.009421586702288473,0.009893976301395805,True,True,False
2025-11-01,2025-07-01,0.0046355361822478,0.0027270551572412746,0.0017791088387354179,0.0016576100452142441,0.0019084810250065256,0.0028564273435123825,0.002977926137033556,True,True,False
2025-11-02,2025-07-01,0.0052297689824543,0.0007707846487976172,0.0018781896052462302,0.001645927104632836,0.004458984333656683,0.00335157937720807,0.0035838418778214643,True,True,False
2025-11-03,2025-07-01,-0.036985858931644,-0.0015152245873853952,0.0018675349281076113,0.0016350362068470643,0.03547063434425861,0.03885339385975161,0.03862089513849107,True,False,True
2025-11-04,2025-07-01,-0.046523840630681,-0.0002642229413370499,0.0024070536931936758,0.0016217207719358764,0.046259617689343946,0.04893089432387467,0.048145561402616874,True,False,True
2025-11-05,2025-07-01,0.0226528264854919,0.003996100682341376,0.0025119115905963153,0.0016054170924416325,0.018656725803150524,0.020140914894895584,0.02104740939305027,True,True,False
2025-11-06,2025-07-01,-0.0249350379808326,0.0027411728353108067,0.0016252284695364508,0.0016084184059286005,0.027676210816143406,0.02656026645036905,0.0265434563867612,False,False,True
2025-11-07,2025-07-01,0.020445121741957,0.003029904398655055,0.0022605632796286962,0.0016113630184353416,0.017415217343301946,0.018184558462328304,0.01883375872352166,True,True,False
2025-11-08,2025-07-01,-0.010547196317199,0.0018565017464692475,0.0016611175433278661,0.001617743986455861,0.012403698063668247,0.012208313860526865,0.01216494030365486,False,False,True
2025-11-09,2025-07-01,0.0238313744819302,1.0772887715474735e-05,0.0020759131306129865,0.001612579712357223,0.023820601594214726,0.02175546135131721,0.022218794769572975,True,True,False
2025-11-10,2025-07-01,0.0121940174486727,-0.0017240625640098722,0.0016238327847636045,0.001605615002429907,0.013918080012682571,0.010570184663909094,0.010588402446242793,False,True,False
2025-11-11,2025-07-01,-0.0282945413045407,0.0038839977863120113,0.0017867086322281298,0.0016104089924697718,0.03217853909085271,0.03008124993676883,0.02990495029701047,False,False,True
2025-11-12,2025-07-01,-0.0129545052533147,0.004126687940423409,0.002298580475843814,0.0016064151042701035,0.01708119319373811,0.015253085729158514,0.014560920357584804,False,False,True
2025-11-13,2025-07-01,-0.0193353696735113,0.0024312587407293628,0.0020866974963911324,0.0015873461613656829,0.021766628414240662,0.021422067169902432,0.02092271583487698,False,False,True
2025-11-14,2025-07-01,-0.05315783786249,0.0011643237776640856,0.0021748022056581814,0.0015609729560986346,0.05432216164015409,0.055332640068148184,0.054718810818588634,False,False,True
2025-11-15,2025-07-01,0.0121968892114379,0.0029137644961424215,0.002603760431276236,0.0015104989621947875,0.00928312471529548,0.009593128780161664,0.010686390249243113,True,True,False
2025-11-16,2025-07-01,-0.014359838208265,-0.0017839279208481903,0.001755771469012359,0.0014516343468808032,0.01257591028741681,0.01611560967727736,0.015811472555145804,True,False,True
2025-11-17,2025-07-01,-0.0221200653755151,-0.0015085107286573372,0.002121473129927924,0.0013902257522992723,0.020611554646857762,0.024241538505443024,0.023510291127814373,True,False,True
2025-11-18,2025-07-01,0.0092840050437665,0.0005280397842514005,0.0022090066490681867,0.0013318646968353202,0.0087559652595151,0.007074998394698314,0.00795214034693118,True,True,False
2025-11-19,2025-07-01,-0.0159537467505658,0.00433418199768288,0.0018054422105470043,0.001291939524727774,0.02028792874824868,0.017759188961112803,0.017245686275293572,False,False,True
2025-11-20,2025-07-01,-0.0528512689185111,0.0031318023292161564,0.0021403490918175594,0.0012547482812660061,0.05598307124772726,0.05499161801032866,0.054106017199777104,False,False,True
2025-11-21,2025-07-01,-0.0177903401090984,0.0018635242957880846,0.0026009482597952804,0.0012056963058403656,0.019653864404886482,0.02039128836889368,0.018996036414938765,False,False,True
2025-11-22,2025-07-01,-0.0051983141515926,0.0007751603884733136,0.002138881221148093,0.001152765481184764,0.005973474540065914,0.007337195372740694,0.006351079632777364,False,False,True
2025-11-23,2025-07-01,0.0254777346356571,-0.003369751854582559,0.0019924936905673482,0.0010978775428853165,0.028847486490239656,0.02348524094508975,0.02437985709277178,False,True,False
2025-11-24,2025-07-01,0.0168832965336012,-0.0007956060064999713,0.0016052356819595197,0.001067276615156679,0.017678902540101172,0.01527806085164168,0.015816019918444522,False,True,False
2025-11-25,2025-07-01,-0.0105207426881414,0.00174615279135697,0.0017272492892959623,0.0010649722837703247,0.01226689547949837,0.012247991977437362,0.011585714971911723,False,False,True
2025-11-26,2025-07-01,0.0363683055149117,0.0016042253996711641,0.002073469464730154,0.0010514029543958671,0.034764080115240535,0.03429483605018155,0.03531690256051583,True,True,False
2025-11-27,2025-07-01,0.0084735047298325,0.004091436385002687,0.0014639742092050695,0.0010534618266035915,0.0043820683448298125,0.00700953052062743,0.007420042903228908,True,True,False
2025-11-28,2025-07-01,-0.0040106027389381,0.0018520125181416018,0.0018392837139037466,0.0010513948853022822,0.005862615257079702,0.005849886452841847,0.005061997624240382,False,False,True
2025-11-29,2025-07-01,-0.0007425028351905,0.002786514817525761,0.0019868301371224074,0.001050513122396403,0.003529017652716261,0.0027293329723129074,0.001793015957586903,False,False,True
2025-11-30,2025-07-01,-0.0050350738776466,-0.0027598616215908436,0.0019405939151474654,0.0010234551442002955,0.002275212256055756,0.006975667792794065,0.006058529021846895,True,False,True
2025-12-01,2025-07-01,-0.0450552924720789,-0.003401452804992505,0.0019967970194845683,0.0009846476918319253,0.0416538396670864,0.04705208949156347,0.046039940163910824,True,False,True
2025-12-02,2025-07-01,0.0582546493801656,0.003775114731169457,0.002505982900881645,0.000954795145105586,0.054479534648996145,0.055748666479283955,0.05729985423506001,True,True,False
2025-12-03,2025-07-01,0.0238379498677223,0.001156462399291589,0.0011707975439246882,0.0009465565508135717,0.02268148746843071,0.022667152323797613,0.022891393316908728,True,True,False
2025-12-04,2025-07-01,-0.0148210437755016,2.7584328360092574e-05,0.001652142472316244,0.0009506579088637392,0.014848628103861693,0.016473186247817843,0.015771701684365338,False,False,True
2025-12-05,2025-07-01,-0.0298873303732162,0.004886957351122143,0.0021306203591997404,0.0009719725525492408,0.03477428772433834,0.032017950732415944,0.03085930292576544,False,False,True
2025-12-06,2025-07-01,-0.0012908122468182,0.003194619010464593,0.002308308607650538,0.0009748683975638105,0.004485431257282793,0.003599120854468738,0.0022656806443820104,False,False,True
2025-12-07,2025-07-01,0.0126944715540502,0.0013798292993516107,0.001937525438103743,0.0009810788491052308,0.01131464225469859,0.010756946115946457,0.01171339270494497,True,True,False
2025-12-08,2025-07-01,0.0025945560296725,0.0011312571537094606,0.0017703595716361533,0.001002259559578647,0.0014632988759630395,0.0008241964580363468,0.0015922964700938532,True,True,False
2025-12-09,2025-07-01,0.0226335306163294,-0.0006892815247269348,0.0019045154438603281,0.0010227354980411323,0.023322812141056335,0.02072901517246907,0.021610795118288267,False,True,False
2025-12-10,2025-07-01,-0.0072365222112718,-0.0014892723129203208,0.001644520463332061,0.0010604349351234221,0.005747249898351479,0.008881042674603861,0.008296957146395223,True,False,True
2025-12-11,2025-07-01,0.0053291196187417,0.0013568281966667578,0.002034192266228621,0.001116276468456195,0.003972291422074942,0.0032949273525130786,0.0042128431502855045,True,True,False
2025-12-12,2025-07-01,-0.0242232138612067,0.006090228658500494,0.0018614932820946528,0.0011801856074495026,0.030313442519707193,0.026084707143301352,0.025403399468656204,False,False,True
2025-12-13,2025-07-01,0.0003134678764229,0.008906206096109183,0.002244315421535846,0.0012440776954183068,0.008592738219686282,0.001930847545112946,0.0009306098189954069,True,True,False
2025-12-14,2025-07-01,-0.0235167393637523,-5.77210521871378e-05,0.0019188958561265565,0.0012996541059336006,0.023459018311565164,0.025435635219878856,0.0248163934696859,True,False,True
2025-12-15,2025-07-01,-0.019908078936967,0.00019535810893760858,0.0022333947098930563,0.0013429106937365748,0.02010343704590461,0.022141473646860057,0.021250989630703574,False,False,True
2025-12-16,2025-07-01,0.0164800593614091,0.0008501899831337494,0.0021773728675339933,0.001391118132373136,0.01562986937827535,0.014302686493875106,0.015088941229035962,True,True,False
2025-12-17,2025-07-01,-0.0193550710910589,-0.0006896087200201461,0.0017145127174161875,0.0014276423005665393,0.018665462371038756,0.02106958380847509,0.02078271339162544,True,False,True
2025-12-18,2025-07-01,-0.0079082921072796,-0.00021545178834077414,0.0021865855096803743,0.001453078946572927,0.007692840318938825,0.010094877616959973,0.009361371053852527,True,False,True
2025-12-19,2025-07-01,0.0309009771371784,0.004091846753574149,0.0020256085394517506,0.0014728826550273316,0.026809130383604253,0.02887536859772665,0.029428094482151067,True,True,False
2025-12-20,2025-07-01,0.0027310777386615,0.0026734870213820532,0.0015352121026606298,0.0014981957868668398,5.7590717279446934e-05,0.0011958656360008704,0.0012328819517946604,True,True,False
2025-12-21,2025-07-01,0.0031439599746445,0.003128307197641335,0.0019102271568690534,0.0015293120015898638,1.5652777003165048e-05,0.0012337328177754467,0.0016146479730546363,True,True,False
2025-12-22,2025-07-01,-0.0014864790528285,0.004674077845734601,0.001893215607713943,0.0015836753543579944,0.006160556898563101,0.0033796946605424427,0.0030701544071864944,False,False,True
2025-12-23,2025-07-01,-0.0121597404791959,0.00020197709584915814,0.0019530202447394062,0.0016131418749501317,0.012361717575045058,0.014112760723935306,0.013772882354146032,False,False,True
2025-12-24,2025-07-01,0.0022646365284737,0.0013219800037592186,0.0020873624933282235,0.001619808187554867,0.0009426565247144815,0.00017727403514547664,0.0006448283409188332,True,True,False
2025-12-25,2025-07-01,-0.0043055622310417,-0.0008609027905253652,0.0018989176534097152,0.0016243834390354402,0.0034446594405163353,0.0062044798844514155,0.00592994567007714,True,False,True
2025-12-26,2025-07-01,0.0007644603322913,0.0031920826480443115,0.0019887087329128815,0.0016469204542916456,0.0024276223157530114,0.0012242484006215815,0.0008824601220003456,True,True,False
2025-12-27,2025-07-01,0.0057356055255037,0.0018250730084109434,0.0019211121258431605,0.001665138626764842,0.003910532517092757,0.0038144933996605394,0.004070466898738858,True,True,False
2025-12-28,2025-07-01,0.0003835861092533,0.002168699090185603,0.001859799384699973,0.0016833558579081322,0.001785112980932303,0.001476213275446673,0.0012997697486548322,True,True,False
2025-12-29,2025-07-01,-0.0079431738202667,0.002537827429839723,0.0019300626264008097,0.0016983069038511147,0.010481001250106422,0.009873236446667509,0.009641480724117815,False,False,True
2025-12-30,2025-07-01,0.0148269423496205,0.002723540066572493,0.002034197680853644,0.0017052308007727843,0.012103402283048008,0.012792744668766856,0.013121711548847715,True,True,False
2025-12-31,2025-07-01,-0.0104184474024646,-0.001220494031763657,0.0017401901548789334,0.0017226716955624428,0.009197953370700944,0.012158637557343534,0.012141119098027044,True,False,True
2026-01-01,2026-01-01,0.0139775183396675,-0.0004576647581306147,0.001867096251328987,0.0016815878641025476,0.014435183097798114,0.012110422088338513,0.012295930475564952,False,True,False
2026-01-02,2026-01-01,0.013667122921255,0.003122836501679849,0.0016265790983912237,0.0017007031197395167,0.01054428641957515,0.012040543822863776,0.011966419801515483,True,True,False
2026-01-03,2026-01-01,0.007321078638514,0.0015394699199503372,0.0016356496945424141,0.0017195830567265013,0.005781608718563663,0.005685428943971586,0.005601495581787499,True,True,False
2026-01-04,2026-01-01,0.0089434456983095,0.0024105786730919446,0.0016954912760695137,0.0017409326045362736,0.006532867025217555,0.007247954422239986,0.007202513093773226,True,True,False
2026-01-05,2026-01-01,0.0270098258026907,0.003537539810845693,0.0016783475388632643,0.0017770463158245976,0.023472285991845008,0.025331478263827437,0.025232779486866103,True,True,False
2026-01-06,2026-01-01,-0.0016352711961346,0.0014250998758653884,0.0015055625205504762,0.0018106194393692286,0.0030603710719999885,0.0031408337166850763,0.0034458906355038284,False,False,True
2026-01-07,2026-01-01,-0.0258295272042513,0.0027732228634603107,0.0017841500600588157,0.0018484456265902866,0.02860275006771161,0.02761367726431012,0.02767797283084159,False,False,True
2026-01-08,2026-01-01,-0.0030767240465419,0.0032202621323178184,0.002009770301498017,0.0018838928156314687,0.006296986178859718,0.005086494348039917,0.0049606168621733684,False,False,True
2026-01-09,2026-01-01,-0.0056469259849742,0.0009062148512741739,0.0017876087095181556,0.0019007986902864328,0.006553140836248374,0.007434534694492356,0.007547724675260633,False,False,False
2026-01-10,2026-01-01,-0.0013970698475367,0.0011908486391638958,0.0018184381414070021,0.0019041580340026514,0.002587918486700596,0.0032155079889437024,0.0033012278815393514,False,False,False
2026-01-11,2026-01-01,0.0048769647688045,0.0006789072991028725,0.0017762646575003706,0.0019022275595928406,0.004198057469701628,0.0031007001113041296,0.0029747372092116596,True,True,True
2026-01-12,2026-01-01,0.0040244574298022,0.0018582403798484753,0.0017170134938564031,0.001901493580886982,0.002166217049953725,0.002307443935945797,0.0021229638489152183,True,True,True
2026-01-13,2026-01-01,0.0452752888512626,0.001551358672475215,0.0017262545220846648,0.001912482808445751,0.04372393017878738,0.043549034329177935,0.04336280604281685,True,True,True
2026-01-14,2026-01-01,0.0168644233659869,0.0020152877452004484,0.0013295097511985213,0.0019389748526349587,0.014849135620786453,0.015534913614788379,0.014925448513351942,True,True,True
2026-01-15,2026-01-01,-0.0142179941990596,0.004588927518222834,0.001610738944178517,0.001970596603759156,0.018806921717282432,0.015828733143238117,0.016188590802818755,False,False,False
2026-01-16,2026-01-01,-0.0002728413239239,0.0039265835376979495,0.0019011750091216626,0.002004225874030629,0.00419942486162185,0.0021740163330455625,0.002277067197954529,False,False,False
2026-01-17,2026-01-01,-0.0044511362562938,0.0006035487880032922,0.001761886175219989,0.002036672807969869,0.005054685044297092,0.006213022431513789,0.00648780906426367,False,False,False
2026-01-18,2026-01-01,-0.0154100251462483,0.002221146051859144,0.0018066656701842187,0.0020667128599077766,0.017631171198107445,0.01721669081643252,0.017476738006156078,False,False,False
2026-01-19,2026-01-01,-0.0115431464804904,0.0037182473056365907,0.0019105906356656952,0.0020956337955502485,0.015261393786126991,0.013453737116156095,0.013638780276040648,False,False,False
2026-01-20,2026-01-01,-0.0458403323749921,0.001160748079425124,0.0018715793230814676,0.002113106720393958,0.04700108045441722,0.04771191169807357,0.047953439095386054,False,False,False
2026-01-21,2026-01-01,0.0120716085109815,0.002144670703220792,0.002202408456887367,0.0021130466054139797,0.009926937807760708,0.009869200054094134,0.00995856190556752,True,True,True
2026-01-22,2026-01-01,0.0009565349571438,0.0015912286897635216,0.0016391898291987735,0.0021208694909914303,0.0006346937326197216,0.0006826548720549736,0.0011643345338476303,True,True,True
2026-01-23,2026-01-01,0.0004630084862766,0.0037475099812228733,0.0017595882419492684,0.0021272394890046453,0.003284501494946273,0.0012965797556726685,0.0016642310027280454,True,True,True
2026-01-24,2026-01-01,-0.0043924425059809,0.001200846132418678,0.0017594193239026331,0.002127134400800083,0.005593288638399578,0.006151861829883533,0.006519576906780983,False,False,False
2026-01-25,2026-01-01,-0.0284872035092573,0.0009558886760855001,0.0018059621734518984,0.0021153176454938964,0.029443092185342797,0.0302931656827092,0.030602521154751195,False,False,False
2026-01-26,2026-01-01,0.0195781267879311,0.0007442648615227261,0.002036472521810264,0.002081799986568263,0.018833861926408374,0.017541654266120837,0.017496326801362837,True,True,True
2026-01-27,2026-01-01,0.0094647870270239,0.0021787737436362586,0.0015699337530223347,0.0020569971013889216,0.007286013283387641,0.007894853274001565,0.007407789925634978,True,True,True
2026-01-28,2026-01-01,0.0009202877056453,0.0020204641719685657,0.0016782795227053703,0.0020484547444910273,0.0011001764663232656,0.0007579918170600703,0.0011281670388457272,True,True,True
2026-01-29,2026-01-01,-0.0518361456337257,0.0020549086130060438,0.001756013447807989,0.0020461928229462997,0.05389105424673174,0.05359215908153368,0.053882338456671994,False,False,False
2026-01-30,2026-01-01,-0.0051196968777286,0.0035729227920206627,0.0022610260028214824,0.002030357238456367,0.008692619669749262,0.007380722880550082,0.007150054116184967,False,False,False
2026-01-31,2026-01-01,-0.0654656725543503,0.0022777281065361893,0.0018021293857823615,0.00201483391909541,0.0677434006608865,0.06726780194013267,0.06748050647344571,False,False,False
2026-02-01,2026-01-01,-0.0209443967970198,0.004765702493528718,0.002393792668467969,0.001974063182663297,0.02571009929054852,0.02333818946548777,0.022918459979683097,False,False,False
2026-02-02,2026-01-01,0.0222712915376035,0.0016303181784635271,0.0019522415771258195,0.0019257653627216655,0.02064097335913997,0.02031904996047768,0.020345526174881834,True,True,True
2026-02-03,2026-01-01,-0.0388266193494505,-0.0035047823096068125,0.0015491521850163074,0.001855590773914834,0.03532183703984369,0.04037577153446681,0.040682210123365335,True,False,True
2026-02-04,2026-01-01,-0.034559317366405,-0.0023740683526990362,0.0021431809459550306,0.0017623647048152487,0.032185249013705966,0.036702498312360034,0.03632168207122025,True,False,True
2026-02-05,2026-01-01,-0.1412989238135854,0.0027342108389689715,0.0020869931008717767,0.001670562064440911,0.14403313465255435,0.14338591691445715,0.1429694858780263,False,False,True
2026-02-06,2026-01-01,0.1252476912623226,0.0030821683798828445,0.0031156979964568603,0.0015396529808351341,0.12216552288243976,0.12213199326586574,0.12370803828148746,True,True,False
2026-02-07,2026-01-01,-0.0180485412059895,-0.0016396615770547375,0.0005341788249166172,0.001435298385834876,0.016408879628934763,0.01858272003090612,0.019483839591824377,True,False,True
2026-02-08,2026-01-01,0.0141849002017571,0.0021703266399849923,0.001970342620373568,0.0013395197798842548,0.012014573561772107,0.01221455758138353,0.012845380421872844,True,True,False
2026-02-09,2026-01-01,-0.0020486141417196,-5.927617183250876e-05,0.0016192235963650172,0.0012529126679715074,0.001989337969887091,0.003667837738084617,0.0033015268096911075,True,False,True
2026-02-10,2026-01-01,-0.018921927121284,0.0010456815217038864,0.001786357651286991,0.0011894989791332304,0.019967608642987883,0.02070828477257099,0.02011142610041723,False,False,True
2026-02-11,2026-01-01,-0.0261940461479914,-0.002539920507541963,0.0019445548137746948,0.0011145132883862482,0.023654125640449435,0.028138600961766094,0.027308559436377645,True,False,True
2026-02-12,2026-01-01,-0.0114957809774772,0.010075094491083356,0.0020106401589991595,0.0010296315913792468,0.021570875468560555,0.013506421136476359,0.012525412568856448,False,False,True
2026-02-13,2026-01-01,0.0398055966238481,-0.0008685072979856393,0.0018698110784387911,0.000941301310887059,0.04067410392183374,0.03793578554540931,0.03886429531296104,False,True,False
2026-02-14,2026-01-01,0.0132124562788098,-0.00474946700646625,0.0013802933888875692,0.0008632686367588882,0.01796192328527605,0.011832162889922232,0.012349187642050913,False,True,False
2026-02-15,2026-01-01,-0.0140385673154274,-0.0036073875074559398,0.001645964867059002,0.0008026708077707174,0.01043117980797146,0.015684532182486402,0.014841238123198116,True,False,True
2026-02-16,2026-01-01,0.0007991015899351,0.003936616173512718,0.001899510202704107,0.0007291331831415797,0.0031375145835776178,0.0011004086127690072,6.996840679352031e-05,True,True,False
2026-02-17,2026-01-01,-0.0195943587348234,0.0005667255669361082,0.0017520886954869549,0.000650356632235588,0.02016108430175951,0.021346447430310354,0.020244715367058987,False,False,True
2026-02-18,2026-01-01,-0.0158368888076062,-0.0008549787542536814,0.0019523533654019908,0.0005638320834649682,0.01498191005335252,0.01778924217300819,0.01640072089107117,True,False,True
2026-02-19,2026-01-01,0.0080120520683413,0.004775078603913843,0.001911676555008287,0.0005020456854345782,0.003236973464427457,0.006100375513333013,0.007510006382906722,True,True,False
2026-02-20,2026-01-01,0.0156501970757347,-0.00174654652845711,0.001684439548190828,0.000442374554520861,0.01739674360419181,0.013965757527543872,0.01520782252121384,False,True,False
2026-02-21,2026-01-01,-2.435467576455963e-05,0.001658264824858687,0.0016160732535102724,0.0004212645965258172,0.0016826195006232466,0.001640427929274832,0.00044561927229037684,False,False,True
2026-02-22,2026-01-01,-0.0050640578037842,-0.0032273569718017947,0.0017669270535521082,0.00041217695775517486,0.0018367008319824054,0.006830984857336308,0.005476234761539375,True,False,True
2026-02-23,2026-01-01,-0.0449701411089231,0.005250815342515555,0.0018115974947184393,0.0003927013022061987,0.050220956451438654,0.046781738603641536,0.0453628424111293,False,False,True
2026-02-24,2026-01-01,-0.0083058248802962,0.0002233647149406375,0.002194271301504594,0.0003809099109429628,0.008529189595236839,0.010500096181800794,0.008686734791239163,False,False,True
2026-02-25,2026-01-01,0.0605505528943264,0.0004794637068162768,0.0018343674098444606,0.00038771923890088965,0.06007108918751012,0.05871618548448194,0.06016283365542551,True,True,False
2026-02-26,2026-01-01,-0.0074507155850581,0.006888772540837435,0.001182811402361246,0.0004730319642993184,0.014339488125895535,0.008633526987419347,0.007923747549357419,False,False,True
2026-02-27,2026-01-01,-0.0233045014739839,-0.0010577243230246239,0.0018485171875409973,0.0005040196644355561,0.022246777150959275,0.025153018661524897,0.023808521138419456,True,False,True
2026-02-28,2026-01-01,0.0169100199576182,0.0022748460619813476,0.001983070090250367,0.0005362830385414047,0.01463517389563685,0.014926949867367832,0.016373736919076794,True,True,False
2026-03-01,2026-01-01,-0.018773664883674,-0.004988788555488259,0.0015964509737964674,0.0005662801364297431,0.013784876328185742,0.020370115857470467,0.019339945020103742,True,False,True
2026-03-02,2026-01-01,0.0462098832761679,0.0042029967507609105,0.0019484306730766932,0.0005921201643727218,0.04200688652540699,0.04426145260309121,0.045617763111795176,True,True,False
2026-03-03,2026-01-01,-0.0070112272555694,0.0014849772968578935,0.0013151913858669845,0.0006400953624638172,0.008496204552427293,0.008326418641436385,0.007651322618033217,False,False,True
2026-03-04,2026-01-01,0.0646755560517786,0.0024978671310539238,0.0018413229419546571,0.000698863377784498,0.06217768892072468,0.06283423310982394,0.06397669267399411,True,True,False
2026-03-05,2026-01-01,-0.0257108824218965,0.0013176282610868984,0.0011389101696530016,0.0007907431267105578,0.0270285106829834,0.0268497925915495,0.02650162554860706,False,False,True
2026-03-06,2026-01-01,-0.0381788517968906,0.0064427926149795475,0.0020236188590759137,0.0008628015793174161,0.04462164441187015,0.040202470655966514,0.03904165337620802,False,False,True
2026-03-07,2026-01-01,-0.0126789391376752,0.00023072290809066564,0.0021217088991162575,0.000915587718238112,0.012909662045765866,0.014800648036791457,0.013594526855913312,False,False,True
2026-03-08,2026-01-01,-0.019366170194679,0.002122471805386904,0.0018778874482579654,0.0009718745873198712,0.021488642000065904,0.021244057642936964,0.02033804478199887,False,False,True
2026-03-09,2026-01-01,0.0368744827769154,-0.0006596322723423672,0.0019491104981224428,0.001022205789068283,0.037534115049257764,0.03492537227879296,0.03585227698784712,False,True,False
2026-03-10,2026-01-01,0.0222878063572575,0.002566147536302377,0.001406476159524748,0.0010888938423746083,0.019721658820955126,0.020881330197732754,0.021198912514882894,True,True,False
2026-03-11,2026-01-01,0.0039750203504864,0.0010702781612571526,0.001558663141343161,0.001167345507008409,0.002904742189229247,0.0024163572091432384,0.0028076748434779906,True,True,False
2026-03-12,2026-01-01,0.0041105135916361,0.0018728407336701472,0.0017285287703368638,0.0012338012622151332,0.002237672857965953,0.0023819848212992363,0.002876712329420967,True,True,False
2026-03-13,2026-01-01,0.0067354429926622,0.0024320367532074867,0.0017235947652191703,0.0012977814369135136,0.004303406239454714,0.00501184822744303,0.0054376615557486865,True,True,False
2026-03-14,2026-01-01,0.003471401940436,0.0034823089728088378,0.0016992934779637833,0.0013646555728899028,1.0907032372837588e-05,0.0017721084624722169,0.0021067463675460973,True,True,False
2026-03-15,2026-01-01,0.0221203027116971,0.002613221769270516,0.0017310873742492907,0.0014356986814982103,0.019507080942426584,0.020389215337447808,0.020684604030198887,True,True,False
2026-03-16,2026-01-01,0.0284541052380089,0.0015247220725915541,0.0015513848249065598,0.0015337988464079431,0.026929383165417348,0.026902720413102342,0.026920306391600958,True,True,False
2026-03-17,2026-01-01,-0.0125380144202507,0.002395205317098738,0.001494620444697621,0.0016383704623431224,0.01493321973734944,0.014032634864948322,0.014176384882593823,False,False,True
2026-03-18,2026-01-01,-0.0362122396594321,0.0006997497727613848,0.0018886053285359584,0.0017176610300984763,0.03691198943219348,0.038100844987968056,0.037929900689530574,False,False,True
2026-03-19,2026-01-01,-0.0187069723844703,0.004782976666214635,0.00210708608599496,0.001792211034037741,0.02348994905068494,0.02081405847046526,0.02049918341850804,False,False,True
2026-03-20,2026-01-01,0.0087222507237532,0.0014073745447657957,0.001936103980779077,0.0018730946403535307,0.007314876178987404,0.006786146742974123,0.0068491560833996695,True,True,False
2026-03-21,2026-01-01,-0.0256806025463252,0.003577946932631071,0.0016778542318353757,0.0019366910184414974,0.029258549478956272,0.027358456778160577,0.0276172935647667,False,False,False
2026-03-22,2026-01-01,-0.012607965253281,0.0041933077163998494,0.00201338677675541,0.002000826805719651,0.01680127296968085,0.014621352030036412,0.014608792059000652,False,False,False
2026-03-23,2026-01-01,0.045244880148251,-0.0008270550189646208,0.0018794830993243113,0.0020248700565372603,0.046071935167215625,0.04336539704892669,0.043220010091713744,False,True,True
2026-03-24,2026-01-01,-0.005598262529164,0.001471015282887051,0.0013280640405091081,0.0020605703286586423,0.00706927781205105,0.006926326569673107,0.007658832857822642,False,False,False
2026-03-25,2026-01-01,0.0112315297786931,-0.0016623668542731615,0.0018276793543394144,0.002068535252945245,0.012893896632966261,0.009403850424353686,0.009162994525747856,False,True,True
2026-03-26,2026-01-01,-0.035314289032299,0.003321817215038678,0.0016525342752390277,0.00208426315023084,0.03863610624733768,0.03696682330753803,0.03739855218252984,False,False,False
2026-03-27,2026-01-01,-0.035662044616623,0.002960882179738248,0.0021049651307709877,0.002101071845657723,0.03862292679636125,0.037767009747393984,0.03776311646228072,False,False,False
2026-03-28,2026-01-01,-0.0002815819275042,0.005373544958661547,0.0020981842187483514,0.0020839958840125627,0.005655126886165747,0.0023797661462525515,0.002365577811516763,False,False,False
2026-03-29,2026-01-01,-0.0055002278852636,0.005739270697869528,0.0017605899112772896,0.002098671835867223,0.01123949858313313,0.00726081779654089,0.007598899721130823,False,False,False
2026-03-30,2026-01-01,0.0111670731548418,0.001648407742475638,0.0018186664127053914,0.002090964914623358,0.009518665412366163,0.00934840674213641,0.009076108240218442,True,True,True
2026-03-31,2026-01-01,0.0231194147956335,-0.0022959756486421582,0.0016557300653516594,0.002078372940127759,0.02541539044427566,0.021463684730281842,0.021041041855505743,False,True,True
2026-04-01,2026-01-01,-0.0022680682914228,-0.0022185516215197623,0.0015445785511599955,0.0020698507112647886,4.951666990303787e-05,0.0038126468425827955,0.004337919002687589,True,False,False
2026-04-02,2026-01-01,-0.0174795775330772,0.001779340354932061,0.0017898193272801095,0.002054798694418556,0.01925891788800926,0.01926939686035731,0.019534376227495757,False,False,False
2026-04-03,2026-01-01,0.0006358522809097,0.0054719752255771945,0.001929716182024854,0.0020261805430279254,0.004836122944667494,0.001293863901115154,0.0013903282621182253,True,True,True
2026-04-04,2026-01-01,0.0053699110594254,0.003505313822366231,0.0017537783083019635,0.001993789458709302,0.0018645972370591691,0.0036161327511234367,0.003376121600716098,True,True,True
2026-04-05,2026-01-01,0.0251355305690601,0.0008033940760041537,0.0017129388691959197,0.0019592891186804933,0.024332136493055948,0.02342259169986418,0.02317624145037961,True,True,True
2026-04-06,2026-01-01,-0.0017695992030517,-0.00046664197923075405,0.0015234130305314057,0.0019198412489918543,0.001302957223820946,0.0032930122335831057,0.003689440452043554,True,False,False
2026-04-07,2026-01-01,0.0447412531208666,-0.0013853233429506353,0.0017855865842140918,0.0018837382240905558,0.04612657646381724,0.04295566653665251,0.04285751489677605,False,True,False
2026-04-08,2026-01-01,-0.0113613533715375,-0.000662427150203346,0.0013323151307340162,0.0018798987229314951,0.010698926221334153,0.012693668502271516,0.013241252094468995,True,False,True
2026-04-09,2026-01-01,0.0090612810708508,0.006137518629232336,0.001881664459747035,0.0018782127091516432,0.002923762441618464,0.007179616611103765,0.007183068361699157,True,True,False
2026-04-10,2026-01-01,0.016876904061948,0.004275963640538331,0.001671896359621803,0.0018719436609028362,0.012600940421409669,0.015205007702326197,0.015004960401045164,True,True,False
2026-04-11,2026-01-01,0.0010307967248304,0.004267949589874066,0.001603344584705968,0.0018851034154939508,0.003237152865043666,0.000572547859875568,0.0008543066906635509,True,True,False
2026-04-12,2026-01-01,-0.031495312720733,0.0012605208404578379,0.0017566676849792386,0.0019075892516855293,0.032755833561190835,0.033251980405712235,0.033402901972418526,False,False,False
2026-04-13,2026-01-01,0.0527357560965484,0.0005066398511551821,0.0020651504352158356,0.0018987054359574983,0.05222911624539322,0.050670605661332566,0.0508370506605909,True,True,False
2026-04-14,2026-01-01,-0.004068372317531,-0.0025652570189779625,0.0012506102202247283,0.0019073925865908184,0.001503115298553038,0.005318982537755729,0.005975764904121819,True,False,False
2026-04-15,2026-01-01,0.0084046269048743,-0.000759898415766451,0.0018149469091310985,0.0019006854873234347,0.009164525320640752,0.0065896799957432025,0.006503941417550866,False,True,True
2026-04-16,2026-01-01,0.0046394535798768,0.0042976263132893915,0.0016797054387947023,0.0019127154173310397,0.0003418272665874087,0.002959748141082098,0.0027267381625457605,True,True,True
2026-04-17,2026-01-01,0.0262765954018477,0.004741616416366728,0.0017205555935229735,0.0019540604961726417,0.02153497898548097,0.02455603980832473,0.02432253490567506,True,True,True
2026-04-18,2026-01-01,-0.0181605187880359,0.0027817941787872534,0.0015117816880587077,0.002002123769306995,0.020942312966823154,0.01967230047609461,0.020162642557342896,False,False,False
2026-04-19,2026-01-01,-0.0246923667756633,0.0065625735173632654,0.0019428113707069452,0.0020422611906833954,0.03125494029302657,0.026635178146370245,0.026734627966346697,False,False,False
2026-04-20,2026-01-01,0.0272985577048689,0.002931151637946972,0.0019957160624566243,0.002072557758925666,0.024367406066921928,0.025302841642412276,0.025225999945943236,True,True,True
2026-04-21,2026-01-01,0.0063296958930805,-0.0026305689969139605,0.0014969295369072605,0.0020967867985832683,0.00896026488999446,0.004832766356173239,0.004232909094497231,False,True,True
2026-04-22,2026-01-01,0.0242339346915094,0.0002799309449908183,0.0017098346792098701,0.0021324477097118804,0.02395400374651858,0.02252410001229953,0.022101486981797522,True,True,True
2026-04-23,2026-01-01,0.000842058194423,0.002534253778121943,0.001531080601654353,0.002182240797497062,0.001692195583698943,0.0006890224072313531,0.0013401826030740621,True,True,True
2026-04-24,2026-01-01,-0.0103954453523936,0.004844093509026837,0.0017600678199349046,0.0022442490545463924,0.015239538861420437,0.012155513172328505,0.012639694406939992,False,False,False
2026-04-25,2026-01-01,0.0020231423764509,0.003501278407493408,0.0018622644314187213,0.0022950316467251486,0.001478136031042508,0.00016087794503217862,0.0002718892702742487,True,True,True
2026-04-26,2026-01-01,0.0134711542933207,0.00447417637002291,0.0017416572363449286,0.0023269926409112867,0.00899697792329779,0.011729497056975772,0.011144161652409414,True,True,True
2026-04-27,2026-01-01,-0.0164118287691947,0.0039280948773931686,0.0016351071629247226,0.002361284683072058,0.02033992364658787,0.018046935932119423,0.01877311345226676,False,False,False
2026-04-28,2026-01-01,-0.0131316717641489,0.0001256412031741148,0.0019238342923944996,0.002365694645271542,0.013257312967323014,0.0150555060565434,0.015497366409420442,False,False,False
2026-04-29,2026-01-01,-0.0075250033613407,-0.0006402702378470221,0.0018857346335536982,0.0023785137163594063,0.006884733123493678,0.009410737994894398,0.009903517077700107,True,False,False
2026-04-30,2026-01-01,0.0069703675866772,0.002727398120925258,0.0018339971289511555,0.002389001546853036,0.0042429694657519414,0.005136370457726044,0.004581366039824164,True,True,True
2026-05-01,2026-01-01,0.0245684606038341,0.003490403640149101,0.001695977214526359,0.0023941421890460433,0.021078056963685,0.02287248338930774,0.022174318414788056,True,True,True
2026-05-02,2026-01-01,0.0061173716726998,0.002744463055390763,0.0015296973242590452,0.002406882049757672,0.003372908617309037,0.004587674348440755,0.0037104896229421284,True,True,True
2026-05-03,2026-01-01,-0.0015131909328128,0.003461845366436995,0.0017097885361128798,0.0024382108969239875,0.0049750362992497955,0.00322297946892568,0.003951401829736787,False,False,False
2026-05-04,2026-01-01,0.0164210441710659,0.0015652112937181322,0.0017781383250852346,0.002444653586965113,0.014855832877347768,0.014642905845980665,0.013976390584100787,True,True,True
2026-05-05,2026-01-01,0.0137689749003031,0.0035154412136385368,0.0016050680978408282,0.002462525122932343,0.010253533686664562,0.01216390680246227,0.011306449777370756,True,True,True
2026-05-06,2026-01-01,0.0061842923164892,-2.7633759866038795e-05,0.001634624586948777,0.002486252392364576,0.006211926076355239,0.004549667729540423,0.0036980399241246242,False,True,True
2026-05-07,2026-01-01,-0.0174085968313082,0.004002166049098236,0.0017060601703589476,0.0025068480655411583,0.021410762880406435,0.01911465700166715,0.01991544489684936,False,False,False
2026-05-08,2026-01-01,0.0022093920105095,-0.00020123697851295213,0.0019311456387505772,0.002501256086618056,0.002410628989022452,0.0002782463717589229,0.00029186407610855584,False,True,True
2026-05-09,2026-01-01,0.0059561145630133,0.0020498832637799247,0.0017383248345620426,0.002501896589443932,0.0039062312992333755,0.004217789728451257,0.0034542179735693682,True,True,True
2026-05-10,2026-01-01,0.0182802215081221,0.004322248900666012,0.001707601617965085,0.002518415790375361,0.013957972607456088,0.016572619890157014,0.015761805717746737,True,True,True
2026-05-11,2026-01-01,-0.0049992471786796,0.003943782789321847,0.0015893384601134725,0.002522060653490414,0.008943029968001448,0.006588585638793072,0.007521307832170014,False,False,False
2026-05-12,2026-01-01,-0.0153044261941864,0.0011561201312687728,0.0018150867826840199,0.0025185633216253506,0.016460546325455173,0.01711951297687042,0.017822989515811752,False,False,False
2026-05-13,2026-01-01,-0.0149156611043906,0.0006697075259665434,0.0019086632235254673,0.002506825705176836,0.015585368630357144,0.016824324327916067,0.017422486809567435,False,False,False
2026-05-14,2026-01-01,0.0223788764707975,0.002512195303210739,0.0019037813324837651,0.002489109769971176,0.01986668116758676,0.020475095138313734,0.019889766700826324,True,True,True
2026-05-15,2026-01-01,-0.0244977136379759,0.0017067555448853095,0.0015464603703363926,0.0024856149347655667,0.026204469182861206,0.02604417400831229,0.026983328572741466,False,False,False
2026-05-16,2026-01-01,-0.0118160267665125,0.0023295423171109347,0.0020043329564598776,0.00246676467388676,0.014145569083623435,0.013820359722972377,0.01428279144039926,False,False,False
2026-05-17,2026-01-01,-0.0089859595569324,0.0011946819324572117,0.001871222198761699,0.0024310513852978306,0.010180641489389611,0.010857181755694098,0.01141701094223023,False,False,False
2026-05-18,2026-01-01,-0.0061369452011545,0.0025763646756675213,0.0018486724036735787,0.0024012147019698313,0.00871330987682202,0.007985617604828079,0.00853815990312433,False,False,False
2026-05-19,2026-01-01,-0.0026413853862292,0.002545338667329056,0.0018216374788647303,0.002375330420871854,0.005186724053558256,0.00446302286509393,0.005016715807101054,False,False,False
2026-05-20,2026-01-01,0.0092098871796708,0.004528067348841141,0.001788353713840919,0.002354502391517932,0.00468181983082966,0.007421533465829882,0.0068553847881528684,True,True,True
2026-05-21,2026-01-01,0.0010508749979196,0.0008419112449397101,0.0016752652145924979,0.0023371617871369575,0.00020896375297988997,0.0006243902166728978,0.0012862867892173575,True,True,True
2026-05-22,2026-01-01,-0.0264502397679237,0.0006118968996457154,0.0017556821054871715,0.0023078254679729797,0.027062136667569417,0.028205921873410873,0.02875806523589668,False,False,False
2026-05-23,2026-01-01,0.0156994647862689,0.0027972552489423596,0.002017520436230941,0.0022648010847187844,0.01290220953732654,0.013681944350037958,0.013434663701550116,True,True,True
2026-05-24,2026-01-01,0.0040138815313457,0.001344637769371887,0.00160734732202508,0.0022272567010886506,0.0026692437619738126,0.0024065342093206195,0.001786624830257049,True,True,True
2026-05-25,2026-01-01,0.0038815318365379,0.0006895080453789876,0.0017295975509483256,0.0021838138092686713,0.0031920237911589123,0.002151934285589574,0.0016977180272692285,True,True,True
2026-05-26,2026-01-01,-0.0188172442493205,0.0013820792763308692,0.0017266156190711022,0.0021391382358222173,0.020199323525651368,0.0205438598683916,0.020956382485142717,False,False,False
2026-05-27,2026-01-01,-0.0195320396460056,0.00232045803026482,0.0019448732250279275,0.002085746007855192,0.02185249767627042,0.021476912871033527,0.021617785653860792,False,False,False
2026-05-28,2026-01-01,-0.0108702893888917,0.0022489600965388567,0.0019471549428399112,0.0020438171611960837,0.013119249485430556,0.012817444331731612,0.012914106550087784,False,False,False
2026-05-29,2026-01-01,-0.0022306083103439,0.002937293403803348,0.0018648663026491488,0.0019957066303157123,0.005167901714147248,0.004095474612993049,0.004226314940659613,False,False,False
2026-05-30,2026-01-01,0.0052105676905831,0.001658577602788478,0.0017840789143398496,0.0019456606196735923,0.0035519900877946224,0.0034264887762432508,0.0032649070709095084,True,True,True
2026-05-31,2026-01-01,-0.0023747383513729,0.0006302091078971904,0.0017139743146494858,0.001890861867758442,0.0030049474592700903,0.004088712666022386,0.004265600219131342,False,False,True
2026-06-01,2026-01-01,-0.0307138306682805,-0.0007725016653533832,0.001787928445891424,0.0018381958242530212,0.02994132900292712,0.03250175911417193,0.032552026492533526,True,False,True
2026-06-02,2026-01-01,-0.0647242267468118,0.0017414441859564637,0.002058018331381327,0.0017790848274397966,0.06646567093276827,0.06678224507819314,0.0665033115742516,False,False,True
2026-06-03,2026-01-01,-0.040316966320718,0.004291088758549702,0.00237905526307276,0.001719118615208815,0.044608055079267704,0.042696021583790766,0.04203608493592682,False,False,True
2026-06-04,2026-01-01,-0.0033241439086123,0.0013279090135738302,0.002139179333432619,0.001636551708062152,0.00465205292218613,0.005463323242044919,0.004960695616674452,False,False,True
2026-06-05,2026-01-01,-0.0451228090411904,0.0009913071618414663,0.0017910235344011601,0.0015668474517468826,0.046114116203031866,0.046913832575591556,0.046689656492937284,False,False,True
2026-06-06,2026-01-01,-0.0009069515189049,0.00022851242876190852,0.0021992718452808814,0.001492233538014611,0.0011354639476668085,0.0031062233641857813,0.002399185056919511,False,False,True
2026-06-07,2026-01-01,0.0389716814043434,0.0001362660070765721,0.0017642201559971721,0.0014261383741673815,0.03883541539726683,0.03720746124834623,0.037545543030176015,True,True,False
2026-06-08,2026-01-01,-0.0023550097882448,-0.0025425773531389246,0.0013920661349993812,0.0013686029990247978,0.00018756756489412456,0.0037470759232441815,0.003723612787269598,True,False,True
2026-06-09,2026-01-01,-0.0229322407245384,0.0031830423247750537,0.00179498528947491,0.0013068734101584867,0.026115283049313456,0.02472722601401331,0.024239114134696888,False,False,True
2026-06-10,2026-01-01,-0.0031550982687325,0.004017759986795795,0.0019815656922054416,0.0012392234311412557,0.007172858255528295,0.005136663960937942,0.004394321699873756,False,False,True
2026-06-11,2026-01-01,0.0343659895373587,-1.2659759647580884e-06,0.0017890875698986124,0.0011708903544196147,0.03436725551332346,0.03257690196746009,0.033195099182939086,False,True,False
2026-06-12,2026-01-01,-0.0002809183837144,-0.0010363399340616252,0.0014339193519577146,0.0011284990350386068,0.0007554215503472252,0.0017148377356721147,0.0014094174187530067,True,False,True
2026-06-13,2026-01-01,0.0138193388245533,0.0019760500677530085,0.0017736214902660471,0.001078108516245077,0.011843288756800291,0.012045717334287252,0.012741230308308222,True,True,False
2026-06-14,2026-01-01,0.0200100546578769,2.1114942156732434e-05,0.0016292197665967543,0.0010270175018403675,0.019988939715720168,0.018380834891280146,0.018983037156036536,True,True,False
2026-06-15,2026-01-01,0.0088129364038296,-0.0032163063392593263,0.0015739547275426108,0.0009793861785775087,0.012029242743088926,0.007238981676286989,0.007833550225252091,False,True,False
2026-06-16,2026-01-01,-0.0103916815634451,0.0020869338793457377,0.0016822740336711983,0.0009459871822007645,0.012478615442790837,0.012073955597116298,0.011337668745645863,False,False,True
2026-06-17,2026-01-01,-0.0180210940203756,0.005753337026614368,0.0018639158924722136,0.0009161783589538262,0.023774431046989966,0.019885009912847813,0.018937272379329424,False,False,True
2026-06-18,2026-01-01,-0.0236263487711752,0.0020478902819609564,0.001933796588432938,0.0008840873057302261,0.025674239053136157,0.025560145359608138,0.024510436076905423,False,False,True
2026-06-19,2026-01-01,0.0102448238197976,-0.00040289368360072863,0.001987083891375189,0.0008449831645253206,0.010647717503398327,0.00825773992842241,0.009399840655272279,False,True,False
2026-06-20,2026-01-01,0.0109982790348774,-0.0005115685297969602,0.0016614279967845612,0.000807080081116675,0.01150984756467436,0.009336851038092838,0.010191198953760725,False,True,False
2026-06-21,2026-01-01,-0.0155999653884072,-0.0008800311342321825,0.0016615867133501195,0.000777577482569441,0.014719934254175018,0.01726155210175732,0.016377542870976643,True,False,True
2026-06-22,2026-01-01,0.0112997187563508,-0.001811684472407374,0.001915556998244624,0.0007598599582626228,0.013111403228758175,0.009384161758106175,0.010539858798088178,False,True,False
2026-06-23,2026-01-01,-0.0200788688361083,0.001236507055912504,0.001651464732369949,0.0007761241461802712,0.021315375892020805,0.021730333568478248,0.020854992982288573,False,False,True
2026-06-24,2026-01-01,-0.0266944245448158,0.00635722518254985,0.0019595596662513224,0.0008083027603706606,0.03305164972736565,0.028653984211067123,0.02750272730518646,False,False,True
2026-06-25,2026-01-01,-0.0208780106302026,0.005605297325699478,0.0020153690018150532,0.0008375609676143413,0.026483307955902077,0.022893379632017655,0.02171557159781694,False,False,True
2026-06-26,2026-01-01,0.0049354594022048,0.003396350561985923,0.0019596050350172527,0.0008825805751156532,0.0015391088402188775,0.0029758543671875477,0.004052878827089147,True,True,False
2026-06-27,2026-01-01,-0.0012718522519159,-0.00141348835102672,0.00171360533120495,0.0009263098862275303,0.00014163609911081992,0.0029854575831208497,0.0021981621381434303,True,False,True
2026-06-28,2026-01-01,-0.0068027552246986,-0.000565013805520155,0.0017782794305662166,0.0009541150283369957,0.006237741419178445,0.008581034655264816,0.007756870253035595,True,False,True
2026-06-29,2026-01-01,0.0101799973609406,-0.0013122859276192235,0.0018289522053529616,0.000982678945490674,0.011492283288559824,0.008351045155587638,0.009197318415449926,False,True,False
2026-06-30,2026-01-01,-0.0262647507295187,0.0011353508767527093,0.0016646894175053589,0.0010283060522632507,0.027400101606271408,0.02792944014702406,0.027293056781781948,False,False,True
