date,window_start,actual_return,baseline_pred,selected_pred,ma_linear_pred,baseline_err,selected_err,ma_linear_err,baseline_correct,selected_correct,ma_signal_correct
2020-01-01,2020-01-01,0.0091901781655832,0.00014181471024508023,0.0009131411355426098,-0.0002921940604197589,0.00904836345533812,0.00827703703004059,0.009482372226002959,True,True,False
2020-01-02,2020-01-01,-0.0259309702014876,-0.0010442997657252328,-7.206085069802937e-05,-0.0002932693262544666,0.024886670435762367,0.02585890935078957,0.025637700875233132,True,True,True
2020-01-03,2020-01-01,0.0530689781685611,0.0014733600211176668,0.0009770602234116122,-0.0002941471705072913,0.05159561814744343,0.05209191794514949,0.05336312533906839,True,True,False
2020-01-04,2020-01-01,0.0066903769863495,-0.00047728499300363084,0.00016848568804241678,-0.00029623038093563154,0.00716766197935313,0.006521891298307083,0.006986607367285132,False,True,False
2020-01-05,2020-01-01,0.0089392047317267,-0.005233205155289158,0.0010004543747379171,-0.00029799260255511086,0.014172409887015857,0.007938750356988782,0.00923719733428181,False,True,False
2020-01-06,2020-01-01,0.0589049309514517,0.004361089233424916,0.001276603468864182,-0.00030220491808725936,0.054543841718026786,0.05762832748258752,0.05920713586953896,True,True,False
2020-01-07,2020-01-01,-0.0052677787532923,-0.0013258238270910639,0.000340865321283316,-0.0003100950189364079,0.0039419549262012365,0.005608644074575616,0.004957683734355892,True,False,True
2020-01-08,2020-01-01,-0.0159244433497861,0.008249816356683117,0.002009173817504582,-0.0003153233674431642,0.024174259706469216,0.01793361716729068,0.015609119982342936,False,False,True
2020-01-09,2020-01-01,-0.0161330934843807,0.010650228099955937,0.0014355781580084835,-0.00032086405695289566,0.026783321584336637,0.017568671642389184,0.015812229427427806,False,False,True
2020-01-10,2020-01-01,0.0358656063844422,-0.005383657933125215,0.00019552365211478705,-0.00032606071723985093,0.04124926431756742,0.03567008273232741,0.036191667101682055,False,True,False
2020-01-11,2020-01-01,-0.0072008869283006,-0.005382738889567791,0.0003452448074644915,-0.00033100189422431226,0.001818148038732809,0.007546131735765091,0.006869885034076288,True,False,True
2020-01-12,2020-01-01,0.0206176641057616,0.011512995545799518,0.0013449643815725961,-0.0003339443589257421,0.009104668559962083,0.019272699724189005,0.020951608464687344,True,True,False
2020-01-13,2020-01-01,-0.0112928941168791,0.00010217608928936853,0.000667041478232348,-0.00033838948004455405,0.011395070206168468,0.011959935595111448,0.010954504636834545,False,False,True
2020-01-14,2020-01-01,0.1506570966630038,0.004689279318486289,0.0007295101654937006,-0.0003416154338560698,0.14596781734451753,0.14992758649751012,0.1509987120968599,True,True,False
2020-01-15,2020-01-01,0.0016590582058744,0.004399109736122527,0.00023715439600762394,-0.00034864168184242525,0.002740051530248127,0.001421903809866776,0.0020076998877168253,True,True,False
2020-01-16,2020-01-01,-0.0110670056638028,0.005407296050841121,0.0032380171398293674,-0.0003559027349423712,0.01647430171464392,0.014305022803632168,0.01071110292886043,False,False,True
2020-01-17,2020-01-01,0.0388643312697261,0.009417293213626807,0.0024065576666003124,-0.00036305640418863536,0.02944703805609929,0.036457773603125784,0.03922738767391473,True,True,True
2020-01-18,2020-01-01,0.0268516520605579,-0.0015714438130998067,-0.00011750301439741569,-0.00037065853956505117,0.028423095873657704,0.026969155074955314,0.02722231060012295,False,False,True
2020-01-19,2020-01-01,-0.0478761203243953,0.006272656654479586,0.0018978099094914909,-0.0003777272176234419,0.05414877697887489,0.04977393023388679,0.04749839310677186,False,False,False
2020-01-20,2020-01-01,0.0009023502412968,0.010212904218505252,0.0022416003105070583,-0.0003839017272603777,0.009310553977208452,0.0013392500692102583,0.0012862519685571778,True,True,True
2020-01-21,2020-01-01,0.0154178851960435,0.00022816328028525852,-0.00015346005819846114,-0.0003906026716070179,0.015189721915758242,0.015571345254241961,0.015808487867650517,True,False,True
2020-01-22,2020-01-01,-0.0082676686382934,0.0015328103655388003,0.00017181016506648175,-0.00039714198994771923,0.0098004790038322,0.00843947880335988,0.00787052664834568,False,False,False
2020-01-23,2020-01-01,-0.0318822745832337,0.008897181336462324,0.0013009856399041097,-0.00040410025961110953,0.04077945591969602,0.033183260223137806,0.03147817432362259,False,False,False
2020-01-24,2020-01-01,0.0007525975197246,-0.0019676269784334242,0.000504052706185971,-0.0004087966834684022,0.002720224498158024,0.000248544813538629,0.0011613942031930022,False,True,True
2020-01-25,2020-01-01,-0.0108385750630607,-0.0007363052287337303,-0.0001877592050302481,-0.00041352748520986823,0.01010226983432697,0.010650815858030451,0.010425047577850833,True,True,False
2020-01-26,2020-01-01,0.0421193040163845,-0.0014733007326091009,0.0004153086373840264,-0.0004177630283230439,0.0435926047489936,0.04170399537900048,0.04253706704470755,False,True,True
2020-01-27,2020-01-01,0.016979054481661,-0.006090250214006281,0.00029214979851520357,-0.000421041091407707,0.02306930469566728,0.016686904683145796,0.017400095573068708,False,True,True
2020-01-28,2020-01-01,0.0318223494520282,0.004317084965970568,0.0010346309228397026,-0.0004250387457110771,0.027505264486057633,0.030787718529188497,0.03224738819773928,True,True,True
2020-01-29,2020-01-01,-0.0074841211374555,0.00450281924639068,0.001185634491890393,-0.0004298550470920839,0.01198694038384618,0.008669755629345893,0.007054266090363416,False,False,False
2020-01-30,2020-01-01,0.0550706544634944,0.0020795092502284016,0.0011985957916035672,-0.000434776557095754,0.052991145213266,0.053872058671890835,0.055505431020590155,True,True,True
2020-01-31,2020-01-01,-0.0245291693775753,0.0114699779764309,0.0008307695927027103,-0.00043947054971207335,0.0359991473540062,0.025359938970278013,0.02408969882786323,False,False,False
2020-02-01,2020-01-01,0.0195036375526098,0.004135080230889479,0.0018074452404431424,-0.00044400161581441223,0.01536855732172032,0.017696192312166657,0.01994763916842421,True,True,True
2020-02-02,2020-01-01,0.0269150211642918,0.006683954972207727,0.0009526300588572059,-0.0004482110065323549,0.020231066192084073,0.025962391105434593,0.027363232170824155,True,True,True
2020-02-03,2020-01-01,0.0066140619075483,-0.002599161404070525,0.0005051118609021153,-0.0004530731398260532,0.009213223311618824,0.0061089500466461845,0.007067135047374353,False,True,True
2020-02-04,2020-01-01,-0.0032363585718134,0.0038253247297693038,0.0015979378699503461,-0.0004535661853058367,0.007061683301582704,0.004834296441763746,0.0027827923865075634,False,False,False
2020-02-05,2020-01-01,0.0791524315579952,0.0018197057861914685,0.0009918118739065903,-0.00045303498274357104,0.07733272577180374,0.0781606196840886,0.07960546654073877,True,True,True
2020-02-06,2020-01-01,0.039704408845709,-0.0002623970034028129,0.0002879040904284003,-0.0004534953469696591,0.03996680584911181,0.0394165047552806,0.04015790419267866,False,True,True
2020-02-07,2020-01-01,0.0489169403473188,0.0009370751845670685,0.0020507110426841333,-0.00045450918696186756,0.04797986516275173,0.04686622930463467,0.049371449534280666,True,True,True
2020-02-08,2020-01-01,0.0018877716176568,0.01326890123870301,0.0021234376852715953,-0.00045535692302696977,0.01138112962104621,0.00023566606761479532,0.0023431285406837698,True,True,True
2020-02-09,2020-01-01,0.0243429865571489,-0.0005276353755349636,0.0016633107844737955,-0.0004578449897035567,0.024870621932683863,0.022679675772675104,0.024800831546852458,False,True,True
2020-02-10,2020-01-01,-0.0221187072871554,0.0017581206303012348,0.0013954928648542547,-0.0004607221153517469,0.023876827917456635,0.023514200152009657,0.021657985171803656,False,False,False
2020-02-11,2020-01-01,0.0551554313313651,0.006382054386126666,0.0015058414106831587,-0.0004629005777124849,0.048773376945238436,0.05364958992068194,0.055618331909077584,True,True,True
2020-02-12,2020-01-01,0.1253117732945567,0.00014614984811187602,0.0006641675482913774,-0.00046619768186166306,0.12516562344644483,0.12464760574626532,0.12577797097641835,True,True,True
2020-02-13,2020-01-01,0.0101471479026606,-0.0016383143918467444,0.0010344126350267417,-0.00047333632811775127,0.011785462294507344,0.009112735267633858,0.01062048423077835,False,True,True
2020-02-14,2020-01-01,0.0601204815985656,0.00965294102219224,0.003585955689222214,-0.0004802520355161487,0.050467540576373364,0.05653452590934339,0.06060073363408175,True,True,True
2020-02-15,2020-01-01,-0.0685704511609763,0.003375456931432962,0.001645180094304467,-0.0004887393017574387,0.07194590809240926,0.07021563125528077,0.06808171185921887,False,False,False
2020-02-16,2020-01-01,-0.0182596921181386,0.0057201478407161045,0.0019883333282858756,-0.0004940482081475617,0.023979839958854707,0.020248025446424477,0.01776564390999104,False,False,False
2020-02-17,2020-01-01,0.0248897692993261,0.011228647384387837,0.0009741975336147388,-0.0004983659521009425,0.013661121914938264,0.023915571765711362,0.025388135251427045,True,True,True
2020-02-18,2020-01-01,0.0584958153442227,0.0049363023769819145,-0.0001563299983358725,-0.0005027309066505154,0.053559512967240784,0.05865214534255857,0.05899854625087322,True,False,True
2020-02-19,2020-01-01,-0.0786700812663171,0.0020642274013735985,0.0011984612301443362,-0.0005083368007734589,0.0807343086676907,0.07986854249646143,0.07816174446554364,False,False,False
2020-02-20,2020-01-01,-0.0069852416826892,0.005444643821101521,0.002025217479232567,-0.0005100786278202579,0.01242988550379072,0.009010459161921766,0.006475163054868942,False,False,False
2020-02-21,2020-01-01,0.0296614440623872,-0.0033151866325893584,-0.0006828182958087631,-0.0005124607936426688,0.03297663069497656,0.030344262358195966,0.03017390485602987,False,False,True
2020-02-22,2020-01-01,-0.0123075406393579,0.0006083728111893832,-0.0004803342988960696,-0.0005145565131018613,0.012915913450547283,0.01182720634046183,0.01179298412625604,False,True,False
2020-02-23,2020-01-01,0.0435419096551616,0.011540982686475746,0.0018442015606750916,-0.0005160867815129494,0.03200092696868585,0.04169770809448651,0.04405799643667455,True,True,True
2020-02-24,2020-01-01,-0.0311875444240018,0.00534187886588661,0.0003641653391524717,-0.0005183434815690457,0.03652942328988841,0.03155170976315427,0.030669200942432754,False,False,False
2020-02-25,2020-01-01,-0.0656023994627765,-0.005768395247636109,0.0009849308906004026,-0.000520071673533307,0.059834004215140395,0.06658733035337691,0.0650823277892432,True,False,False
2020-02-26,2020-01-01,-0.0893291252113327,0.0004339135198618252,0.0008452595361698022,-0.0005187644025804232,0.08976303873119452,0.0901743847475025,0.08881036080875228,False,False,False
2020-02-27,2020-01-01,0.0047550462867866,-0.0007999188892890694,-0.0006869513182023925,-0.0005145209920924224,0.00555496517607567,0.0054419976049889926,0.0052695672788790225,False,False,True
2020-02-28,2020-01-01,3.135827774425337e-05,0.0007494761312092941,-0.0013201633398756286,-0.0005086920450047609,0.0007181178534650407,0.001351521617619882,0.0005400503227490143,True,False,True
2020-02-29,2020-01-01,-0.0304814434798899,0.0023393237624263993,-2.032099093163557e-05,-0.0005027297771895929,0.0328207672423163,0.030461122488958263,0.029978713702700305,False,True,False
2020-03-01,2020-01-01,-0.0039932698463464,-0.0005056471108124628,0.0004544156731111727,-0.0004959000623009738,0.003487622735533937,0.004447685519457572,0.003497369784045426,True,False,False
2020-03-02,2020-01-01,0.0529714140810986,-0.008334066648619954,-0.0007203128244393842,-0.0004897724385271843,0.06130548072971856,0.05369172690553799,0.05346118651962579,False,False,True
2020-03-03,2020-01-01,-0.0264134743370242,-0.004011434237873006,-0.0002565992216463917,-0.00048302049754585154,0.022402040099151192,0.026156875115377808,0.025930453839478347,True,True,False
2020-03-04,2020-01-01,0.0001708187820723,0.006376152585982944,0.0017731658346809395,-0.00047151945960794035,0.006205333803910644,0.0016023470526086395,0.0006423382416802404,True,True,True
2020-03-05,2020-01-01,0.021157386735499,-0.0016801006963692512,0.0005754600948742444,-0.0004612600581170436,0.02283748743186825,0.020581926640624755,0.021618646793616043,False,True,True
2020-03-06,2020-01-01,0.0621852978838386,-0.012307492430242583,-3.725646198785471e-05,-0.0004491903895470432,0.07449279031408118,0.06222255434582646,0.06263448827338565,False,False,True
2020-03-07,2020-01-01,-0.0232920797755643,-0.0021924224164725837,0.0010610847759674473,-0.00044102842291502754,0.021099657359091716,0.024353164551531747,0.02285105135264927,True,False,False
2020-03-08,2020-01-01,-0.1562478428836652,0.00964462461217394,0.0020556148306619016,-0.0004336280730470731,0.16589246749583914,0.1583034577143271,0.15581421481061813,False,False,False
2020-03-09,2020-01-01,0.0064640880365329,0.0017945113516987488,0.0012467191398608146,-0.0004227741177411541,0.004669576684834151,0.0052173688966720855,0.006886862154274054,True,True,True
2020-03-10,2020-01-01,-0.0060354861869905,-8.337849130777772e-05,-0.0025108580298773076,-0.00040937302141207804,0.005952107695682722,0.0035246281571131924,0.005626113165578422,True,True,False
2020-03-11,2020-01-01,-0.0293808496184908,-0.012237901138139634,-0.00046136028303665234,-0.00039907430264572935,0.017142948480351167,0.02891948933545415,0.02898177531584507,True,True,False
2020-03-12,2020-01-01,-0.4234722146529329,-0.009265882975415746,0.0010849505370417504,-0.0003887632824897289,0.41420633167751714,0.42455716518997466,0.4230834513704432,True,False,False
2020-03-13,2020-01-01,0.1856272786057333,-0.008055760222742835,0.0004902312740452778,-0.00037052623567579397,0.19368303882847615,0.18513704733168804,0.1859978048414091,False,True,True
2020-03-14,2020-01-01,-0.0742917074192217,-0.027476708288557233,-0.008646814053973703,-0.00035404230257773744,0.04681499913066446,0.065644893365248,0.07393766511664396,True,True,True
2020-03-15,2020-01-01,0.0154759627958651,-0.014136931287761108,-0.00014617603051825852,-0.00033500088300706895,0.02961289408362621,0.015622138826383358,0.01581096367887217,False,False,False
2020-03-16,2020-01-01,-0.1166674150987117,0.009811966455376367,0.0020825072222837434,-0.0003171082570855756,0.12647938155408806,0.11874992232099545,0.11635030684162613,False,False,True
2020-03-17,2020-01-01,0.0301690662689475,-0.025208280765604038,-0.0024630926063280503,-0.00030059413907108294,0.055377347034551536,0.032632158875275555,0.030469660408018583,False,False,False
2020-03-18,2020-01-01,0.0078944986120916,-0.0157904627262615,-0.0017220948301675306,-0.0002875306203805378,0.0236849613383531,0.00961659344225913,0.008182029232472137,False,False,False
2020-03-19,2020-01-01,0.1894040141620661,0.005356354058324577,6.04720467705333e-05,-0.0002745284004090858,0.18404766010374152,0.18934354211529555,0.18967854256247518,True,True,False
2020-03-20,2020-01-01,-0.0282347211152151,0.007369990458774467,0.0006363044828404426,-0.00026340031869644717,0.03560471157398957,0.02887102559805554,0.02797132079651865,False,False,True
2020-03-21,2020-01-01,0.0006143190364296,0.009324847521995631,0.0037525649641896074,-0.0002532834080399587,0.008710528485566032,0.0031382459277600073,0.0008676024444695587,True,True,False
2020-03-22,2020-01-01,-0.0715076857044942,-0.0023056697698205205,0.001707278242520868,-0.00024298881793141186,0.06920201593467368,0.07321496394701507,0.07126469688656278,True,False,True
2020-03-23,2020-01-01,0.0939859378431633,-0.01129957090824757,-1.3935299647710691e-05,-0.00023010945043544788,0.10528550875141086,0.09399987314281101,0.09421604729359874,False,False,False
2020-03-24,2020-01-01,0.0285360049864464,0.014105166072876265,0.0003101316493482099,-0.00021938987854013356,0.014430838913570136,0.02822587333709819,0.028755394864986534,True,True,False
2020-03-25,2020-01-01,-0.0184889381528435,0.015263721329741627,0.0020517243370516015,-0.00020900853996096375,0.03375265948258513,0.020540662489895105,0.018279929612882537,False,False,True
2020-03-26,2020-01-01,0.0159011012427661,0.009630197943591243,0.0022181819058793807,-0.00019751972034273327,0.006270903299174856,0.013682919336886718,0.016098620963108833,True,True,False
2020-03-27,2020-01-01,-0.0319714131414015,-0.014474157806430979,-0.00035272589599888427,-0.0001846499634853059,0.01749725533497052,0.031618687245402614,0.03178676317791619,True,True,True
2020-03-28,2020-01-01,-0.0220359255787099,-0.012842948366840889,0.0008216747889447462,-0.0001723295227431638,0.009192977211869012,0.02285760036765465,0.021863596055966737,True,False,True
2020-03-29,2020-01-01,-0.0412467203326619,-0.0013942626205087972,0.0007656795337652746,-0.00016558865565093823,0.0398524577121531,0.04201239986642717,0.04108113167701096,True,False,True
2020-03-30,2020-01-01,0.0582942412905649,0.006156486346582281,0.00010559660838137253,-0.0001579337863459718,0.05213775494398262,0.05818864468218353,0.058452175076910876,True,True,False
2020-03-31,2020-01-01,0.0051843667164483,-0.00974372328202333,-0.0005788453412141868,-0.00015137927801143447,0.01492808999847163,0.005763212057662487,0.005335745994459734,False,False,False
2020-04-01,2020-01-01,0.0152775702817575,-0.0012634012897512598,0.0010471447708311748,-0.0001454964936300643,0.01654097157150876,0.014230425510926325,0.015423066775387564,False,True,False
2020-04-02,2020-01-01,0.0471457470885749,-0.020000232835260173,0.0009405028364757364,-0.0001533362734552107,0.06714597992383507,0.04620524425209916,0.04729908336203011,False,True,False
2020-04-03,2020-01-01,0.0004376869758151,0.002847705271032169,0.0003686698003297459,-0.00016002508638827265,0.0024100182952170686,6.90171754853541e-05,0.0005977120622033727,True,True,False
2020-04-04,2020-01-01,0.0220145926330657,0.016719820400505816,0.0019099380264689346,-0.00016862651953988402,0.005294772232559884,0.020104654606596765,0.022183219152605585,True,True,False
2020-04-05,2020-01-01,-0.0115187423729375,0.015256565447793396,0.001279160331484793,-0.00017826544526218326,0.026775307820730898,0.012797902704422293,0.011340476927675317,False,False,True
2020-04-06,2020-01-01,0.1782642373780929,-0.01843468962831629,0.00094799108800776,-0.00018950023663172327,0.1966989270064092,0.17731624629008516,0.17845373761472463,False,True,False
2020-04-07,2020-01-01,-0.0238502649964288,0.023192495307795706,0.00040495420495755875,-0.00020326911954178493,0.04704276030422451,0.02425521920138636,0.023646995876887015,False,False,True
2020-04-08,2020-01-01,0.0456675114816182,0.008933479575497972,0.0038821574243407607,-0.00021702310200538298,0.03673403190612023,0.041785354057277437,0.04588453458362358,True,True,False
2020-04-09,2020-01-01,-0.0106266001393464,0.022879678615128424,0.0020640163037392197,-0.00022907026858743395,0.03350627875447482,0.01269061644308562,0.010397529870758968,False,False,True
2020-04-10,2020-01-01,-0.0725654606384821,0.011391848530365378,0.0008177913591549133,-0.0002406211866338278,0.08395730916884747,0.07338325199763701,0.07232483945184827,False,False,True
2020-04-11,2020-01-01,-0.0012399681825301,0.006300194616573352,0.002170290460907997,-0.00025081933843627895,0.007540162799103451,0.0034102586434380973,0.000989148844093821,False,False,True
2020-04-12,2020-01-01,0.0184962741751852,0.0029298760849986883,-0.0004629742125114955,-0.0002633889739177304,0.015566398090186511,0.018959248387696696,0.01875966314910293,True,False,False
2020-04-13,2020-01-01,-0.0301774610037469,0.01252869534539885,8.884246260510375e-06,-0.0002743189602286983,0.04270615634914575,0.03018634525000741,0.029903142043518204,False,False,True
2020-04-14,2020-01-01,0.0084261404849492,0.006133425323588721,0.00129002565234958,-0.00028496320274056495,0.002292715161360478,0.007136114832599619,0.008711103687689764,True,True,False
2020-04-15,2020-01-01,-0.027345131603777,-0.01122745998883198,-0.00036029300883424435,-0.0002959745602529221,0.01611767161494502,0.026984838594942755,0.027049157043524077,True,True,True
2020-04-16,2020-01-01,0.1231056530035905,-0.015659230863828515,0.00016293487952985243,-0.0003051564941291832,0.138764883867419,0.12294271812406064,0.12341080949771968,False,True,False
2020-04-17,2020-01-01,-0.0030135149052878,-0.0003201147588590839,1.6444915657060598e-05,-0.0003160873125958543,0.0026934001464287162,0.0030299598209448607,0.002697427592691946,True,False,True
2020-04-18,2020-01-01,0.088997596658614,0.008513278588665935,0.002473342642599191,-0.00032774142271551623,0.08048431806994806,0.08652425401601481,0.08932533808132952,True,True,False
2020-04-19,2020-01-01,-0.0283501594664836,0.00591088106427627,0.0015653866551574218,-0.00034238645593145527,0.03426104053075987,0.029915546121641025,0.028007773010552146,False,False,True
2020-04-20,2020-01-01,-0.051305216345253,0.005884854503215579,0.0018575087833520155,-0.0003546238746602139,0.05719007084846858,0.053162725128605016,0.05095059247059279,False,False,True
2020-04-21,2020-01-01,0.0025568412529346,0.004290257068875686,0.0017789773119856426,-0.00036570168212943786,0.0017334158159410858,0.0007778639409489576,0.002922542935064038,True,True,True
2020-04-22,2020-01-01,0.0570916329241595,0.002049730511443271,-0.00040053808202392366,-0.0003774920751331677,0.05504190241271623,0.05749217100618342,0.05746912499929267,True,False,True
2020-04-23,2020-01-01,0.0133028368544225,0.007770868064969806,0.0005601578045218136,-0.0003888254654964916,0.005531968789452694,0.012742679049900686,0.013691662319918991,True,True,True
2020-04-24,2020-01-01,0.0227438654947422,0.009412989426193027,0.0018923280856319364,-0.00040054593510328374,0.013330876068549173,0.020851537409110263,0.023144411429845486,True,True,True
2020-04-25,2020-01-01,0.0331772757444222,0.0023895764275585134,0.0009082247631849725,-0.0004126458076760138,0.030787699316863683,0.032269050981237224,0.03358992155209821,True,True,True
2020-04-26,2020-01-01,0.0092178504335849,-0.0038321704656045646,0.0006548633157543708,-0.0004271584943024457,0.013050020899189465,0.00856298711783053,0.009645008927887345,False,True,True
2020-04-27,2020-01-01,-0.0004704052971209,0.011793441187347467,0.0017704038959009314,-0.0004364073247355531,0.012263846484468367,0.0022408091930218314,3.3997972385346905e-05,False,False,False
2020-04-28,2020-01-01,0.0060371430678036,0.002963742444233961,0.0013571414304248673,-0.0004431593438242511,0.0030734006235696395,0.004680001637378733,0.006480302411627852,True,True,True
2020-04-29,2020-01-01,0.0935050511210533,-0.0021415389762257414,0.0007788400079982629,-0.0004486537880938957,0.09564659009727904,0.09272621111305504,0.09395370490914719,False,True,True
2020-04-30,2020-01-01,-0.0431684416104106,-0.005848762119734442,0.0005522134224343523,-0.0004564100067642441,0.037319679490676154,0.04372065503284495,0.04271203160364635,True,False,False
2020-05-01,2020-01-01,0.0318737225667911,0.011149839216459971,0.0026406912859285904,-0.0004650626660044023,0.02072388335033113,0.02923303128086251,0.0323387852327955,True,True,True
2020-05-02,2020-01-01,0.0051642335389476,-0.0008935427786641917,0.0006637349718150811,-0.00046670588043970463,0.006057776317611792,0.004500498567132518,0.005630939419387304,False,True,True
2020-05-03,2020-01-01,-0.0203980933651294,0.007369439020419049,0.000579919813076915,-0.00046976334545758186,0.027767532385548452,0.020978013178206318,0.01992833001967182,False,False,False
2020-05-04,2020-01-01,-0.0130806371514459,0.007024532221971763,0.0017802108375212016,-0.0004723463695422126,0.020105169373417664,0.014860847988967103,0.012608290781903687,False,False,False
2020-05-05,2020-01-01,-0.0067232812515117,-0.00922524178278526,0.00029742376212985754,-0.00047451761655595525,0.002501960531273561,0.007020705013641557,0.006248763634955744,True,False,False
2020-05-06,2020-01-01,-0.0131477237347897,-0.0028199713972078097,0.00018455300650370134,-0.00047600839609492296,0.01032775233758189,0.0133322767412934,0.012671715338694777,True,False,False
2020-05-07,2020-01-01,0.0403498840948179,0.0030210506215546614,0.0005780505635957067,-0.00047397118480954257,0.03732883347326324,0.03977183353122219,0.04082385527962744,True,True,True
2020-05-08,2020-01-01,0.0033075775417663,-0.0017744111143866018,4.573834622956924e-05,-0.00047295382074450016,0.005081988656152902,0.003261839195536731,0.0037805313625108,False,True,True
2020-05-09,2020-01-01,-0.0065328826296245,0.0035445976966585555,0.0010799900027145036,-0.0004711132725817867,0.010077480326283056,0.007612872632339004,0.006061769357042714,False,False,False
2020-05-10,2020-01-01,-0.1086982544561622,0.0010319230253588072,0.0010898360647243056,-0.00046980354871747627,0.109730177481521,0.1097880905208865,0.10822845090744472,False,False,False
2020-05-11,2020-01-01,-0.0142456416679497,0.006359667861630841,0.0007099723332026576,-0.000468008439892076,0.02060530952958054,0.014955614001152358,0.013777633228057624,False,False,False
2020-05-12,2020-01-01,0.0182863010982285,-0.0013712240045452998,-0.0011916365937409898,-0.0004651071362597563,0.0196575251027738,0.01947793769196949,0.018751408234488256,False,False,True
2020-05-13,2020-01-01,0.0521929776483576,0.006892788309412687,-0.0006078348860361791,-0.0004617779799887331,0.04530018933894491,0.052800812534393775,0.05265475562834633,True,False,True
2020-05-14,2020-01-01,0.0188551217216723,0.0014664894105628995,0.0008574919134272028,-0.0004593112870632792,0.0173886323111094,0.017997629808245097,0.01931443300873558,True,True,True
2020-05-15,2020-01-01,-0.0360998466821327,-0.012700356822072243,0.0010126374772088114,-0.00045628734075870174,0.02339948986006046,0.03711248415934151,0.035643559341374004,True,False,False
2020-05-16,2020-01-01,0.0258377964930223,-0.004841421879815452,0.0010730966771293076,-0.00045170278578105405,0.03067921837283775,0.024764699815892993,0.026289499278803353,False,True,True
2020-05-17,2020-01-01,0.032298486508385,-0.002189332060237195,-4.0173768879789165e-05,-0.00044699178083158807,0.034487818568622194,0.03233866027726479,0.03274547828921659,False,False,True
2020-05-18,2020-01-01,0.0355590367721756,0.009997757714861173,0.000995345617341388,-0.00044274406755219454,0.02556127905731443,0.034563691154834215,0.0360017808397278,True,True,True
2020-05-19,2020-01-01,-0.0050061476135694,0.011375175817072532,0.001792743327292881,-0.00043863863812783886,0.01638132343064193,0.006798890940862281,0.004567508975441561,False,False,False
2020-05-20,2020-01-01,-0.0157149339911579,0.0031619103933800256,0.0013837120480066577,-0.0004319476174843873,0.018876844384537926,0.017098646039164556,0.015282986373673512,False,False,False
2020-05-21,2020-01-01,-0.0486115811720616,-0.007164341937791434,0.0007569760515533791,-0.0004266724104159579,0.04144723923427017,0.04936855722361498,0.04818490876164564,True,False,False
2020-05-22,2020-01-01,0.0364491297883624,-0.0044330069916969006,0.0005549022362648774,-0.0004195905049700659,0.0408821367800593,0.03589422755209752,0.03686872029333246,False,True,True
2020-05-23,2020-01-01,0.0073621348983283,0.0010148083678260772,-0.00021803722420105803,-0.00041355728256921114,0.006347326530502222,0.007580172122529358,0.007775692180897511,True,False,True
2020-05-24,2020-01-01,-0.030302926168875,0.008581729219287113,0.0009439401942224727,-0.0004084697989529643,0.03888465538816212,0.031246866363097474,0.029894456369922037,False,False,False
2020-05-25,2020-01-01,0.0145742788543645,-0.004573168743193228,0.0011831443678140393,-0.0004035314440986399,0.01914744759755773,0.013391134486550462,0.01497781029846314,False,True,True
2020-05-26,2020-01-01,-0.0166444520165415,-0.007716717679167451,-0.00045154607349214915,-0.00039903633818222617,0.00892773433737405,0.01619290594304935,0.016245415678359274,True,True,False
2020-05-27,2020-01-01,0.0344776664220551,-0.005265910983057171,0.0005856901985600066,-0.0003964535503684809,0.03974357740511227,0.033891976223495095,0.03487411997242358,False,True,True
2020-05-28,2020-01-01,0.0525558234124099,-0.000877551944531851,0.0005979187753856962,-0.0003929435323728081,0.05343337535694175,0.0519579046370242,0.052948766944782705,False,True,True
2020-05-29,2020-01-01,0.0037968519368642,0.0010256254824154824,0.0007153011498928346,-0.000390870539667701,0.0027712264544487173,0.0030815507869713654,0.004187722476531901,True,True,True
2020-05-30,2020-01-01,0.0982007880562834,0.0018994768582976428,0.0019250219564357829,-0.00038899311769820716,0.09630131119798577,0.09627576609984763,0.09858978117398161,True,True,True
2020-05-31,2020-01-01,-0.0469160095278026,-0.0028141308610093356,0.0006751479018967242,-0.00039191265717198454,0.044101878666793264,0.04759115742969933,0.04652409687063062,True,False,False
2020-06-01,2020-01-01,0.0693408514004945,0.009197967680263042,0.0025884687856193543,-0.0003941654701154411,0.06014288372023145,0.06675238261487514,0.06973501687060993,True,True,True
2020-06-02,2020-01-01,-0.0395669275285892,0.014466165623551464,0.0010229836240107269,-0.0003974777137833833,0.054033093152140665,0.04058991115259993,0.03916944981480582,False,False,False
2020-06-03,2020-01-01,0.029341091962969,0.007984254450002937,0.001504412188943714,-0.0003980436921658532,0.021356837512966062,0.027836679774025284,0.029739135655134852,True,True,True
2020-06-04,2020-01-01,0.0010118396234197,0.0012768758782342902,0.001165096524233708,-0.0003987231560905695,0.0002650362548145902,0.00015325690081400807,0.0014105627795102695,True,True,True
2020-06-05,2020-01-01,-0.0131099048563656,-0.004504240149363382,0.0005651061641941074,-0.0004002393402702039,0.008605664707002218,0.013675011020559708,0.012709665516095396,True,False,False
2020-06-06,2020-01-01,0.0029405915366731,0.0027888714484539077,0.0012588452190159865,-0.0004019030001992413,0.0001517200882191921,0.0016817463176571133,0.003342494536872341,True,True,True
2020-06-07,2020-01-01,0.0133754132947205,0.006248773183881848,0.00031286259317632914,-0.00040260928811635874,0.0071266401108386526,0.013062550701544171,0.01377802258283686,True,True,True
2020-06-08,2020-01-01,0.0046607139067276,0.007767633504939264,0.0005174435775268962,-0.0004034569526707795,0.0031069195982116648,0.004143270329200703,0.0050641708593983795,True,True,True
2020-06-09,2020-01-01,-0.0056776147637188,-0.002049930035007173,0.0009716334413906358,-0.00040421535980580763,0.003627684728711627,0.006649248205109436,0.005273399403912992,True,False,False
2020-06-10,2020-01-01,0.0103445265968691,-0.00020253203945392803,0.00077602766807017,-0.0004047543779126239,0.010547058636323029,0.00956849892879893,0.010749280974781724,False,True,True
2020-06-11,2020-01-01,-0.0636193193226278,-0.00340899354209855,0.000411200365302049,-0.0004070009321573737,0.06021032578052924,0.06403051968792985,0.06321231839047042,True,False,False
2020-06-12,2020-01-01,0.0249912643285756,0.003908325796227364,0.0010531719316654651,-0.00040749123884225327,0.021082938532348237,0.023938092396910134,0.025398755567417854,True,True,True
2020-06-13,2020-01-01,0.0059607352826378,0.0031983967237608902,-0.0004320251213233244,-0.00040838090110366306,0.00276233855887691,0.006392760403961125,0.006369116183741463,True,False,True
2020-06-14,2020-01-01,-0.0200668321716687,-0.0020312928433132375,0.00034676665879598313,-0.0004105385640406285,0.018035539328355464,0.02041359883046468,0.01965629360762807,True,False,False
2020-06-15,2020-01-01,-0.0178792318891143,-2.2281160048903247e-05,0.001253860661049115,-0.0004122586917576449,0.017856950729065395,0.019133092550163412,0.017466973197356652,True,False,False
2020-06-16,2020-01-01,0.0195158535077628,0.0005452125604149576,-2.941818602962337e-05,-0.00041422685520616756,0.018970640947347843,0.019545271693792422,0.019930080362968967,True,False,True
2020-06-17,2020-01-01,-0.0059206397209656,-0.0010462535742461255,-9.323183512930766e-05,-0.0004155513813674924,0.004874386146719475,0.005827407885836292,0.0055050883395981074,True,True,False
2020-06-18,2020-01-01,-0.0039785247798531,0.0068278077019901925,0.0010183957434614932,-0.00041528394693275786,0.010806332481843293,0.004996920523314593,0.0035632408329203426,False,False,False
2020-06-19,2020-01-01,-0.02138238017769,0.0031936547135790585,0.0006749761514218759,-0.00041596369318939265,0.02457603489126906,0.022057356329111877,0.020966416484500608,False,False,False
2020-06-20,2020-01-01,0.0094038352825709,-0.0029678107306802303,0.0003362804925457608,-0.0004126322115045085,0.01237164601325113,0.00906755479002514,0.009816467494075408,False,True,True
2020-06-21,2020-01-01,-0.0012406062725255,-0.0008607950202033487,0.00019353283848046188,-0.00041147756056833507,0.0003798112523221513,0.0014341391110059619,0.0008291287119571649,True,False,False
2020-06-22,2020-01-01,0.0591439625451377,0.0021788396007944707,0.0005680524169706692,-0.00040812759123501526,0.05696512294434323,0.05857591012816703,0.059552090136372714,True,True,True
2020-06-23,2020-01-01,0.0066339911121064,0.0002721806219032196,0.0005018258275790131,-0.00040696758406941864,0.006361810490203181,0.006132165284527387,0.007040958696175819,True,True,True
2020-06-24,2020-01-01,-0.0342820357372766,0.00780855551880817,0.001518736978960383,-0.0004048082098151796,0.042090591256084775,0.03580077271623699,0.033877227527461425,False,False,False
2020-06-25,2020-01-01,-0.0119944984281222,-0.004364654156917744,0.0013853646980289372,-0.0004018802666823613,0.007629844271204456,0.013379863126151137,0.01159261816143984,True,False,False
2020-06-26,2020-01-01,-0.0140653402112502,-0.0013157494582420482,-4.908261687337962e-05,-0.0003990261193864946,0.012749590753008152,0.014016257594376821,0.013666314091863706,True,True,False
2020-06-27,2020-01-01,-0.0292084689092965,-0.0038820230226079017,0.0003887642809624308,-0.00039630930440865314,0.0253264458866886,0.02959723319025893,0.02881215960488785,True,False,False
2020-06-28,2020-01-01,0.0107076475306793,0.0004750770799595308,0.0006572580944408826,-0.0003926589833608618,0.010232570450719769,0.010050389436238417,0.011100306514040162,True,True,True
2020-06-29,2020-01-01,0.0126369550238238,-0.0015029032661302878,-0.00026774698486488867,-0.0003889686306373498,0.014139858289954088,0.01290470200868869,0.01302592365446115,False,False,True
2020-06-30,2020-01-01,-0.0082379921763848,-0.009902797997003525,0.00022066130761774934,-0.00038439197507153945,0.0016648058206187241,0.00845865348400255,0.007853600201313262,True,False,False
2020-07-01,2020-07-01,0.0212023775972944,-0.0010732783788181786,-0.0002592639486375644,-0.0012855214875438297,0.022275655976112578,0.021461641545931963,0.02248789908483823,False,False,True
2020-07-02,2020-07-01,-0.0074475205049118,-0.002558853529847435,-0.0005455753312308503,-0.0012760541193404236,0.004888666975064365,0.0069019451736809494,0.0061714663855713765,True,True,False
2020-07-03,2020-07-01,-0.0174597349496758,0.002446079129455372,-0.00023224297911294493,-0.0012651919588833737,0.019905814079131175,0.017227491970562857,0.016194542990792427,False,True,False
2020-07-04,2020-07-01,0.0163587123307498,0.003057249542586117,-0.0003297903981048499,-0.001253192076798788,0.013301462788163684,0.01668850272885465,0.01761190440754859,True,False,True
2020-07-05,2020-07-01,-0.0061530976544303,-0.0010057110902775934,-0.0006022350570574817,-0.0012433593829441706,0.005147386564152706,0.005550862597372818,0.004909738271486129,True,True,False
2020-07-06,2020-07-01,0.0608158977742094,-0.0059848888310453825,-0.00027313941209087666,-0.0012364164886899689,0.06680078660525478,0.06108903718630027,0.062052314262899366,False,False,True
2020-07-07,2020-07-01,-0.010081115195253,0.0019166816055601176,-0.0006999640890557627,-0.0012328571509255864,0.011997796800813117,0.009381151106197236,0.008848258044327413,False,True,False
2020-07-08,2020-07-01,0.0317660380797768,0.002610576141432738,3.620279884284852e-05,-0.0012308376999118982,0.029155461938344063,0.031729835280933955,0.0329968757796887,True,True,True
2020-07-09,2020-07-01,-0.0148135263123319,0.0033131331880067267,-0.0005339590290596643,-0.0012314506314944395,0.018126659500338628,0.014279567283272235,0.013582075680837462,False,True,False
2020-07-10,2020-07-01,-0.0083573742893355,-0.0005937850275708968,-0.00014201366254272166,-0.0012328037772145544,0.007763589261764604,0.008215360626792779,0.0071245705121209466,True,True,False
2020-07-11,2020-07-01,-0.0063357046504595,0.0048156810442491135,-0.0003972054730705093,-0.0012302768328912115,0.011151385694708613,0.0059384991773889905,0.005105427817568288,False,True,False
2020-07-12,2020-07-01,0.0111648848148913,-0.00043614668006061117,-0.00044239110447444585,-0.0012289599187987144,0.01160103149495191,0.011607275919365745,0.012393844733690014,False,False,True
2020-07-13,2020-07-01,-0.0104369435422463,-9.811666817313946e-05,-0.0004894475059810611,-0.001221809298147029,0.010338826874073162,0.00994749603626524,0.009215134244099272,True,True,False
2020-07-14,2020-07-01,0.0025329360010484,-0.002397716792145588,-0.0002798974638068871,-0.0012117931798702214,0.004930652793193989,0.002812833464855287,0.0037447291809186217,False,False,True
2020-07-15,2020-07-01,-0.0074432904557726,-0.003023906742209093,-0.00046501832253449476,-0.0012069170715442938,0.004419383713563508,0.006978272133238105,0.006236373384228306,True,True,True
2020-07-16,2020-07-01,-0.0200594240477829,-0.004048279697037268,-0.00036112424421709934,-0.0012022694725381529,0.016011144350745632,0.0196982998035658,0.018857154575244745,True,True,True
2020-07-17,2020-07-01,-0.0037142380015947,0.00717263291933362,-0.0003416050971327049,-0.001199263029773784,0.01088687092092832,0.0033726329044619953,0.002514974971820916,False,True,True
2020-07-18,2020-07-01,0.0116453491988897,0.0016135421523282983,-0.0005209373609846214,-0.0012016386123397942,0.0100318070465614,0.01216628655987432,0.012846987811229494,True,False,False
2020-07-19,2020-07-01,0.0127554751229972,-0.004088046895166213,-0.0004975106016497014,-0.0012037930809977427,0.016843522018163415,0.013252985724646902,0.013959268203994943,False,False,False
2020-07-20,2020-07-01,-0.0097881457380835,-0.00047464051274281763,-0.00038082085321315456,-0.0012098098689896078,0.009313505225340683,0.009407324884870345,0.008578335869093894,True,True,True
2020-07-21,2020-07-01,0.037533080727248,-0.00436019565373413,-0.0002562400341375215,-0.001213759056462951,0.04189327638098213,0.037789320761385525,0.038746839783710955,False,False,True
2020-07-22,2020-07-01,0.0700928468191892,-0.0025646507529496756,-0.0006268484792820784,-0.0012212299305378556,0.07265749757213888,0.07071969529847127,0.07131407674972706,False,False,True
2020-07-23,2020-07-01,0.047669180441096,0.005299329471810152,-0.0004913773986741879,-0.0012327823331792658,0.04236985096928585,0.048160557839770184,0.04890196277427526,True,False,True
2020-07-24,2020-07-01,0.0164781489546008,0.007322790169027494,-0.00010717368993716638,-0.0012515014698431224,0.009155358785573305,0.016585322644537964,0.01772965042444392,True,False,True
2020-07-25,2020-07-01,0.0889683628234676,0.006041204548206674,-8.384426626448406e-05,-0.0012696633871171626,0.08292715827526093,0.08905220708973208,0.09023802621058476,True,False,True
2020-07-26,2020-07-01,0.0183743751588323,0.003052684797250489,-0.0006560570904586597,-0.0012950862528595792,0.01532169036158181,0.01903043224929096,0.019669461411691878,True,False,True
2020-07-27,2020-07-01,0.0383359539667362,0.006828414894319835,0.00013418324662674822,-0.001315103787320777,0.031507539072416366,0.03820177072010945,0.03965105775405697,True,True,True
2020-07-28,2020-07-01,-0.0151061556998356,0.0048316519710824655,-0.0003329716043925603,-0.0013401911684371975,0.019937807670918066,0.01477318409544304,0.013765964531398403,False,True,False
2020-07-29,2020-07-01,0.0048431871899461,0.0034645974476124686,-6.023808445412555e-05,-0.0013600834545901277,0.0013785897423336316,0.004903425274400226,0.006203270644536228,True,False,True
2020-07-30,2020-07-01,0.0515280374132054,0.0007932837549827379,-0.00045124420443950586,-0.001381674895180001,0.050734753658222664,0.0519792816176449,0.0529097123083854,True,False,True
2020-07-31,2020-07-01,0.0327807996088924,0.00367066826955849,-0.000622264584638626,-0.0014090639465076625,0.029110131339333913,0.03340306419353103,0.03418986355540006,True,False,True
2020-08-01,2020-07-01,0.1147287389932205,0.0015720913595303324,-0.00019079644495873476,-0.0014364607070255929,0.11315664763369017,0.11491953543817923,0.1161651997002461,True,False,True
2020-08-02,2020-07-01,-0.0377154612372589,0.004901087599860146,-0.0006612841195038449,-0.001473850924631986,0.042616548837119045,0.037054177117755056,0.03624161031262691,False,True,False
2020-08-03,2020-07-01,0.0421490031714522,0.0016245704823964857,0.0005657758560501909,-0.0015080966388835507,0.040524432689055714,0.041583227315402004,0.04365709981033575,True,True,True
2020-08-04,2020-07-01,0.0092683589664184,-0.0006620354831331314,-0.0006975664800596628,-0.001544310406160169,0.00993039444955153,0.009965925446478062,0.01081266937257857,False,False,True
2020-08-05,2020-07-01,0.0300482801375139,0.0014610003359441888,-0.00021922980549584376,-0.0015805010028079772,0.02858727980156971,0.030267509943009745,0.031628781140321874,True,False,True
2020-08-06,2020-07-01,-0.0165059440761377,0.011639462387674474,-0.0003839124204974985,-0.0016217785943633072,0.028145406463812174,0.0161220316556402,0.01488416548177439,False,True,False
2020-08-07,2020-07-01,-0.0391154056528482,0.00554352062024732,-0.00011730456377887372,-0.001660555745238115,0.04465892627309552,0.03899810108906932,0.03745484990761008,False,True,False
2020-08-08,2020-07-01,0.0381397307162172,0.0028129255592016997,-0.0002775701187508229,-0.0016934423673246836,0.0353268051570155,0.03841730083496802,0.03983317308354188,True,False,True
2020-08-09,2020-07-01,-0.0072766618709672,-0.0015460770144377098,-0.0008545523626080184,-0.0017265113867567042,0.00573058485652949,0.006422109508359182,0.005550150484210496,True,True,False
2020-08-10,2020-07-01,0.0121883688930486,0.004146935531378345,-0.00014556459346059576,-0.00175961844590286,0.008041433361670255,0.012333933486509196,0.01394798733895146,True,False,True
2020-08-11,2020-07-01,-0.0391613947225364,0.005951145321305298,-0.00044731635351425163,-0.0017891308557883017,0.0451125400438417,0.03871407836902215,0.0373722638667481,False,True,False
2020-08-12,2020-07-01,0.0279720083357235,0.0017953683982583112,-0.00015837116167680224,-0.0018102584318587258,0.02617663993746519,0.028130379497400302,0.029782266767582225,True,False,True
2020-08-13,2020-07-01,0.0964585408036162,0.0014330813902321963,-0.0007628583078325108,-0.0018282901984025537,0.095025459413384,0.09722139911144871,0.09828683100201875,True,False,True
2020-08-14,2020-07-01,0.0201893926910585,-0.0043765753671755735,-0.0007160555014295135,-0.0018500524762453088,0.02456596805823407,0.02090544819248801,0.022039445167303807,False,False,True
2020-08-15,2020-07-01,-0.0092430905320243,0.010219260271884167,0.00018979204113499492,-0.0018622382716970798,0.019462350803908467,0.009432882573159294,0.00738085226032722,False,False,False
2020-08-16,2020-07-01,0.0009961849763249,0.0071186200918948415,-0.00011662607672637356,-0.0018703668218216334,0.0061224351155699415,0.0011128110530512737,0.0028665517981465334,True,False,True
2020-08-17,2020-07-01,-0.0098098255843402,0.0022169179382493225,-0.0004537881765476517,-0.0018722811869424038,0.012026743522589523,0.009356037407792549,0.007937544397397796,False,True,False
2020-08-18,2020-07-01,-0.0136472921971626,0.0029848002286164965,-0.0003307348921307749,-0.0018757077221921226,0.016632092425779097,0.013316557305031826,0.011771584474970478,False,True,False
2020-08-19,2020-07-01,-0.0406107674563539,0.007326166431529911,-0.00037807937021193936,-0.0018779045039593297,0.04793693388788381,0.04023268808614196,0.038732862952394566,False,True,False
2020-08-20,2020-07-01,0.0245434249780671,0.0010883489376786585,-0.00030542503033731514,-0.0018701868440329258,0.02345507604038844,0.024848850008404415,0.026413611822100027,True,False,True
2020-08-21,2020-07-01,-0.0655879836132452,-0.006078490838316056,-0.0007942834987132347,-0.0018612736044282584,0.05950949277492914,0.06479370011453196,0.06372671000881694,True,True,False
2020-08-22,2020-07-01,0.0172406761817134,-0.007722927826830981,2.6110490877340165e-05,-0.0018323496446023763,0.02496360400854438,0.01721456569083606,0.019073025826315777,False,True,True
2020-08-23,2020-07-01,-0.0112437037063306,-0.011417422270674186,-0.0008745924534623408,-0.001809885081765317,0.00017371856434358554,0.01036911125286826,0.009433818624565283,True,True,False
2020-08-24,2020-07-01,0.0428215858744018,-0.0016463056083870931,-0.00032447452403926337,-0.0017820046704899988,0.044467891482788895,0.043146060398441065,0.044603590544891804,False,False,True
2020-08-25,2020-07-01,-0.0591535007034882,-0.0001898764825128571,-0.0006334683073758704,-0.0017562204909678384,0.05896362422097535,0.05852003239611233,0.057397280212520364,True,True,False
2020-08-26,2020-07-01,0.006419482369232,0.0050805607450662964,0.0001338337210627072,-0.001724741136336125,0.0013389216241657034,0.006285648648169293,0.008144223505568125,True,True,True
2020-08-27,2020-07-01,-0.0099193586214226,-0.007358200990620565,-0.0007615614909260702,-0.0016961981226018908,0.0025611576308020353,0.00915779713049653,0.00822316049882071,True,True,False
2020-08-28,2020-07-01,0.0346076991213823,-0.004504486211407924,-0.00038842462775077704,-0.0016741834172543891,0.03911218533279022,0.03499612374913308,0.036281882538636685,False,False,True
2020-08-29,2020-07-01,0.0102224626370863,0.002281868995199001,-0.0005931215395479645,-0.0016492822015189606,0.0079405936418873,0.010815584176634264,0.011871744838605262,True,False,True
2020-08-30,2020-07-01,0.071199584696306,-0.00014541283234346405,-0.0002405289902433403,-0.001626233223610397,0.07134499752864946,0.07144011368654933,0.0728258179199164,False,False,True
2020-08-31,2020-07-01,0.0156024457333414,0.0002292472037272547,-0.0006238050783864981,-0.0016069537426245894,0.015373198529614145,0.016226250811727898,0.01720939947596599,True,False,True
2020-09-01,2020-07-01,0.096470057958041,-0.0034123028716117002,1.8354204282625152e-06,-0.0015949963753581781,0.09988236082965271,0.09646822253761274,0.09806505433339918,False,True,True
2020-09-02,2020-07-01,-0.0775836188207589,0.00337120303765133,-0.0006565489360135599,-0.001586911770061379,0.08095482185841023,0.07692706988474533,0.07599670705069753,False,True,False
2020-09-03,2020-07-01,-0.123553539238214,0.005606363249976815,0.0006159941181022954,-0.0015600089195967446,0.12915990248819081,0.1241695333563163,0.12199353031861725,False,False,False
2020-09-04,2020-07-01,0.0066616562604993,0.0071560027066049185,-0.00018872667086460997,-0.0015208067296250565,0.0004943464461056183,0.00685038293136391,0.008182462990124357,True,False,True
2020-09-05,2020-07-01,-0.1364643575645938,-0.013115423101350254,-0.001345311524836106,-0.0014833213893919236,0.12334893446324355,0.1351190460397577,0.13498103617520188,True,True,False
2020-09-06,2020-07-01,0.0539945103689289,-0.0023532762464872734,0.00018681880284033284,-0.0014365564704094404,0.05634778661541617,0.05380769156608856,0.055431066839338336,False,True,True
2020-09-07,2020-07-01,-0.0019492226211732,-0.00158771362483599,-0.001526090096692892,-0.0013953811751564774,0.00036150899633720997,0.0004231325244803078,0.0005538414460167225,True,True,False
2020-09-08,2020-07-01,-0.0427346566687477,-0.009754708841166295,-0.00023703084420075582,-0.0013568823985621432,0.0329799478275814,0.04249762582454694,0.041377774270185554,True,True,False
2020-09-09,2020-07-01,0.0400113138512598,-0.002851791830201597,-0.00012069215357412731,-0.001321225839379258,0.04286310568146139,0.04013200600483392,0.041332539690639054,False,False,True
2020-09-10,2020-07-01,0.0483947525169765,-0.012519025589185516,-0.0009152982366795223,-0.0012864633488715153,0.06091377810616202,0.04931005075365603,0.04968121586584802,False,False,True
2020-09-11,2020-07-01,0.017912673086462,-0.004513878585745633,-0.0004083800299134676,-0.0012660724977178234,0.022426551672207633,0.01832105311637547,0.019178745584179823,False,False,True
2020-09-12,2020-07-01,0.0333271026895611,0.010730127207937498,-9.754801957422856e-05,-0.001246621879374656,0.0225969754816236,0.03342465070913533,0.03457372456893575,True,False,True
2020-09-13,2020-07-01,-0.0558213874501702,-0.003870139340043584,-0.0003959920319397701,-0.0012316539705907485,0.051951248110126615,0.05542539541823043,0.054589733479579454,True,True,False
2020-09-14,2020-07-01,0.0320016749314091,0.0050969222412576825,0.00010608273311258465,-0.0012107159699844018,0.02690475269015142,0.03189559219829652,0.0332123909013935,True,True,False
2020-09-15,2020-07-01,-0.0329464164811436,-0.0012916595990577577,-0.0008617829678859743,-0.0012002587372245725,0.03165475688208585,0.03208463351325763,0.03174615774391903,True,True,True
2020-09-16,2020-07-01,0.0026671571706384,0.0052461969556486295,-9.541280093164237e-05,-0.0011882482903624665,0.0025790397850102295,0.002762569971570042,0.0038554054610008665,True,False,False
2020-09-17,2020-07-01,0.0634394758227225,0.008154053547950381,-0.0005628392250290675,-0.0011770644208534279,0.055285422274772116,0.06400231504775157,0.06461654024357592,True,False,False
2020-09-18,2020-07-01,-0.0119652019528402,0.003413503638451156,-0.0007365656857579138,-0.001166385235291243,0.015378705591291357,0.011228636267082287,0.010798816717548957,False,True,True
2020-09-19,2020-07-01,0.003069586260487,-0.008607226785393675,9.140404195034918e-05,-0.0011556370266749692,0.011676813045880675,0.002978182218536651,0.00422522328716197,False,True,False
2020-09-20,2020-07-01,-0.037587234212988,8.874023096701431e-05,-0.0004183624564457177,-0.0011377641746411048,0.03767597444395501,0.03716887175654228,0.03644947003834689,False,True,True
2020-09-21,2020-07-01,-0.0788748989506161,-0.009535946910067759,-0.00022790410570537985,-0.0011198578074491652,0.06933895204054834,0.07864699484491072,0.07775504114316693,True,True,True
2020-09-22,2020-07-01,0.0079497155535095,0.0005792566598668085,-0.0002464081497654842,-0.001081827029083431,0.007370458893642691,0.008196123703274985,0.00903154258259293,True,False,False
2020-09-23,2020-07-01,-0.0678857935560225,-0.000268776449521382,-0.0009957238912227332,-0.001057353766434913,0.06761701710650113,0.06689006966479977,0.0668284397895876,True,True,True
2020-09-24,2020-07-01,0.0879409986695924,-0.005981803519249705,-0.0001098741909410273,-0.0010453955747016083,0.09392280218884211,0.08805087286053342,0.08898639424429401,False,False,False
2020-09-25,2020-07-01,0.008093951580075,-0.0025124470091352886,-0.001240675720135847,-0.0010393917225271522,0.01060639858921029,0.009334627300210847,0.009133343302602152,False,False,False
2020-09-26,2020-07-01,0.0093838648268711,0.004114412771774174,3.682642747892558e-05,-0.0010495480528044418,0.005269452055096926,0.009347038399392174,0.010433412879675542,True,True,False
2020-09-27,2020-07-01,0.0054865660643128,-0.002353270486006202,-0.00026986679655345656,-0.001052984641772295,0.007839836550319002,0.0057564328608662564,0.006539550706085095,False,False,False
2020-09-28,2020-07-01,-0.0063761547981245,-0.00870764701163122,-0.0003852471100771757,-0.0010587045314381536,0.0023314922135067194,0.005990907688047324,0.005317450266686346,True,True,True
2020-09-29,2020-07-01,0.0129461901256107,0.004922290058834097,-0.0003016512590187958,-0.001068357294386365,0.008023900066776604,0.013247841384629496,0.014014547419997065,True,False,False
2020-09-30,2020-07-01,0.0005016740848944,-0.008874082460221621,-0.000483450670272477,-0.0010752887822288201,0.00937575654511602,0.000985124755166877,0.0015769628671232201,False,False,False
2020-10-01,2020-07-01,-0.0187031283543336,0.011795461287935589,-0.0003179391937356816,-0.0010751484946032995,0.03049858964226919,0.01838518916059792,0.0176279798597303,False,True,True
2020-10-02,2020-07-01,-0.0197249817714086,0.0033491045428075588,-0.000284599096546888,-0.001072890707302607,0.023074086314216157,0.01944038267486171,0.018652091064105994,False,True,True
2020-10-03,2020-07-01,0.0008178531913418,-0.001164759685460319,-0.00042937606682735905,-0.0010697983629904442,0.001982612876802119,0.001247229258169159,0.0018876515543322443,False,False,False
2020-10-04,2020-07-01,0.0174791604211632,0.0022192498262098505,-0.0005495331693656031,-0.0010745802141775577,0.015259910594953349,0.0180286935905288,0.018553740635340755,True,False,False
2020-10-05,2020-07-01,0.0039077116348225,0.002912684578898276,-0.0004907410674811604,-0.0010764108022591737,0.0009950270559242235,0.00439845270230366,0.0049841224370816735,True,False,False
2020-10-06,2020-07-01,-0.0371258036414502,0.0034727931757931167,-0.00029808998857895445,-0.0010825365305965765,0.040598596817243315,0.03682771365287124,0.03604326711085362,False,True,True
2020-10-07,2020-07-01,0.0029130036979352,-0.0021328190805003045,-0.00018007739996638613,-0.0010852804329751727,0.005045822778435505,0.0030930810979015863,0.003998284130910372,False,False,False
2020-10-08,2020-07-01,0.0262061503951738,-0.011131897586226147,-0.0006542396676406065,-0.0010800828222562787,0.03733804798139995,0.026860390062814408,0.02728623321743008,False,False,False
2020-10-09,2020-07-01,0.0422627470820404,-0.0034824548760542928,-0.0005413301488246134,-0.0010760448130807565,0.04574520195809469,0.04280407723086501,0.04333879189512115,False,False,False
2020-10-10,2020-07-01,0.0147080023663423,-0.002526599929283014,-0.000408054646080462,-0.0010757988046967565,0.017234602295625314,0.015116057012422761,0.015783801171039058,False,False,False
2020-10-11,2020-07-01,0.011252921017721,0.00275297237579273,-0.00016451142854451031,-0.0010779863383340556,0.008499948641928271,0.01141743244626551,0.012330907356055056,True,False,False
2020-10-12,2020-07-01,0.0335584948898346,0.0031907075653708782,-0.0003089099520463271,-0.0010913095827642745,0.030367787324463724,0.03386740484188093,0.034649804472598876,True,False,False
2020-10-13,2020-07-01,-0.0168686341899342,0.002488899868770881,-0.0004645258772679314,-0.0011057499103307113,0.01935753405870508,0.01640410831266627,0.01576288427960349,False,True,True
2020-10-14,2020-07-01,-0.004477354199579,0.007239979156819046,-7.081160203514417e-05,-0.0011285622503652028,0.011717333356398046,0.004406542597543856,0.0033487919492137972,False,True,True
2020-10-15,2020-07-01,-0.0053815328156573,0.0033766389594612743,-0.00043888903482014674,-0.0011388956125926604,0.008758171775118574,0.004942643780837154,0.004242637203064639,False,True,True
2020-10-16,2020-07-01,-0.0297074372651906,-0.006565482328032975,-0.0004229588940497785,-0.0011482240224507132,0.02314195493715762,0.02928447837114082,0.028559213242739884,True,True,True
2020-10-17,2020-07-01,0.0071728961371237,-0.00035983965889963644,-0.00028312592233101886,-0.0011537850699823678,0.007532735796023336,0.0074560220594547194,0.008326681207106067,False,False,False
2020-10-18,2020-07-01,0.0253696820241073,-0.010039439151229214,-0.0006324596627287873,-0.0011609264215868417,0.03540912117533651,0.026002141686836087,0.026530608445694142,False,False,False
2020-10-19,2020-07-01,0.0045527803477134,0.007157710000576134,-0.0005054621663751958,-0.0011711976134549343,0.002604929652862734,0.005058242514088596,0.005723977961168334,True,False,False
2020-10-20,2020-07-01,-0.0284224637803389,0.005763506402493724,-0.00023648686457854802,-0.0011840030134386433,0.03418597018283262,0.02818597691576035,0.027238460766900258,False,True,True
2020-10-21,2020-07-01,0.062451274723505,0.0008833224847130401,-0.00021022527277342248,-0.0011955563853919748,0.06156795223879196,0.06266149999627842,0.06364683110889698,True,False,False
2020-10-22,2020-07-01,0.0550320236558519,-0.0026144641666017727,-0.0008781806168832423,-0.0012194799646816701,0.05764648782245367,0.055910204272735145,0.05625150362053357,False,False,True
2020-10-23,2020-07-01,-0.0096823302083347,-0.0013116795395178176,-0.00027234190148310827,-0.0012452087546806281,0.008370650668816882,0.009409988306851592,0.008437121453654071,True,True,False
2020-10-24,2020-07-01,0.0065669514237294,0.006844406095973352,9.811479437242646e-05,-0.001262806464344745,0.00027745467224395137,0.006468836629356974,0.007829757888074145,True,True,True
2020-10-25,2020-07-01,-0.0151284337561026,0.0002107668251542013,-0.0004437465463568642,-0.0012792350211569452,0.015339200581256802,0.014684687209745736,0.013849198734945656,False,True,False
2020-10-26,2020-07-01,-0.0303518668548226,0.0014796912223010424,-0.0002906437194578273,-0.0012867909239021162,0.031831558077123644,0.030061223135364773,0.029065075930920482,False,True,False
2020-10-27,2020-07-01,0.0256639610404703,0.0023464550996496244,-0.0003220929363263884,-0.001298667028397169,0.023317505940820674,0.025986053976796687,0.02696262806886747,True,False,True
2020-10-28,2020-07-01,-0.0379861272418592,0.000647740208353526,-0.0007336643787916786,-0.001311995645363973,0.038633867450212724,0.03725246286306752,0.03667413159649523,False,True,False
2020-10-29,2020-07-01,-0.0049418514259725,0.0040749945619462675,-7.915821628619286e-05,-0.0013173922468502576,0.009016845987918767,0.004862693209686307,0.0036244591791222422,False,True,False
2020-10-30,2020-07-01,-0.0101107353856089,-0.0007471267439947084,-0.0005885708528334425,-0.0013194233418764914,0.009363608641614191,0.009522164532775457,0.008791312043732409,True,True,False
2020-10-31,2020-07-01,0.0098488988376741,-0.008757637473448076,-0.0004417674864704646,-0.001321270343794892,0.018606536311122177,0.010290666324144564,0.011170169181468992,False,False,True
2020-11-01,2020-07-01,0.0252666763079154,-0.0020383890829412327,-0.0005017561533611049,-0.001323366194918402,0.02730506539085663,0.025768432461276504,0.026590042502833804,False,False,True
2020-11-02,2020-07-01,-0.033306859903456,0.0006268954020931101,-0.0004683502229434177,-0.0013249150641166353,0.03393375530554911,0.03283850968051258,0.03198194483933936,False,True,False
2020-11-03,2020-07-01,0.0116021307370286,0.003792688188293316,-6.172032242089963e-05,-0.0013231690342546006,0.007809442548735284,0.0116638510594495,0.0129252997712832,True,False,True
2020-11-04,2020-07-01,0.0375122392438738,-0.0009369644207716265,-0.000643816392244576,-0.0013243946148418404,0.03844920366464542,0.038156055636118374,0.03883663385871564,False,False,True
2020-11-05,2020-07-01,0.029654584834674,-0.0029061670109271965,-0.0005406319940505462,-0.0013273222637234382,0.0325607518456012,0.030195216828724548,0.03098190709839744,False,False,True
2020-11-06,2020-07-01,0.0981771366329065,0.006098179300007686,-0.00025953711278547606,-0.0013362018593680192,0.09207895733289882,0.09843667374569198,0.09951333849227452,True,False,True
2020-11-07,2020-07-01,-0.041797576173595,0.001500750170840234,-0.000627314101376001,-0.0013548626478465083,0.043298326344435235,0.041170262072219,0.04044271352574849,False,True,False
2020-11-08,2020-07-01,0.0409481442341796,0.0028987396038862427,0.0004762433191009907,-0.0013662851981372515,0.038049404630293354,0.04047190091507861,0.04231442943231685,True,True,True
2020-11-09,2020-07-01,-0.0207069224414908,0.0023884705418493793,-0.0007410387869683345,-0.0013805101168561044,0.02309539298334018,0.019965883654522468,0.019326412324634695,False,True,False
2020-11-10,2020-07-01,0.0124201483612957,-0.002587537016066391,-8.913340361550715e-05,-0.0013943826854487106,0.015007685377362091,0.012509281764911208,0.013814531046744412,False,False,True
2020-11-11,2020-07-01,0.0295341694953994,0.00650422649852829,-0.0005031012970635921,-0.0013978681669167973,0.02302994299687111,0.030037270792462992,0.030932037662316197,True,False,True
2020-11-12,2020-07-01,-0.0042233863542894,0.0038118185552700203,-0.0004895715308800045,-0.0013972821873260064,0.00803520490955942,0.0037338148234093956,0.0028261041669633935,False,True,False
2020-11-13,2020-07-01,0.0295466351246946,-2.955787116098985e-05,-0.00015510504939350106,-0.0013944680475920233,0.02957619299585559,0.029701740174088102,0.030941103172286624,False,False,True
2020-11-14,2020-07-01,-0.0305010255868504,-0.007898409291407175,-0.0005325645243425263,-0.001397018105674304,0.022602616295443224,0.029968461062507872,0.029104007481176097,True,True,False
2020-11-15,2020-07-01,-0.0273623027697621,0.002413615129743582,-6.734730839558564e-05,-0.0013992975818961715,0.02977591789950568,0.027294955461366514,0.02596300518786593,False,True,False
2020-11-16,2020-07-01,0.0276638908314523,0.004113360457491146,-0.00042093177891048563,-0.0014035720213807347,0.023550530373961154,0.028084822610362783,0.029067462852833036,True,False,True
2020-11-17,2020-07-01,0.0443965639647849,0.0003678047164422866,-0.0007477220717102331,-0.0014071243014912092,0.04402875924834261,0.04514428603649513,0.04580368826627611,True,False,True
2020-11-18,2020-07-01,-0.0018236467229407,0.0009835211130040569,-0.0004423707158841683,-0.001418486771183008,0.002807167835944757,0.0013812760070565319,0.0004051599517576922,False,True,False
2020-11-19,2020-07-01,-0.0163793506178249,-0.0030312007448015927,-6.0547811835602746e-05,-0.001430739305180281,0.013348149873023307,0.016318802805989296,0.014948611312644619,True,True,False
2020-11-20,2020-07-01,0.0808135632175874,-0.00527117973137547,-0.0002922230720330376,-0.001442720023396721,0.08608474294896287,0.08110578628962044,0.08225628324098412,False,False,True
2020-11-21,2020-07-01,0.0779646668833902,0.0011020407428558481,-0.0008922980803047361,-0.0014588984176465603,0.07686262614053435,0.07885696496369493,0.07942356530103675,True,False,True
2020-11-22,2020-07-01,0.0156172714922009,0.008614944155607238,-0.00023716497112021416,-0.001477544371525515,0.007002327336593662,0.015854436463321114,0.017094815863726416,True,False,True
2020-11-23,2020-07-01,0.0902863358746233,0.011333957946689325,0.00014941930879442013,-0.001501078368501326,0.07895237792793397,0.09013691656582888,0.09178741424312463,True,True,True
2020-11-24,2020-07-01,-0.0074882803146703,0.001242240561905052,-0.0006464790716365801,-0.0015315755495354062,0.008730520876575353,0.00684180124303372,0.005956704765134894,False,True,False
2020-11-25,2020-07-01,-0.0549946074800331,0.0076534528364580745,0.00025529064246438766,-0.0015566866237549395,0.06264806031649117,0.05524989812249748,0.05343792085627816,False,False,False
2020-11-26,2020-07-01,-0.0909176663853871,0.008402701817556561,-5.21102125990509e-05,-0.0015711379257329413,0.09932036820294367,0.09086555617278805,0.08934652845965417,False,True,False
2020-11-27,2020-07-01,-0.0025201063807008,0.001690285257789618,-0.00034503506378364936,-0.0015663170004407252,0.004210391638490418,0.0021750713169171507,0.000953789380260075,False,True,False
2020-11-28,2020-07-01,0.0400702142814093,-0.0002884686856154386,-0.0010217536523352414,-0.0015677659212088948,0.04035868296702474,0.04109196793374454,0.04163798020261819,False,False,True
2020-11-29,2020-07-01,0.0697253467964611,-0.002610745365745883,-0.0006948269485024746,-0.0015692415217418265,0.07233609216220699,0.07042017374496358,0.07129458831820293,False,False,True
2020-11-30,2020-07-01,0.0678835010738645,-0.004719479062891465,-0.00046048978652193614,-0.0015794240486371124,0.07260298013675597,0.06834399086038644,0.06946292512250161,False,False,True
2020-12-01,2020-07-01,-0.0447567796155885,0.0029665598675089723,-0.00023689608078951668,-0.001594097761115485,0.047723339483097475,0.044519883534798986,0.043162681854473015,False,True,False
2020-12-02,2020-07-01,0.0187770213387712,-0.0020321806350073286,0.0003297753321067958,-0.0016025719823203309,0.02080920197377853,0.018447246006664406,0.02037959332109153,False,True,True
2020-12-03,2020-07-01,0.0306782184353293,0.00242713978900009,-0.0007010962674190164,-0.0016121606422143228,0.02825107864632921,0.031379314702748316,0.032290379077543625,True,False,True
2020-12-04,2020-07-01,-0.0767859284832894,0.0017247668145446847,-0.00046248277264900885,-0.0016203515403285192,0.07851069529783408,0.07632344571064038,0.07516557694296087,False,True,False
2020-12-05,2020-07-01,0.0478459148875909,0.00869163739056506,0.00022697917533894013,-0.0016253693350079198,0.03915427749702584,0.04761893571225196,0.04947128422259882,True,True,True
2020-12-06,2020-07-01,0.0089064331912647,-0.0011297474267915886,-0.0010999449638545368,-0.0016358862427931706,0.010036180618056289,0.010006378155119237,0.010542319434057871,False,False,True
2020-12-07,2020-07-01,-0.0167228149938393,-0.005049032546497523,-0.00022243136009246345,-0.0016440819427153309,0.011673782447341779,0.016500383633746837,0.01507873305112397,True,True,False
2020-12-08,2020-07-01,-0.0625429395915874,0.007948673277962686,-0.0001744292730028463,-0.0016467610396175881,0.07049161286955008,0.06236851031858455,0.060896178551969805,False,True,False
2020-12-09,2020-07-01,0.0336164997011099,-0.00021393917846875248,-0.0002267817864740931,-0.0016449416377669738,0.03383043887957865,0.033843281487584,0.035261441338876875,False,False,True
2020-12-10,2020-07-01,-0.0240646913190267,-0.0025684454108379695,-0.0009813676894178925,-0.001646271189950734,0.02149624590818873,0.02308332362960881,0.022418420129075967,True,True,False
2020-12-11,2020-07-01,-0.0248020316315354,0.000650398539229475,-0.00012595189544696984,-0.001639093465734907,0.025452430170764873,0.02467607973608843,0.023162938165800492,False,True,False
2020-12-12,2020-07-01,0.0417187037313706,0.00047539162273197875,-0.00038601551467383304,-0.0016229730200389397,0.04124331210863862,0.042104719246044434,0.04334167675140954,True,False,True
2020-12-13,2020-07-01,0.0371035854901455,-0.009098878876741486,-0.0008095295595291496,-0.0016074419021814867,0.04620246436688699,0.03791311504967465,0.038711027392326985,False,False,True
2020-12-14,2020-07-01,-0.0061934313089623,-0.0031933274470629888,-0.0003178219287417943,-0.0015829824361021528,0.0030001038618993115,0.005875609380220506,0.0046104488728601475,True,True,False
2020-12-15,2020-07-01,0.0057070949517077,0.0029968588798609127,-6.977408350873762e-05,-0.001558801615701771,0.002710236071846787,0.005776869035216438,0.007265896567409471,True,False,True
2020-12-16,2020-07-01,0.0794532768323783,0.004835713926610592,-0.00043481612698025544,-0.001541964972058562,0.07461756290576771,0.07988809295935854,0.08099524180443686,True,False,True
2020-12-17,2020-07-01,0.0105113562500893,0.0012397745401003892,-0.0007395131352975876,-0.0015447296546547988,0.00927158170998891,0.011250869385386887,0.012056085904744098,True,False,True
2020-12-18,2020-07-01,0.0185776479395487,0.012019289349175817,9.922650466263758e-05,-0.0015469660650929468,0.006558358590372881,0.01847842143488606,0.020124614004641644,True,True,True
2020-12-19,2020-07-01,0.0068507636572292,0.002416593586727607,-0.000317230636787623,-0.0015456687860719855,0.004434170070501594,0.0071679942940168235,0.008396432443301186,True,False,True
2020-12-20,2020-07-01,-0.03186280386564,-0.008454779667485384,-0.0003088999306741772,-0.0015359768641146523,0.023408024198154617,0.03155390393496582,0.030326827001525346,True,True,False
2020-12-21,2020-07-01,-0.0446081315524925,-0.005166033059445668,-0.00015892206058623466,-0.0015154267472717732,0.039442098493046834,0.04444920949190626,0.043092704805220726,True,True,False
2020-12-22,2020-07-01,0.0410553988407462,-0.004575371385891551,-0.00038089951555887654,-0.0014988871203465682,0.04563077022663775,0.04143629835630508,0.04255428596109277,False,False,True
2020-12-23,2020-07-01,-0.0805532804990381,-0.0031331985371625985,-0.0009170523024675703,-0.0014819394512734403,0.0774200819618755,0.07963622819657053,0.07907134104776466,True,True,False
2020-12-24,2020-07-01,0.0477846162211221,0.01060303537168161,0.000211813208488218,-0.0014553895177926621,0.037181580849440496,0.047572803012633884,0.049240005738914766,True,True,True
2020-12-25,2020-07-01,0.0242043068998456,0.002551551783089453,-0.0011005991703745546,-0.0014444281419073582,0.021652755116756146,0.025304906070220155,0.025648735041752958,True,False,True
2020-12-26,2020-07-01,0.0150462145354923,-0.011762791719765403,-0.00031653972755776573,-0.0014306557551487735,0.026809006255257704,0.015362754263050065,0.016476870290641075,False,False,True
2020-12-27,2020-07-01,0.073614158590699,0.0014126272251864217,-0.00022466110883901053,-0.0014209098565303128,0.07220153136551258,0.07383881969953801,0.07503506844722932,True,False,True
2020-12-28,2020-07-01,0.0699561139199806,-0.0007425939955712663,-0.0006425716260664341,-0.0014173609589579977,0.07069870791555187,0.07059868554604704,0.07137347487893861,False,False,True
2020-12-29,2020-07-01,0.0015372492130329,-0.00544106560614431,-0.00022239801187306826,-0.0014290937693414436,0.00697831481917721,0.0017596472249059682,0.0029663429823743436,False,False,True
2020-12-30,2020-07-01,0.0274754101424536,0.01290402012285446,0.0001545898390274758,-0.0014359543724322145,0.01457139001959914,0.027320820303426124,0.028911364514885813,True,True,True
2020-12-31,2020-07-01,-0.0183810581406915,0.004125398209966373,-0.00044048432001779405,-0.0014483904214967441,0.022506456350657872,0.017940573820673704,0.016932667719194754,False,True,False
2021-01-01,2021-01-01,-0.0100783650396739,0.010396883409568099,0.003822068225962153,-0.0005695925454238859,0.020475248449242,0.013900433265636053,0.009508772494250015,False,False,False
2021-01-02,2021-01-01,0.0604728663111917,0.007101563799952089,0.0025158789612785737,-0.0005880433893869815,0.05337130251123961,0.05795698734991312,0.06106090970057868,True,True,True
2021-01-03,2021-01-01,0.2594753293956862,-0.0031235247451866944,-0.000526400542966955,-0.000610210287776953,0.26259885414087286,0.2600017299386531,0.26008553968346315,False,False,True
2021-01-04,2021-01-01,0.0663504167438855,-0.004372940122901552,-0.010007128792362974,-0.0006774169930769859,0.07072335686678706,0.07635754553624848,0.06702783373696249,False,False,True
2021-01-05,2021-01-01,0.0574612317022096,0.0046053679144192165,0.0009123233213763615,-0.0007531456879588327,0.05285586378779038,0.056548908380833235,0.05821437739016843,True,True,True
2021-01-06,2021-01-01,0.0973686225551393,0.005565420338478764,-0.0009434414774932734,-0.0008224123330448739,0.09180320221666054,0.09831206403263257,0.09819103488818418,True,False,True
2021-01-07,2021-01-01,0.0153804412183933,0.012414498664536483,-0.0010015548279557265,-0.0009125480738395342,0.0029659425538568172,0.016381996046349025,0.016292989292232832,True,False,True
2021-01-08,2021-01-01,-0.0012082756724967,0.018482090410233593,0.0024287446218177362,-0.0009976988703222793,0.019690366082730292,0.003637020294314436,0.00021057680217442072,False,False,False
2021-01-09,2021-01-01,0.0464632083587148,0.014267429941032101,0.0024010331532444747,-0.0010756780627986628,0.0321957784176827,0.04406217520547032,0.047538886421513465,True,True,True
2021-01-10,2021-01-01,-0.0146990090603869,0.00730223420872446,0.00027616161491913083,-0.001175568020935068,0.02200124326911136,0.01497517067530603,0.013523441039451831,False,False,False
2021-01-11,2021-01-01,-0.1363452309284283,0.0009400992401018062,0.0034449667707586074,-0.0012850742387151234,0.1372853301685301,0.1397901976991869,0.13506015668971316,False,False,False
2021-01-12,2021-01-01,-0.0428482439504031,0.007061294369725037,0.008648307412862443,-0.0013526902024623999,0.049909538320128136,0.051496551363265544,0.0414955537479407,False,False,False
2021-01-13,2021-01-01,0.0836706124698987,0.0007331427625211338,0.0035688135351134914,-0.0014372220070834184,0.08293746970737756,0.08010179893478521,0.08510783447698211,True,True,True
2021-01-14,2021-01-01,0.0775719185228742,-0.006634340052378214,-0.0015817030531310315,-0.0015238837982406608,0.08420625857525242,0.07915362157600524,0.07909580232111486,False,False,True
2021-01-15,2021-01-01,-0.0382603252575471,0.0016057604552239947,-0.0011886316683131569,-0.0016113580210849146,0.039866085712771095,0.03707169358923394,0.03664896723646219,False,True,False
2021-01-16,2021-01-01,0.0526550446687277,0.0029692694479984336,0.004297192136566005,-0.001676182403033514,0.04968577522072927,0.048357852532161696,0.05433122707176122,True,True,True
2021-01-17,2021-01-01,-0.0027282155417935,-0.009465983328016523,-0.0005936600991597084,-0.001732667953464607,0.006737767786223023,0.0021345554426337914,0.0009955475883288928,True,True,False
2021-01-18,2021-01-01,0.02203536943575,0.015677515831062954,0.0035814480979924914,-0.0017748015763208056,0.006357853604687047,0.01845392133775751,0.023810171012070808,True,True,True
2021-01-19,2021-01-01,0.09545717838129,0.023160118468685452,0.0009125079470134404,-0.0018254983737670263,0.07229705991260454,0.09454467043427656,0.09728267675505703,True,True,True
2021-01-20,2021-01-01,0.0036144371152997,0.011622033107566713,-0.001864520102144811,-0.0018918673322648471,0.008007595992267013,0.005478957217444512,0.005506304447564547,True,False,True
2021-01-21,2021-01-01,-0.1886045139928692,0.014961291990542672,0.0027286255326334705,-0.001956076940240926,0.20356580598341187,0.19133313952550268,0.1866484370526283,False,False,False
2021-01-22,2021-01-01,0.1024824037765284,0.015436170159761078,0.011310375968150268,-0.001987084897284293,0.08704623361676732,0.09117202780837813,0.10446948867381269,True,True,True
2021-01-23,2021-01-01,-0.0044654686091367,-0.015368969779767474,-0.003921815200270873,-0.002022408175225523,0.010903501170630775,0.0005436534088658265,0.0024430604339111765,True,True,False
2021-01-24,2021-01-01,0.1304792858187624,0.008764698148255718,0.004383010474031551,-0.0019895161864700865,0.12171458767050668,0.12609627534473083,0.13246880200523248,True,True,True
2021-01-25,2021-01-01,-0.0482855183970897,-0.008573164971388636,-0.005587344145185337,-0.0019640395326831917,0.039712353425701064,0.042698174251904364,0.04632147886440651,True,True,False
2021-01-26,2021-01-01,0.0246473466409749,-0.010471220218066698,0.0063406838694738225,-0.0019148520009132286,0.0351185668590416,0.018306662771501076,0.026562198641888128,False,True,True
2021-01-27,2021-01-01,-0.0765412853444538,-0.01555303780174311,-0.00011324029583013309,-0.001840081871913973,0.06098824754271069,0.07642804504862366,0.07470120347253982,True,True,False
2021-01-28,2021-01-01,0.0632826906474497,0.01573284920865998,0.007348493981315273,-0.0017440795950648166,0.047549841438789715,0.05593419666613442,0.0650267702425145,True,True,True
2021-01-29,2021-01-01,0.0375466664028283,0.004558806957532225,-0.0018296298494883743,-0.0016640649725402578,0.03298785944529607,0.03937629625231667,0.039210731375368554,True,False,True
2021-01-30,2021-01-01,-0.004634533699547,0.008726602372206581,0.0016322825877332031,-0.0015759559280896817,0.013361136071753581,0.006266816287280203,0.003058577771457318,False,False,False
2021-01-31,2021-01-01,-0.0444216153479182,-0.008600040429109782,0.00198512315639683,-0.0014930461451292127,0.03582157491880841,0.04640673850431503,0.04292856920278899,True,False,False
2021-02-01,2021-01-01,0.0411063789416012,-0.014434746833526788,0.00470430752665343,-0.001452259438454853,0.055541125775127986,0.03640207141494777,0.04255863838005605,False,True,True
2021-02-02,2021-01-01,0.1067559325842295,-0.008437746627242207,5.0956155838899515e-05,-0.0014338722825871007,0.11519367921147171,0.1067049764283906,0.10818980486681659,False,True,True
2021-02-03,2021-01-01,0.0961697622237385,0.00430808197598601,-0.0022654183170285193,-0.0014117553031284245,0.0918616802477525,0.09843518054076703,0.09758151752686693,True,False,True
2021-02-04,2021-01-01,-0.0398256790981091,0.009809945791203308,-0.0019159054055208056,-0.0013870040715379989,0.049635624889312405,0.03790977369258829,0.0384386750265711,False,True,False
2021-02-05,2021-01-01,0.0776844002922163,0.0012412104832636058,0.004783526818949314,-0.001372165550406133,0.07644318980895269,0.07290087347326699,0.07905656584262243,True,True,True
2021-02-06,2021-01-01,-0.0237419231847745,-0.016501533409756856,-0.0018553745476583435,-0.0013585815760002616,0.007240389775017644,0.021886548637116157,0.022383341608774237,True,True,False
2021-02-07,2021-01-01,-0.0379170604181718,0.0154101976756917,0.004885222025486723,-0.0013430231997286258,0.053327258093863496,0.042802282443658524,0.03657403721844317,False,False,False
2021-02-08,2021-01-01,0.0820138517398312,0.021067083660535193,0.0034474473199869534,-0.0013152818082472694,0.060946768079296,0.07856640441984424,0.08332913354807847,True,True,True
2021-02-09,2021-01-01,0.0122626855699337,0.0037936084782480804,-0.0015583237787746714,-0.0012743022882424416,0.00846907709168562,0.013821009348708372,0.013536987858176142,True,False,True
2021-02-10,2021-01-01,-0.0134565353721065,0.00892107069156693,0.002387937922112282,-0.0012330924382414703,0.02237760606367343,0.015844473294218783,0.01222344293386503,False,False,False
2021-02-11,2021-01-01,0.0226772050527257,-0.013583808749123781,0.002524117285152862,-0.0012489435200345228,0.036261013801849484,0.02015308776757284,0.023926148572760222,False,True,True
2021-02-12,2021-01-01,0.0334873231294079,-0.006497114928703479,0.001408908954365496,-0.001239119266527841,0.03998443805811138,0.032078414175042404,0.03472644239593574,False,True,True
2021-02-13,2021-01-01,-0.0159599725047028,0.013933933867173755,0.0010070204905800063,-0.001239793458663928,0.029893906371876555,0.016966992995282808,0.014720179046038872,False,False,False
2021-02-14,2021-01-01,-0.0049753088380283,0.010839216135788617,0.003280094780245672,-0.0012067299302544975,0.015814524973816916,0.008255403618273972,0.003768578907773802,False,False,False
2021-02-15,2021-01-01,-0.0140121397834038,-0.01082768672428783,0.0023856191470697802,-0.0011881099340539077,0.0031844530591159693,0.01639775893047358,0.012824029849349893,True,False,False
2021-02-16,2021-01-01,0.0007172130023165,-0.0006758388982457875,0.003194205695157055,-0.0011657643568343914,0.0013930519005622877,0.002476992692840555,0.0018829773591508914,False,True,True
2021-02-17,2021-01-01,0.037837278421823,-0.0006819768911769517,0.0021212984807799625,-0.0011684964058758537,0.038519255312999955,0.03571597994104304,0.039005774827698854,False,True,True
2021-02-18,2021-01-01,0.0481433468691245,0.011018028960456712,0.0005781692668910007,-0.0011628375005675038,0.037125317908667785,0.0475651776022335,0.049306184369692,True,True,True
2021-02-19,2021-01-01,0.0117244756414987,0.01678326975910475,0.00021160301691080163,-0.0011583440261955572,0.005058794117606052,0.011512872624587897,0.012882819667694256,True,True,True
2021-02-20,2021-01-01,-0.0207282252032828,-0.00593297253751378,0.0019583081748199256,-0.0011560472041738414,0.01479525266576902,0.022686533378102725,0.01957217799910896,True,False,False
2021-02-21,2021-01-01,0.0083702690961926,0.0013446284431782893,0.003424364911288328,-0.001160357474003176,0.007025640653014311,0.0049459041849042725,0.009530626570195776,True,True,True
2021-02-22,2021-01-01,-0.0793594074434344,-0.0005982297132085922,0.0019319502985760248,-0.001160279927922828,0.0787611777302258,0.08129135774201042,0.07819912751551157,True,False,False
2021-02-23,2021-01-01,-0.1188494847886223,0.012492269566800865,0.0064758480639797444,-0.0011382818897660643,0.13134175435542317,0.12532533285260206,0.11771120289885623,False,False,False
2021-02-24,2021-01-01,0.0359008796550073,0.006129457756613941,0.007362005382494614,-0.001078352846694903,0.02977142189839336,0.02853887427251269,0.03697923250170221,True,True,True
2021-02-25,2021-01-01,-0.0927543364652123,-0.010268165817244138,-4.3297865905381986e-05,-0.0010404679596669048,0.08248617064796816,0.09271103859930692,0.0917138685055454,True,True,False
2021-02-26,2021-01-01,-0.0201056914301596,-0.010476268571750226,0.007359730457655818,-0.0009772672956386912,0.009629422858409375,0.02746542188781542,0.01912842413452091,True,False,False
2021-02-27,2021-01-01,0.0096397844724103,-0.002382867686965676,0.001802063322515774,-0.0009202440691219281,0.012022652159375976,0.007837721149894526,0.010560028541532228,False,True,True
2021-02-28,2021-01-01,-0.0300856180132272,-0.002677031928011099,0.00232240466892795,-0.0008754546192689445,0.0274085860852161,0.032408022682155146,0.029210163393958256,True,False,False
2021-03-01,2021-01-01,0.1049813224223257,-0.002772745439536901,0.0035463969293324485,-0.0008090584024377372,0.1077540678618626,0.10143492549299325,0.10579038082476344,False,True,True
2021-03-02,2021-01-01,-0.0460781778245346,-0.007401892207052651,-0.003121417616479756,-0.000751463081281362,0.038676285617481945,0.04295676020805484,0.045326714743253234,True,True,False
2021-03-03,2021-01-01,0.0557710679028686,-0.002020766386805474,0.00568702655462797,-0.0006786986932250183,0.05779183428967408,0.05008404134824063,0.05644976659609362,False,True,True
2021-03-04,2021-01-01,-0.0215368054986955,-0.010198832014318544,-0.0014266427074406804,-0.0006043577573814342,0.011337973484376956,0.02011016279125482,0.020932447741314066,True,True,False
2021-03-05,2021-01-01,-0.0056029587308161,0.01154644156919138,0.004634215222048724,-0.0005243610177518419,0.01714940030000748,0.010237173952864824,0.0050785977130642585,False,False,False
2021-03-06,2021-01-01,0.0792203295562015,0.0021007633570818123,0.0019236876649024,-0.00045547961373241743,0.07711956619911968,0.07729664189129909,0.07967580916993391,True,True,True
2021-03-07,2021-01-01,0.0413431513355728,0.001961045996764278,-0.0011856878851594695,-0.0003967405356338774,0.039382105338808523,0.04252883922073227,0.04173989187120668,True,False,True
2021-03-08,2021-01-01,0.0647499347552393,-5.9546001467797945e-05,0.0007720117371376267,-0.00035348444687946664,0.06480948075670709,0.06397792301810167,0.06510341920211876,False,True,True
2021-03-09,2021-01-01,0.0181612340204726,-0.002004484616597706,-0.000867243989679735,-0.0003207350962722433,0.020165718637070305,0.019028478010152335,0.018481969116744844,False,False,True
2021-03-10,2021-01-01,-0.0368740727342303,-0.0032686569874321985,0.0020791761387837977,-0.00028261795634911213,0.0336054157467981,0.0389532488730141,0.03659145477788119,True,False,False
2021-03-11,2021-01-01,0.0150228953976485,0.0004166743971087695,0.004197366357663011,-0.0002324776138537508,0.01460622100053973,0.01082552903998549,0.015255373011502251,True,True,True
2021-03-12,2021-01-01,-0.0296203477108477,0.0003342120282247323,0.0015057162682160603,-0.0001821110840726831,0.02995455973907243,0.03112606397906376,0.029438236626775017,False,False,False
2021-03-13,2021-01-01,0.0861028157003933,-0.0010326119781768946,0.0041604036642508245,-0.00011697335291725882,0.08713542767857019,0.08194241203614247,0.08621978905331056,False,True,True
2021-03-14,2021-01-01,-0.0364324958490895,-0.0061137192181393955,-0.0024316876391216953,-7.17681026094814e-05,0.030318776630950107,0.03400080820996781,0.03636072774648002,True,True,False
2021-03-15,2021-01-01,-0.0338958641090252,0.00819655399336443,0.005042847224941322,-4.4194718972673176e-05,0.04209241810238963,0.03893871133396652,0.03385166939005253,False,False,False
2021-03-16,2021-01-01,0.0085223597141907,-0.005376055147477405,0.003090178734420859,-5.360857894737559e-05,0.013898414861668104,0.005432180979769841,0.008575968293138076,False,True,True
2021-03-17,2021-01-01,0.009118868953279,0.0034185928040870047,0.0022794622258786885,-5.158591214336141e-05,0.0057002761491919945,0.006839406727400311,0.00917045486542236,True,True,True
2021-03-18,2021-01-01,-0.0222623340130677,0.007446570187689453,0.0019376439852936869,-7.600002228004455e-05,0.029708904200757155,0.024199977998361388,0.022186333990787656,False,False,False
2021-03-19,2021-01-01,0.0195018893679208,0.000573924970244141,0.0033864335023584876,-9.462509816961185e-05,0.018927964397676657,0.01611545586556231,0.01959651446609041,True,True,True
2021-03-20,2021-01-01,-0.0027450680414079,-0.002868740041632346,0.001125781508952171,-0.00011885847131480052,0.00012367200022444591,0.003870849550360071,0.0026262095700930995,True,False,False
2021-03-21,2021-01-01,-0.0134707800195068,0.0014026536928800903,0.0028064989390990387,-0.00015198669562400686,0.014873433712386891,0.01627727895860584,0.013318793323882794,False,False,False
2021-03-22,2021-01-01,-0.0541785781135381,0.005392158436067747,0.002802378028629203,-0.00016015603453818655,0.059570736549605846,0.056980956142167305,0.054018422078999914,False,False,False
2021-03-23,2021-01-01,-0.0074993100167096,0.011332910550397465,0.005043508928547703,-0.00016675001959423608,0.018832220567107066,0.012542818945257304,0.007332559997115364,False,False,False
2021-03-24,2021-01-01,-0.0507769260405154,0.008783033638607206,0.0022746681564608617,-0.00016318211760297922,0.0595599596791226,0.053051594196976255,0.050613743922912416,False,False,False
2021-03-25,2021-01-01,0.0012211524752892,0.0039891996334644984,0.004992115317119282,-0.00016604593832178467,0.0027680471581752984,0.0037709628418300823,0.0013871984136109847,True,True,True
2021-03-26,2021-01-01,0.0673721532554865,0.0018202567863770912,0.001598887443503868,-0.00017916359872179722,0.0655518964691094,0.06577326581198263,0.06755131685420829,True,True,True
2021-03-27,2021-01-01,0.0080175304354608,-0.005093849259945801,-0.0007431005527250342,-0.00017970319371750989,0.0131113796954066,0.008760630988185834,0.00819723362917831,False,False,True
2021-03-28,2021-01-01,-0.0146453542304518,-0.001770503277410346,0.0022218562765105327,-0.00017885311054971205,0.012874850953041453,0.016867210506962334,0.014466501119902088,True,False,False
2021-03-29,2021-01-01,0.0758734309940509,0.00028009737965431524,0.002856690853505029,-0.00015692530594846142,0.07559333361439659,0.07301674014054588,0.07603035629999937,True,True,True
2021-03-30,2021-01-01,0.0144798444796452,-0.008494016512149179,-0.001241481423440384,-0.00013746575245259256,0.02297386099179438,0.015721325903085583,0.014617310232097794,False,False,True
2021-03-31,2021-01-01,0.0391804166290852,0.008715812495138673,0.0024059813504913505,-0.00013839287513618817,0.03046460413394653,0.03677443527859385,0.03931880950422139,True,True,True
2021-04-01,2021-01-01,0.0307109883652931,0.003812869893836288,0.0001069414999533007,-0.00014291040482582417,0.02689811847145681,0.0306040468653398,0.030853898770118925,True,True,True
2021-04-02,2021-01-01,0.0839279183437409,0.004583607626510939,0.0014258017275478843,-0.00015898286659419718,0.07934431071722996,0.08250211661619301,0.0840869012103351,True,True,True
2021-04-03,2021-01-01,-0.0535655702037168,-0.0016627079326506844,-0.0017132031312103945,-0.00016936015403430838,0.051902862271066115,0.05185236707250641,0.053396210049682494,True,True,False
2021-04-04,2021-01-01,0.0318968646078672,0.0019830092276396103,0.0057504476393102,-0.00018358423463277467,0.02991385538022759,0.026146416968556997,0.03208044884249997,True,True,True
2021-04-05,2021-01-01,0.0070537687887148,-0.005235788802687199,-7.0356153135191744e-06,-0.00021058760749002593,0.012289557591402,0.00706080440402832,0.007264356396204826,False,False,True
2021-04-06,2021-01-01,0.0049773532396577,0.0012047269207154225,0.0029323418340636495,-0.0002359208550693635,0.003772626318942278,0.0020450114055940508,0.005213274094727063,True,True,True
2021-04-07,2021-01-01,-0.0695350748195203,0.004437683951349945,0.0016620172613764984,-0.00025807399941762607,0.07397275877087024,0.07119709208089679,0.06927700082010267,False,False,False
2021-04-08,2021-01-01,0.0596102759232095,0.004833978410290117,0.0059755125506563995,-0.00027368768547940604,0.05477629751291938,0.0536347633725531,0.0598839636086889,True,True,True
2021-04-09,2021-01-01,-0.0078832954325748,-0.014372786901618506,-0.0013003546023614208,-0.00029805428768985665,0.006489491469043705,0.00658294083021338,0.007585241144884944,True,True,False
2021-04-10,2021-01-01,0.030805935133171,0.004034292838490445,0.0036575683437229663,-0.00032701017926318023,0.026771642294680556,0.027148366789448035,0.03113294531243418,True,True,True
2021-04-11,2021-01-01,0.0101664007450605,-0.0026747383841642467,0.00010475771415429909,-0.000365961344791263,0.012841139129224747,0.010061643030906202,0.010532362089851763,False,True,True
2021-04-12,2021-01-01,-0.0084831421707054,0.00719153881401641,0.002493820000863679,-0.00041781097283270503,0.01567468098472181,0.010976962171569078,0.008065331197872696,False,False,False
2021-04-13,2021-01-01,0.0747115844712031,0.004469491356239906,0.00257890039000101,-0.0004707031386865549,0.0702420931149632,0.07213268408120209,0.07518228760988965,True,True,True
2021-04-14,2021-01-01,0.0591153274344402,0.006974642395317072,-0.0012022927748142668,-0.0005385373638092782,0.05214068503912313,0.06031762020925447,0.05965386479824948,True,False,True
2021-04-15,2021-01-01,0.0345000446151517,0.005460628380513197,0.00013474061905112888,-0.0006027145612667247,0.029039416234638505,0.03436530399610057,0.035102759176418426,True,True,True
2021-04-16,2021-01-01,-0.0346032776717094,0.007184335410761821,0.0007544845981695028,-0.0006607213450466899,0.04178761308247122,0.0353577622698789,0.03394255632666271,False,False,False
2021-04-17,2021-01-01,-0.0357949948666096,0.008521210989116113,0.004374227605945696,-0.0006998639660818366,0.04431620585572571,0.0401692224725553,0.035095130900527766,False,False,False
2021-04-18,2021-01-01,-0.045954320233136,0.004015795318615472,0.003916762439780603,-0.0007333576952000327,0.04997011555175147,0.04987108267291661,0.04522096253793597,False,False,False
2021-04-19,2021-01-01,-0.0317138572042666,0.007585294547741184,0.004648741068884836,-0.0007419646152823961,0.03929915175200779,0.036362598273151435,0.030971892588984206,False,False,False
2021-04-20,2021-01-01,0.0757192645447968,0.007189400956548832,0.0034642195332234916,-0.0007391004562597417,0.06852986358824797,0.0722550450115733,0.07645836500105654,True,True,True
2021-04-21,2021-01-01,0.0148230234990796,-0.0023765503360249083,-0.0016226593033560953,-0.0007474860839303321,0.01719957383510451,0.016445682802435694,0.015570509583009932,False,False,True
2021-04-22,2021-01-01,0.0164006424514995,-0.008106819291667419,0.0021091167207273193,-0.0007461618271589523,0.024507461743166918,0.014291525730772182,0.017146804278658452,False,True,True
2021-04-23,2021-01-01,-0.0166209237695126,-0.004863140497480203,0.0011404677704144142,-0.0007309649068103923,0.011757783272032396,0.017761391539927014,0.015889958862702207,True,False,False
2021-04-24,2021-01-01,-0.0642923242651851,-0.000558897420370074,0.0036165536504552155,-0.000726023221226488,0.06373342684481502,0.0679088779156403,0.0635663010439586,True,False,False
2021-04-25,2021-01-01,0.047220393740067,0.008735421096768042,0.005377915926380716,-0.0007017522364653713,0.03848497264329896,0.04184247781368629,0.04792214597653237,True,True,True
2021-04-26,2021-01-01,0.0943076430072797,0.002854615596212375,-0.00030758285560632563,-0.0006901899044722889,0.09145302741106733,0.09461522586288602,0.09499783291175198,True,False,True
2021-04-27,2021-01-01,0.0506547533786194,0.0017625401859295339,-0.0016951963895881082,-0.0006964857150241262,0.04889221319268986,0.052349949768207504,0.05135123909364352,True,False,True
2021-04-28,2021-01-01,0.0313627935428457,-0.003989641359986713,9.000130409342463e-05,-0.0007362237262292492,0.03535243490283241,0.031272792238752276,0.03209901726907495,False,True,True
2021-04-29,2021-01-01,0.0038220587415624,-0.004200745356207227,0.0009525307090247198,-0.00076825157981393,0.008022804097769627,0.0028695280325376805,0.00459031032137633,False,True,True
2021-04-30,2021-01-01,0.005923397526498,0.009319016396557758,0.0026365894400472204,-0.000798561176866094,0.003395618870059758,0.0032868080864507797,0.0067219587033640945,True,True,True
2021-05-01,2021-01-01,0.0622693470302462,0.007113495021958472,0.0022050983772758785,-0.0008231315985737652,0.05515585200828772,0.06006424865297032,0.06309247862881996,True,True,True
2021-05-02,2021-01-01,0.0020921772956372,0.008349830226064052,-0.0005248137759474129,-0.0008527771418714021,0.006257652930426853,0.0026169910715846127,0.002944954437508602,True,False,True
2021-05-03,2021-01-01,0.1622699584886129,0.002700136499662889,0.002691794470516599,-0.0008928340141530641,0.15956982198895,0.1595781640180963,0.16316279250276597,True,True,True
2021-05-04,2021-01-01,-0.0517202943076531,-0.009392095306173397,-0.005982585124046758,-0.0009392811891168178,0.0423281990014797,0.04573770918360634,0.05078101311853628,True,True,False
2021-05-05,2021-01-01,0.082724175361259,0.004802351740293859,0.006532969121392181,-0.0009543593745268009,0.07792182362096514,0.07619120623986683,0.0836785347357858,True,True,True
2021-05-06,2021-01-01,-0.0090561440178746,0.002065218077360217,-0.002982699330701348,-0.0009764597755182441,0.011121362095234816,0.006073444687173251,0.008079684242356356,False,True,False
2021-05-07,2021-01-01,-0.0017621248893077,0.008411392246976632,0.004576894431989701,-0.0010066943362447363,0.010173517136284333,0.006339019321297401,0.0007554305530629638,False,False,False
2021-05-08,2021-01-01,0.1199286087105779,0.008747800023824677,0.0016032299007382072,-0.001043188177287388,0.11118080868675322,0.11832537880983969,0.12097179688786529,True,True,True
2021-05-09,2021-01-01,0.0067126278014506,0.007230114418805327,-0.0030363355150403444,-0.0011157331931901163,0.0005174866173547274,0.009748963316490944,0.007828360994640716,True,False,True
2021-05-10,2021-01-01,0.0059684768378507,0.0007363779554351309,0.002819861708971129,-0.0011944833836144057,0.005232098882415569,0.0031486151288795707,0.007162960221465105,True,True,True
2021-05-11,2021-01-01,0.0547548410004177,0.003178416564206617,0.0015755851014337397,-0.0012532219694593918,0.051576424436211084,0.05317925589898396,0.05600806296987709,True,True,True
2021-05-12,2021-01-01,-0.091839765739385,-0.003502525022612643,0.00016871257508278403,-0.0013124885166211242,0.08833724071677236,0.09200847831446779,0.09052727722276388,True,False,False
2021-05-13,2021-01-01,-0.0186748605582725,0.010921635832707418,0.007373267271529562,-0.0013456742090224697,0.029596496390979915,0.02604812782980206,0.017329186349250028,False,False,False
2021-05-14,2021-01-01,0.0979527310062897,0.005166590553513904,0.002251759639014251,-0.0013739749115267287,0.0927861404527758,0.09570097136727546,0.09932670591781644,True,True,True
2021-05-15,2021-01-01,-0.1080973525030406,0.0051076144826270806,-0.0019659450076816147,-0.0014337726628300678,0.11320496698566768,0.10613140749535899,0.10666357984021053,False,True,False
2021-05-16,2021-01-01,-0.0139126631318687,0.014308014701414669,0.008126891804726893,-0.0014660175477417931,0.02822067783328337,0.022039554936595596,0.012446645584126908,False,False,False
2021-05-17,2021-01-01,-0.0850474925014078,-0.002497989851217493,0.0015108743851003457,-0.001474960650538163,0.08254950265019032,0.08655836688650816,0.08357253185086964,True,False,False
2021-05-18,2021-01-01,0.0297564073756642,0.002186625539043554,0.0074087974567454105,-0.0014565171336051552,0.027569781836620646,0.02234760991891879,0.031212924509269355,True,True,True
2021-05-19,2021-01-01,-0.2720034941722024,-0.007771104679479675,-0.0002994241976127612,-0.0014412617897845877,0.2642323894927227,0.2717040699745896,0.2705622323824178,True,True,False
2021-05-20,2021-01-01,0.1315144982479312,0.01577103845633326,0.016432185337847505,-0.001385011242226712,0.11574345979159795,0.11508231291008371,0.1328995094901579,True,True,True
2021-05-21,2021-01-01,-0.1270242393573958,-0.019541764602864324,-0.007116820234100631,-0.0013458693875920311,0.10748247475453146,0.11990741912329517,0.12567836996980375,True,True,False
2021-05-22,2021-01-01,-0.0555067008510092,0.01926312748821595,0.011303391671337317,-0.0012779723253914153,0.07476982833922516,0.06681009252234651,0.05422872852561778,False,False,False
2021-05-23,2021-01-01,-0.0810756114135492,-0.018382540062545385,0.0019028272862447978,-0.0012111581994282154,0.06269307135100381,0.082978438699794,0.07986445321412099,True,False,False
2021-05-24,2021-01-01,0.2531362984543515,-0.0010258468383921265,0.007354062257977615,-0.0010869995688700428,0.2541621452927436,0.24578223619637388,0.2542232980232215,False,True,True
2021-05-25,2021-01-01,0.0238455344491472,-0.025655999127160916,-0.011383243784491763,-0.0010074560871392306,0.04950153357630811,0.035228778233638965,0.02485299053628643,False,False,True
2021-05-26,2021-01-01,0.0672681148857623,0.01005308379696748,0.0037684308636667403,-0.0009078404241144902,0.05721503108879482,0.06349968402209556,0.06817595530987679,True,True,True
2021-05-27,2021-01-01,-0.052691616288219,-0.005000917573846618,-0.0025582942319067946,-0.0008212074490536723,0.047690698714372384,0.050133322056312206,0.05187040883916533,True,True,False
2021-05-28,2021-01-01,-0.115689239130076,0.013907670537466213,0.006743257084518216,-0.0007226457746443222,0.12959690966754223,0.12243249621459422,0.11496659335543168,False,False,False
2021-05-29,2021-01-01,-0.0580155077676046,0.0012635112030611908,0.007209095705503361,-0.0005768671481307535,0.05927901897066579,0.06522460347310796,0.057438640619473846,False,False,False
2021-05-30,2021-01-01,0.0486030144941196,0.010506229802948141,0.0050343754043901,-0.00042167786717966615,0.03809678469117146,0.0435686390897295,0.04902469236129926,True,True,True
2021-05-31,2021-01-01,0.1358152351044477,-0.013518648354625786,-0.0004574514957416628,-0.00027296397033468715,0.1493338834590735,0.13627268660018937,0.1360881990747824,False,False,True
2021-06-01,2021-01-01,-0.0299921333878157,-0.02652967160852643,-0.0042798648017010645,-0.0001234478357408784,0.003462461779289272,0.025712268586114636,0.029868685552074822,True,True,False
2021-06-02,2021-01-01,0.0275702238949109,-0.0019161747951345507,0.0043399998771985575,-3.915264945000034e-06,0.029486398690045452,0.023230224017712343,0.0275741391598559,False,True,False
2021-06-03,2021-01-01,0.0550608212273084,-0.021906340537562675,0.00029181170782388187,9.919635686218908e-05,0.07696716176487108,0.05476900951948452,0.05496162487044621,False,True,False
2021-06-04,2021-01-01,-0.058467251289869,0.002656747966432462,0.0007129329213914446,0.00022103912959540458,0.061123999256301464,0.05918018421126044,0.058688290419464405,False,False,True
2021-06-05,2021-01-01,-0.0214337734417706,0.014258806092822958,0.00544981361346451,0.0003099947100978713,0.03569257953459356,0.02688358705523511,0.02174376815186847,False,False,True
2021-06-06,2021-01-01,0.032128263957071,0.0008307257531455064,0.002857011170205782,0.0004003028812521632,0.031297538203925494,0.02927125278686522,0.031727961075818836,True,True,False
2021-06-07,2021-01-01,-0.0459761784440635,-0.020291857558580425,0.000956587614141028,0.00046169462202052056,0.025684320885483076,0.046932766058204525,0.046437873066084025,True,False,True
2021-06-08,2021-01-01,-0.0281146963566797,0.012269747568478736,0.004723858919131428,0.0005416388941006413,0.040384443925158435,0.03283855527581113,0.028656335250780342,False,False,True
2021-06-09,2021-01-01,0.036079674310903,-0.007233002463568483,0.0030714130925335774,0.0005475285619898158,0.04331267677447148,0.03300826121836942,0.03553214574891318,False,True,False
2021-06-10,2021-01-01,-0.0524288849438505,0.00842885156864072,0.0007116763868052058,0.0005713474747888721,0.06085773651249122,0.05314056133065571,0.053000232418639374,False,False,True
2021-06-11,2021-01-01,-0.0476426752435461,0.01075885576683552,0.00513461976589929,0.0005710608103373621,0.05840153101038162,0.05277729500944539,0.04821373605388347,False,False,True
2021-06-12,2021-01-01,0.0079513230786272,0.0038910200299248038,0.003960653822570002,0.0005645033495804694,0.004060303048702396,0.003990669256057198,0.00738681972904673,True,True,False
2021-06-13,2021-01-01,0.0572847720282667,-0.011935175785881066,0.0019853386984378975,0.0005419688694245374,0.06921994781414777,0.0552994333298288,0.05674280315884216,False,True,False
2021-06-14,2021-01-01,0.0117603294877779,-0.0001627359971478323,-0.00047169962315811616,0.000562778928621993,0.011923065484925732,0.012232029110936016,0.011197550559155906,False,False,False
2021-06-15,2021-01-01,0.0287820284781383,0.010553754739940703,0.0020617022395796386,0.0005841296776874835,0.018228273738197596,0.02672032623855866,0.028197898800450816,True,True,False
2021-06-16,2021-01-01,-0.0931746782918195,-0.008420334724940755,0.0007600429329485054,0.0006104468741290778,0.08475434356687875,0.093934721224768,0.09378512516594857,True,False,True
2021-06-17,2021-01-01,0.0018323460112703,0.01948497641940147,0.007419810613150496,0.0006334571979134063,0.01765263040813117,0.005587464601880196,0.0011988888133568935,True,True,False
2021-06-18,2021-01-01,-0.0591351953329243,-9.4685314922273e-05,0.001344235277080265,0.0006263330742359909,0.05904051001800203,0.06047943061000457,0.05976152840716029,True,False,True
2021-06-19,2021-01-01,-0.02385326881795,0.029360716398893625,0.0059644926628542455,0.0006145872561335029,0.053213985216843625,0.029817761480804245,0.024467856074083503,False,False,True
2021-06-20,2021-01-01,0.031152402542067,-0.0025663060519993987,0.0024381931251563444,0.0006149753884896941,0.0337187085940664,0.028714209416910656,0.030537427153577306,False,True,False
2021-06-21,2021-01-01,-0.1593316631723415,-0.007548253824651857,0.000903856445454568,0.0006347217166851547,0.15178340934768964,0.16023551961779606,0.15996638488902665,True,False,True
2021-06-22,2021-01-01,-0.0071473718245484,-0.02236558468750164,0.010187438263370275,0.0006680012434365129,0.01521821286295324,0.017334810087918675,0.007815373067984913,True,False,True
2021-06-23,2021-01-01,0.0612209661051521,-0.019728875910145622,0.0011255833592936912,0.0006944151424799466,0.08094984201529772,0.060095382745858406,0.06052655096267215,False,True,False
2021-06-24,2021-01-01,-0.0006433160408149,-0.006436741600232486,0.0001957623635045879,0.0007334853751022969,0.0057934255594175865,0.0008390784043194879,0.001376801415917197,True,False,True
2021-06-25,2021-01-01,-0.0881281694624871,0.018921357843403593,0.0022056337541598043,0.0007498371909317313,0.1070495273058907,0.0903338032166469,0.08887800665341883,False,False,True
2021-06-26,2021-01-01,0.0088362121778853,0.0024729280749513907,0.006374563609743625,0.000772963268601047,0.006363284102933909,0.0024616485681416746,0.008063248909284252,True,True,False
2021-06-27,2021-01-01,0.0818129147779052,-0.013184373559568844,0.001364416980642601,0.0008037614417309985,0.09499728833747405,0.0804484977972626,0.0810091533361742,False,True,False
2021-06-28,2021-01-01,0.050918737495069,0.0008281885705584642,-0.001082703234519615,0.0008008397807061897,0.050090548924510536,0.052001440729588615,0.05011789771436281,True,False,False
2021-06-29,2021-01-01,0.0390020188354991,-0.0074132621982858915,8.558936368841235e-05,0.0007835290235524376,0.04641528103378499,0.03891642947181069,0.038218489811946664,False,True,False
2021-06-30,2021-01-01,0.0526568703917187,0.005114693503895443,0.0005251628717771832,0.0007685688257860267,0.04754217688782326,0.05213170751994152,0.051888301565932674,True,True,False
2021-07-01,2021-07-01,-0.0707578676949732,0.0009501784284331851,0.004792732697902298,0.0014160202366680483,0.0717080461234064,0.0755506003928755,0.07217388793164126,False,False,True
2021-07-02,2021-07-01,0.0172382287005874,0.004238528426886096,0.00740438737036219,0.0014091062287111154,0.012999700273701302,0.009833841330225208,0.015829122471876282,True,True,False
2021-07-03,2021-07-01,0.0353825810631045,-0.0008031202812090724,0.005484262450807327,0.0014024180808216904,0.03618570134431357,0.02989831861229717,0.033980162982282805,False,True,False
2021-07-04,2021-07-01,0.0429492165308718,0.005188047440861369,0.005148620905774889,0.00139468990837813,0.037761169090010434,0.03780059562509691,0.041554526622493676,True,True,False
2021-07-05,2021-07-01,-0.053038860407105,-0.0070961958260072735,0.004996509821998601,0.001389398663205203,0.04594266458109773,0.0580353702291036,0.05442825907031021,True,False,True
2021-07-06,2021-07-01,0.057353737104673,-3.5267011545444355e-05,0.007025769073659181,0.001387767266791879,0.057389004116218445,0.05032796803101382,0.05596596983788112,False,True,False
2021-07-07,2021-07-01,-0.0040941464648761,-0.012417416287188725,0.004646957262563317,0.0013812383994599381,0.008323269822312625,0.008741103727439418,0.005475384864336038,True,False,True
2021-07-08,2021-07-01,-0.0842858985270649,0.004883729599126308,0.006001834869145896,0.0013740584924432587,0.08916962812619121,0.0902877333962108,0.08565995701950817,False,False,True
2021-07-09,2021-07-01,0.0125781528181538,0.02048090533427983,0.007660761152181915,0.0013738447080414934,0.00790275251612603,0.004917391665971885,0.011204308110112308,True,True,False
2021-07-10,2021-07-01,-0.0164386936115835,4.113106002311324e-05,0.005576980221487728,0.0013694194825665386,0.016479824671606615,0.02201567383307123,0.01780811309415004,False,False,True
2021-07-11,2021-07-01,0.0133850444057908,-0.00197355351817278,0.006240213007570937,0.0013698937769375228,0.01535859792396358,0.007144831398219864,0.012015150628853277,False,True,False
2021-07-12,2021-07-01,-0.0481120808410068,0.00010442744273634632,0.005594243343814152,0.001362901465205198,0.048216508283743145,0.05370632418482095,0.049474982306212,False,False,True
2021-07-13,2021-07-01,-0.0474473831571082,0.0006022456689003077,0.0069078294862488215,0.0013586165784509367,0.0480496288260085,0.05435521264335702,0.04880599973555914,False,False,True
2021-07-14,2021-07-01,0.0279613227520152,0.003243835825692376,0.006861839641164092,0.0013539231704575833,0.024717486926322824,0.02109948311085111,0.02660739958155762,True,True,False
2021-07-15,2021-07-01,-0.0416960009088259,0.014057910372414672,0.0052719950642745655,0.0013478175112138007,0.055753911281240576,0.04696799597310047,0.0430438184200397,False,False,True
2021-07-16,2021-07-01,-0.0161119279965044,0.004163634016033883,0.0067804294125413025,0.0013372231800708556,0.020275562012538283,0.022892357409045702,0.017449151176575257,False,False,True
2021-07-17,2021-07-01,0.0098077154408986,-0.0006891531892554094,0.006203598017997029,0.0013286075284608084,0.01049686863015401,0.003604117422901572,0.008479107912437792,False,True,False
2021-07-18,2021-07-01,-0.0017237349162748,-0.0002486416095837873,0.0056709482581825885,0.0013259186132435253,0.0014750933066910127,0.007394683174457389,0.0030496535295183253,True,False,True
2021-07-19,2021-07-01,-0.0412837463936153,0.006936801212336111,0.005926977898964867,0.0013268778048631175,0.04822054760595142,0.04721072429258017,0.04261062419847842,False,False,True
2021-07-20,2021-07-01,-0.0163902183969766,0.0007925467230090379,0.006755489940264459,0.0013299537039440715,0.017182765119985635,0.02314570833724106,0.01772017210092067,False,False,True
2021-07-21,2021-07-01,0.1138231386284283,-0.004531635710197521,0.006210189181329123,0.0013333494583736036,0.11835477433862582,0.10761294944709918,0.1124897891700547,False,True,False
2021-07-22,2021-07-01,0.0171935887560743,-0.00024587354720331084,0.003475638924759938,0.0013305613395595297,0.01743946230327761,0.013717949831314361,0.01586302741651477,False,True,False
2021-07-23,2021-07-01,0.049167349840369,0.008628056914846534,0.005580712397483564,0.0013274470575805756,0.04053929292552247,0.04358663744288544,0.04783990278278843,True,True,False
2021-07-24,2021-07-01,0.0303289006139777,-7.194321867935336e-05,0.004854156979662395,0.0013232691118250527,0.030400843832657055,0.025474743634315306,0.02900563150215265,False,True,False
2021-07-25,2021-07-01,0.0009843828063664,0.00263857875290421,0.005269784791165847,0.001321933359881696,0.0016541959465378097,0.004285401984799446,0.00033755055351529593,True,True,False
2021-07-26,2021-07-01,0.0191628285044775,-0.003320502198149015,0.005878777240434347,0.0013180544603328417,0.022483330702626515,0.013284051264043154,0.01784477404414466,False,True,False
2021-07-27,2021-07-01,0.0290891759502485,-0.0031643871290851387,0.005480637030713513,0.0013158255485414669,0.032253563079333636,0.023608538919534988,0.027773350401707034,False,True,False
2021-07-28,2021-07-01,-0.0007779923760146,0.004960733943473923,0.005280982463363332,0.0013135105877503245,0.005738726319488524,0.006058974839377932,0.0020915029637649245,False,False,True
2021-07-29,2021-07-01,0.036755805733178,0.0014810213489348757,0.0059160348723937845,0.0013070498233671102,0.03527478438424313,0.030839770860784217,0.03544875590981089,True,True,False
2021-07-30,2021-07-01,0.0361218813955417,-0.0031513438867730743,0.005108541567438911,0.0012990638622650751,0.03927322528231477,0.03101333982810279,0.03482281753327662,False,True,False
2021-07-31,2021-07-01,0.0280703761447425,0.0017921866854456166,0.005141610692148115,0.0012901696897538709,0.026278189459296882,0.022928765452594386,0.02678020645498863,True,True,False
2021-08-01,2021-07-01,0.0101103971038232,0.0017893138072984374,0.0053104624476525775,0.0012820708797037382,0.008321083296524763,0.004799934656170623,0.008828326224119462,True,True,False
2021-08-02,2021-07-01,0.0188540433146873,0.003471799763381373,0.005685397527915833,0.0012708773881557754,0.015382243551305928,0.013168645786771469,0.017583165926531526,True,True,False
2021-08-03,2021-07-01,-0.0413016776058937,0.005827896354616085,0.0054918547438206015,0.0012552658971505316,0.047129573960509784,0.0467935323497143,0.04255694350304423,False,False,False
2021-08-04,2021-07-01,0.0888246242008488,0.003968270345320107,0.006766185829293986,0.0012423189846426641,0.0848563538555287,0.08205843837155481,0.08758230521620614,True,True,True
2021-08-05,2021-07-01,0.0376966289466806,0.0036019940823097266,0.0039892525616587095,0.0012233147464098587,0.03409463486437087,0.03370737638502189,0.03647331420027074,True,True,True
2021-08-06,2021-07-01,0.0224992550130005,0.013215847098548837,0.005135710564470092,0.0012046361863140337,0.009283407914451662,0.01736354444853041,0.021294618826686467,True,True,True
2021-08-07,2021-07-01,0.0921143182203774,0.0033707336987023866,0.0054278390386490625,0.001185627052807087,0.08874358452167501,0.08668647918172834,0.09092869116757031,True,True,True
2021-08-08,2021-07-01,-0.0454530410878398,0.006700703231702139,0.003951930498260389,0.001164526676694165,0.052153744319541936,0.04940497158610019,0.04661756776453396,False,False,False
2021-08-09,2021-07-01,0.0511404136452529,0.018584659154885167,0.00689077788236824,0.0011443916851591165,0.03255575449036774,0.04424963576288466,0.049996021960093784,True,True,True
2021-08-10,2021-07-01,-0.0082595412799422,0.00424863951718966,0.004780915904772811,0.0011210821857118556,0.012508180797131861,0.01304045718471501,0.009380623465654056,False,False,False
2021-08-11,2021-07-01,0.0071789217699496,0.011718913972569033,0.006086363529911266,0.001107201355976514,0.004539992202619433,0.0010925582400383342,0.006071720413973086,True,True,True
2021-08-12,2021-07-01,-0.0381862991240937,0.006634805577199977,0.005728438952765533,0.0010942884734809295,0.044821104701293676,0.043914738076859236,0.03928058759757463,False,False,False
2021-08-13,2021-07-01,0.0916067729171554,-0.00041089881407433467,0.006694921693482602,0.0010842345534146133,0.09201767173122972,0.0849118512236728,0.09052253836374079,False,True,True
2021-08-14,2021-07-01,-0.0170875056098427,-0.006022180724003367,0.0039323639095239175,0.0010724535090428954,0.011065324885839334,0.021019869519366616,0.018159959118885596,True,False,False
2021-08-15,2021-07-01,0.0137992872809313,0.01614604315953372,0.006293257088302046,0.0010635439944059397,0.002346755878602419,0.007506030192629253,0.01273574328652536,True,True,True
2021-08-16,2021-07-01,-0.0465169720110694,0.0019352446272416922,0.005583513883241321,0.0010550917039508728,0.04845221663831109,0.05210048589431072,0.04757206371502027,False,False,False
2021-08-17,2021-07-01,-0.0448798184369586,0.013927801131882965,0.006874261912209656,0.001048479554525884,0.05880761956884157,0.05175408034916826,0.045928297991484485,False,False,False
2021-08-18,2021-07-01,0.0017393580222999,0.0028212047266322074,0.00680834534646524,0.0010425112625318171,0.0010818467043323073,0.005068987324165339,0.000696846759768083,True,True,True
2021-08-19,2021-07-01,0.0538435321796872,-0.0049186977857783335,0.005826634162228703,0.0010375637615671588,0.05876222996546553,0.048016898017458495,0.05280596841812004,False,True,True
2021-08-20,2021-07-01,0.0327498928380862,-0.000494100029220466,0.0047507625370530205,0.001031537257315552,0.033243992867306664,0.02799913030103318,0.03171835558077065,False,True,True
2021-08-21,2021-07-01,-0.0185130867372879,0.004109621672565361,0.005221577454593371,0.0010276160095571646,0.02262270840985326,0.02373466419188127,0.019540702746845065,False,False,False
2021-08-22,2021-07-01,0.0049693356460249,-0.0021506456997327584,0.006291591487634578,0.0010246003381164358,0.007119981345757659,0.0013222558416096774,0.003944735307908465,False,True,True
2021-08-23,2021-07-01,0.0237936761396431,0.009482538076075877,0.0057702600894946445,0.0010216988786796554,0.014311138063567222,0.018023416050148455,0.022771977260963444,True,True,True
2021-08-24,2021-07-01,-0.0442270698085082,0.006427012385976775,0.005385924635512962,0.001014781522973982,0.05065408219448497,0.04961299444402116,0.04524185133148218,False,False,False
2021-08-25,2021-07-01,0.0165357626500253,0.006740429529092053,0.006830593897789507,0.0010153996485933394,0.009795333120933246,0.009705168752235793,0.015520363001431961,True,True,True
2021-08-26,2021-07-01,-0.0386335245452562,0.004166307849418698,0.005513295287778168,0.0010163009622544748,0.04279983239467489,0.04414681983303437,0.03964982550751067,False,False,False
2021-08-27,2021-07-01,0.0549217796487311,-0.008614072358837738,0.00670984299524339,0.0010198950691333642,0.06353585200756884,0.04821193665348771,0.053901884579597735,False,True,True
2021-08-28,2021-07-01,-0.0080099991184185,-0.009281120674582418,0.004706212286575187,0.0010290180825140707,0.0012711215561639188,0.012716211404993686,0.009039017200932569,True,False,False
2021-08-29,2021-07-01,-0.0053632773264296,0.004511556473780326,0.006083059634220256,0.0010351034738239292,0.009874833800209926,0.011446336960649856,0.006398380800253529,False,False,False
2021-08-30,2021-07-01,-0.000814507524435,0.004064904484955918,0.005993281833913877,0.0010446904834777058,0.004879412009390917,0.0068077893583488765,0.001859198007912706,False,False,False
2021-08-31,2021-07-01,0.0649299309148601,0.00022452753251711783,0.005899864620223636,0.0010533602228655875,0.06470540338234299,0.05903006629463647,0.06387657069199451,True,True,True
2021-09-01,2021-07-01,0.1168103338253734,0.006010764469278412,0.004514626610960345,0.001061122320794689,0.11079956935609499,0.11229570721441305,0.1157492115045787,True,True,True
2021-09-02,2021-07-01,-0.011431577462321,-0.008413492634296343,0.003453182696838353,0.0010631521977631636,0.0030180848280246565,0.014884760159159353,0.012494729660084162,True,False,False
2021-09-03,2021-07-01,0.0394685177868603,0.004392142294791123,0.006184648109933533,0.0010704093630861042,0.03507637549206918,0.033283869676926765,0.038398108423774197,True,True,True
2021-09-04,2021-07-01,-0.0133954675486739,0.002595399652179955,0.005044076776423353,0.0010756414033908184,0.015990867200853853,0.018439544325097253,0.014471108952064717,False,False,False
2021-09-05,2021-07-01,0.0165401272061462,0.0026084648576608655,0.006188065550324687,0.0010823528945130183,0.013931662348485334,0.010352061655821511,0.015457774311633182,True,True,True
2021-09-06,2021-07-01,-0.0060104624807395,0.008732124916665926,0.0055284355371119365,0.001085270142482798,0.014742587397405426,0.011538898017851436,0.007095732623222298,False,False,False
2021-09-07,2021-07-01,-0.1277842736169259,0.008777634904694343,0.006020720065945967,0.001085805473810853,0.13656190852162026,0.13380499368287188,0.12887007909073675,False,False,False
2021-09-08,2021-07-01,0.0206984055233558,0.006546254139981429,0.00857854680076335,0.001091879199823688,0.01415215138337437,0.012119858722592448,0.01960652632353211,True,True,True
2021-09-09,2021-07-01,-0.0200082331570889,-0.010086994062309031,0.005383503876563444,0.0011002601033668503,0.00992123909477987,0.025391737033652346,0.021108493260455753,True,False,False
2021-09-10,2021-07-01,-0.0629742666268234,-0.002586925925758392,0.006320599812562294,0.0011093233545970646,0.06038734070106501,0.06929486643938569,0.06408358998142047,True,False,False
2021-09-11,2021-07-01,0.0183005167576786,-0.0035758845029583604,0.007203791446676058,0.0011189475113070873,0.02187640126063696,0.011096725311002541,0.017181569246371514,False,True,True
2021-09-12,2021-07-01,0.0427659183882653,-0.007209247615710433,0.005467522964960683,0.0011273727079202285,0.04997516600397574,0.03729839542330462,0.04163854568034507,False,True,True
2021-09-13,2021-07-01,-0.036544834800279,0.0063724901978106365,0.0049933446446427535,0.0011351756981322206,0.04291732499808964,0.041538179444921754,0.03768001049841122,False,False,False
2021-09-14,2021-07-01,0.0437246831793467,0.011651717784009273,0.006677991064155904,0.0011415285746758047,0.032072965395337424,0.037046692115190794,0.042583154604670895,True,True,True
2021-09-15,2021-07-01,0.0542734990099231,0.0007322311044077893,0.004943094236213499,0.0011470114442825154,0.05354126790551531,0.049330404773709605,0.05312648756564058,True,True,True
2021-09-16,2021-07-01,-0.0121671792881213,0.007872368489733878,0.004762822517277314,0.0011481077308373344,0.020039547777855177,0.016930001805398612,0.013315287018958634,False,False,False
2021-09-17,2021-07-01,-0.0483735192121642,0.00915929620516554,0.006168756367893716,0.0011524308583364044,0.05753281541732974,0.05454227558005792,0.049525950070500604,False,False,False
2021-09-18,2021-07-01,0.0098511430873289,0.0052196964683393346,0.006898820830120068,0.0011572482753834602,0.004631446618989566,0.0029523222572088326,0.00869389481194544,True,True,True
2021-09-19,2021-07-01,-0.0298862952405565,0.0020059141837105244,0.005652872400578498,0.0011607977415028267,0.03189220942426702,0.035539167641134996,0.031047092982059325,False,False,False
2021-09-20,2021-07-01,-0.1112660687480526,0.0030801537387762476,0.00652189591046612,0.0011647179855530602,0.11434622248682885,0.11778796465851872,0.11243078673360567,False,False,False
2021-09-21,2021-07-01,-0.0657528520746265,-0.0013798403347105466,0.008218028761173272,0.001175241191481837,0.06437301173991596,0.07397088083579978,0.06692809326610834,True,False,False
2021-09-22,2021-07-01,0.1133820125389579,-0.0035470637260367243,0.007216902996186788,0.0011937080187795482,0.11692907626499462,0.10616510954277111,0.11218830452017835,False,True,True
2021-09-23,2021-07-01,0.0252303749670717,-0.020661199752030946,0.0034612643881146666,0.0012091961670429709,0.04589157471910264,0.021769110578957033,0.024021178800028728,False,True,True
2021-09-24,2021-07-01,-0.0709405204245252,-0.001936576874481825,0.005411991472013371,0.0012247771028280794,0.06900394355004337,0.07635251189653858,0.07216529752735328,True,False,False
2021-09-25,2021-07-01,-0.0020819250845074,0.0005764216197148904,0.007393136060713972,0.0012408986134972056,0.0026583467042222905,0.009475061145221371,0.0033228236980046054,False,False,False
2021-09-26,2021-07-01,0.0467259061227558,-0.004674031056981931,0.005892565015607663,0.0012576862191146538,0.05139993717973773,0.04083334110714814,0.04546821990364115,False,True,False
2021-09-27,2021-07-01,-0.0418404184185348,0.0077850641388302385,0.004899398092596369,0.001271054550129895,0.04962548255736504,0.04673981651113117,0.043111472968664695,False,False,True
2021-09-28,2021-07-01,-0.0432298158972288,0.012826892867652947,0.006792102140274376,0.0012784973311550114,0.05605670876488175,0.05002191803750318,0.04450831322838381,False,False,True
2021-09-29,2021-07-01,0.0163312559077397,-0.006283649882990345,0.006775397022248112,0.0012873802202905196,0.022614905790730045,0.009555858885491587,0.01504387568744918,False,True,False
2021-09-30,2021-07-01,0.0520603518169509,-0.003979873189277058,0.005519404031028684,0.0012948735709066529,0.05604022500622796,0.046540947785922215,0.05076547824604425,False,True,False
2021-10-01,2021-07-01,0.101888697219175,0.0028999908707487204,0.004795757835382952,0.0012972620561811914,0.09898870634842628,0.09709293938379204,0.1005914351629938,True,True,False
2021-10-02,2021-07-01,0.0254505858091618,-0.01058329517364417,0.0037612697176382538,0.0012983041364781572,0.03603388098280597,0.021689316091523546,0.024152281672683643,False,True,False
2021-10-03,2021-07-01,0.0078616478961848,0.007271036483795369,0.005398997722254993,0.0012990350812344383,0.0005906114123894303,0.0024626501739298066,0.006562612814950361,True,True,False
2021-10-04,2021-07-01,-0.0111952943653499,0.004309758710494297,0.005730178900366301,0.0012978352340021451,0.015505053075844197,0.016925473265716202,0.012493129599352044,False,False,True
2021-10-05,2021-07-01,0.0409543768817923,-0.0002311065241700609,0.006124838106851494,0.0012990616187638518,0.04118548340596236,0.034829538774940806,0.03965531526302845,False,True,False
2021-10-06,2021-07-01,0.0176334033960381,0.004434225251563615,0.005014940174456271,0.0013028658932813229,0.013199178144474485,0.01261846322158183,0.016330537502756776,True,True,False
2021-10-07,2021-07-01,0.0020703011908782,0.004464028745608705,0.005534119343802742,0.0013061964403662492,0.002393727554730505,0.003463818152924542,0.0007641047505119508,True,True,False
2021-10-08,2021-07-01,-0.006749093056811,0.001535115382260234,0.005849688685128022,0.0013066296001774853,0.008284208439071234,0.01259878174193902,0.008055722656988486,False,False,True
2021-10-09,2021-07-01,0.0033553106707484,0.0031197303761513915,0.006028344169461125,0.0013068445998082683,0.00023558029459700867,0.002673033498712725,0.002048466070940132,True,True,False
2021-10-10,2021-07-01,-0.0419116004385047,0.0011245690632688367,0.0058108967996722575,0.0013046691433902411,0.04303616950177353,0.04772249723817695,0.04321626958189494,False,False,True
2021-10-11,2021-07-01,0.0348821821209122,0.011057627324147126,0.006771562773992401,0.001298440699192834,0.023824554796765075,0.028110619346919802,0.03358374142171937,True,True,False
2021-10-12,2021-07-01,-0.0148873036826777,-0.0001338482036776609,0.0051276998917669,0.0012878645382385777,0.01475345547900004,0.0200150035744446,0.01617516822091628,True,False,True
2021-10-13,2021-07-01,0.0325342978054716,-0.0002671343960366625,0.006218034453976991,0.0012823398535483225,0.03280143220150827,0.02631626335149461,0.03125195795192328,False,True,False
2021-10-14,2021-07-01,0.049862020193349,-0.0015691641366347073,0.005190413181125789,0.0012778758602804104,0.05143118432998371,0.04467160701222321,0.048584144333068596,False,True,False
2021-10-15,2021-07-01,0.0202378021390146,-0.0016107119042786946,0.0048498494684717595,0.0012678461543877357,0.021848514043293295,0.015387952670542842,0.018969955984626866,False,True,False
2021-10-16,2021-07-01,-0.0083499185151812,0.0022965386710467354,0.005482864408710896,0.0012578453677917654,0.010646457186227934,0.013832782923892097,0.009607763882972964,False,False,True
2021-10-17,2021-07-01,0.0043657295172585,0.018012006160434763,0.006070745160129152,0.0012493038311010955,0.013646276643176263,0.0017050156428706515,0.003116425686157405,True,True,True
2021-10-18,2021-07-01,-0.0255631835529713,0.018271092590034028,0.005788369114139389,0.0012388266504661201,0.04383427614300533,0.03135155266711069,0.02680201020343742,False,False,False
2021-10-19,2021-07-01,0.0343822000528559,0.010613598082381862,0.006427038108983089,0.0012274616738185567,0.02376860197047404,0.027955161943872812,0.033154738379037346,True,True,True
2021-10-20,2021-07-01,0.0717809099596558,0.00034500680348728877,0.005146522593850571,0.0012157237574227846,0.07143590315616852,0.06663438736580524,0.07056518620223302,True,True,True
2021-10-21,2021-07-01,-0.0244633360715984,-0.003402514014143438,0.00438841156125218,0.0012025155714009829,0.02106082205745496,0.02885174763285058,0.025665851642999383,True,False,False
2021-10-22,2021-07-01,-0.0207533722024367,0.004022730909265027,0.0064373822142444,0.0011924101694735835,0.024776103111701725,0.027190754416681097,0.02194578237191028,False,False,False
2021-10-23,2021-07-01,0.0507487302348161,-0.0014224103198119526,0.00630932256831091,0.0011846603330347581,0.05217114055462806,0.04443940766650519,0.049564069901781346,False,True,True
2021-10-24,2021-07-01,-0.0200784403048516,-0.0010080303364617923,0.0048040810791428355,0.0011745773361133496,0.019070409968389806,0.024882521383994435,0.021253017640964947,True,False,False
2021-10-25,2021-07-01,0.0317947550446424,0.008179560505899323,0.006335169072041386,0.0011650140645786111,0.023615194538743077,0.025459585972601017,0.03062974098006379,True,True,True
2021-10-26,2021-07-01,-0.0205731232342989,0.006832201579145732,0.005203047665037352,0.0011560441387599744,0.02740532481344463,0.025776170899336252,0.021729167373058873,False,False,False
2021-10-27,2021-07-01,-0.0486177112290211,0.005965237575659242,0.006335980952404419,0.0011489585310858058,0.05458294880468034,0.05495369218142552,0.04976666976010691,False,False,False
2021-10-28,2021-07-01,0.09084940093801,-0.0007910061447322736,0.0069001240360945576,0.001147114735218508,0.09164040708274228,0.08394927690191545,0.0897022862027915,False,True,True
2021-10-29,2021-07-01,0.029722010166018,-0.010692342763188837,0.003943633892298569,0.0011413991084732245,0.04041435292920684,0.025778376273719435,0.028580611057544777,False,True,True
2021-10-30,2021-07-01,-0.0201814962083862,0.008881416704970287,0.0053052116117143925,0.0011353166287022772,0.029062912913356487,0.025486707820100592,0.02131681283708848,False,False,False
2021-10-31,2021-07-01,-0.0086868259063281,0.007878992012813143,0.0063245237688227,0.0011292408999151985,0.016565817919141242,0.0150113496751508,0.009816066806243298,False,False,False
2021-11-01,2021-07-01,0.0085242774519083,-6.813024019234758e-05,0.006057669531106322,0.0011249428894184324,0.008592407692100647,0.002466607920801977,0.007399334562489867,False,True,True
2021-11-02,2021-07-01,0.0601605358843722,0.0053745290955542965,0.005701219556754739,0.001118670849924716,0.054786006788817905,0.05445931632761746,0.059041865034447485,True,True,True
2021-11-03,2021-07-01,0.0048846242486955,-0.0014370483486903618,0.0046201180789594305,0.001112877290574576,0.006321672597385862,0.00026450616973606924,0.0037717469581209236,False,True,True
2021-11-04,2021-07-01,-0.0151653330023857,0.0025583631411431546,0.005812634347921827,0.0011086663464153171,0.017723696143528856,0.020977967350307526,0.016273999348801017,False,False,False
2021-11-05,2021-07-01,-0.0112579688434899,0.007074993023259608,0.006206572221358363,0.0011049415820782373,0.018332961866749507,0.017464541064848262,0.012362910425568138,False,False,False
2021-11-06,2021-07-01,0.0078769449922102,-0.002514544232905977,0.006114948248656879,0.001101480698587793,0.010391489225116176,0.0017619967435533205,0.006775464293622407,False,True,True
2021-11-07,2021-07-01,0.021889164788917,0.004077141551275245,0.005713519842096917,0.0010991656705559199,0.017812023237641757,0.016175644946820084,0.02078999911836108,True,True,True
2021-11-08,2021-07-01,0.0414523207271855,0.01173944240591854,0.005427539268065651,0.0010944782828181628,0.029712878321266963,0.03602478145911985,0.04035784244436734,True,True,True
2021-11-09,2021-07-01,-0.0160052277209237,-0.0022186870441550247,0.005021452231244356,0.0010908944610663902,0.013786540676768676,0.021026679952168056,0.017096122181990088,True,False,False
2021-11-10,2021-07-01,-0.0208855529733111,0.003473820982980264,0.006243688976247444,0.0010942975643969378,0.024359373956291362,0.027129241949558545,0.021979850537708037,False,False,False
2021-11-11,2021-07-01,0.0203206252629706,-0.0006623946003233348,0.006317005870727546,0.0010982124398252052,0.020983019863293935,0.014003619392243052,0.019222412823145393,False,True,True
2021-11-12,2021-07-01,-0.0133750323989063,-0.006926229805192267,0.0054460345882700045,0.001098191686146599,0.006448802593714034,0.018821066987176303,0.0144732240850529,True,False,False
2021-11-13,2021-07-01,-0.0033542744008004,0.00992428153314329,0.006178242671097226,0.0011009202465515362,0.01327855593394369,0.009532517071897626,0.004455194647351936,False,False,False
2021-11-14,2021-07-01,-0.0053964905805479,0.010057564615819544,0.0059488511937318,0.0011039752604327451,0.015454055196367444,0.011345341774279701,0.006500465840980645,False,False,False
2021-11-15,2021-07-01,-0.0148831904646259,-0.0032710436033519547,0.005997703333118386,0.0011089542424602365,0.011612146861273945,0.020880893797744285,0.015992144707086136,True,False,False
2021-11-16,2021-07-01,-0.0748520854600199,0.0025592008343626816,0.006196661601664529,0.0011123593865704697,0.07741128629438258,0.08104874706168443,0.07596444484659036,False,False,False
2021-11-17,2021-07-01,0.0168933457292292,0.0014994143197855454,0.0074574697702511576,0.0011162982604947182,0.015393931409443652,0.009435875958978041,0.01577704746873448,True,True,True
2021-11-18,2021-07-01,-0.0669239876314657,-0.00560859213898685,0.005490952279598042,0.0011251459455165877,0.06131539549247885,0.07241493991106375,0.06804913357698229,True,False,False
2021-11-19,2021-07-01,0.0744018337836385,0.010963588676791161,0.00730773893650375,0.001137361479337197,0.06343824510684734,0.06709409484713476,0.0732644723043013,True,True,True
2021-11-20,2021-07-01,0.0259694156446965,-0.008441047946590402,0.004280782533977213,0.0011452452348691372,0.034410463591286904,0.021688633110719287,0.024824170409827363,False,True,True
2021-11-21,2021-07-01,-0.031791480942506,-0.00394818417033225,0.00537649862280521,0.0011499848492796576,0.027843296772173752,0.03716797956531121,0.03294146579178566,True,False,False
2021-11-22,2021-07-01,-0.0424558515248536,0.005069582817441552,0.006567960945990175,0.0011556890579878282,0.047525434342295156,0.049023812470843774,0.04361154058284143,False,False,False
2021-11-23,2021-07-01,0.061711756067287,0.004524036342028871,0.006764539305997067,0.0011658691661367423,0.05718771972525813,0.054947216761289934,0.06054588690115026,True,True,True
2021-11-24,2021-07-01,-0.0232176257867932,0.0010875322795537593,0.0045618293779251156,0.0011746363713575614,0.02430515806634696,0.027779455164718313,0.02439226215815076,False,False,False
2021-11-25,2021-07-01,0.0081985544508527,0.009806189052737066,0.006407496470718438,0.001182411248715564,0.0016076346018843671,0.0017910579801342615,0.007016143202137135,True,True,True
2021-11-26,2021-07-01,-0.0570406733591679,-0.009623496425407153,0.005699233416574454,0.0011888906158009742,0.04741717693376074,0.06273990677574236,0.05822956397496887,True,False,False
2021-11-27,2021-07-01,0.0163742656764263,0.00489917413231356,0.007093662902764816,0.001197527268439152,0.011475091544112739,0.009280602773661484,0.015176738407987148,True,True,True
2021-11-28,2021-07-01,0.0482171690855202,-0.00486606210467632,0.005510453021902889,0.0012070250920829494,0.05308323119019652,0.04270671606361731,0.04701014399343725,False,True,True
2021-11-29,2021-07-01,0.0350804504492929,-0.0021298791107299776,0.0048771853908345,0.0012173722711735918,0.037210329560022876,0.0302032650584584,0.03386307817811931,False,True,True
2021-11-30,2021-07-01,0.0419279239199985,0.0017865836793318878,0.005169181400936421,0.0012263370072650554,0.04014134024066661,0.03675874251906208,0.04070158691273344,True,True,True
2021-12-01,2021-07-01,-0.0096057370644944,-0.004866974122917465,0.005017347540645758,0.0012319858895101907,0.004738762941576936,0.014623084605140158,0.010837722954004592,True,False,False
2021-12-02,2021-07-01,-0.0165005775931333,0.0008953863182409353,0.006108544375845378,0.0012393471004774608,0.017395963911374233,0.022609121968978678,0.01773992469361076,False,False,False
2021-12-03,2021-07-01,-0.0644151456839035,0.007285203388255349,0.006227655102404542,0.0012458400508133767,0.07170034907215884,0.07064280078630804,0.06566098573471688,False,False,False
2021-12-04,2021-07-01,-0.0239577575489883,0.004390160235741391,0.007236353459265613,0.0012533447408528723,0.02834791778472969,0.03119411100825391,0.02521110228984117,False,False,False
2021-12-05,2021-07-01,0.0191124362400236,-0.001783398540231067,0.006358345126313104,0.0012608840785719392,0.02089583478025467,0.012754091113710498,0.017851552161451664,False,True,False
2021-12-06,2021-07-01,0.0382091992884527,0.003408082854136593,0.005471023233555929,0.001267125401678535,0.034801116434316104,0.03273817605489677,0.03694207388677416,True,True,False
2021-12-07,2021-07-01,-0.0100202829849438,-0.00870258504537168,0.005089185975627351,0.0012678659030313088,0.0013176979395721211,0.015109468960571151,0.01128814888797511,True,False,True
2021-12-08,2021-07-01,0.0288052409087626,0.003907424888682596,0.006115889721828077,0.001270279461444987,0.024897816020080003,0.022689351186934523,0.027534961447317614,True,True,False
2021-12-09,2021-07-01,-0.0719793264373795,0.001093768456582657,0.005271507410701119,0.0012676207962164785,0.07307309489396216,0.07725083384808062,0.07324694723359598,False,False,True
2021-12-10,2021-07-01,-0.0512935112700229,0.0073606062874479895,0.00741911095318705,0.0012696322503474202,0.05865411755747089,0.05871262222320995,0.05256314352037032,False,False,True
2021-12-11,2021-07-01,0.0450189266171952,0.001263789479055178,0.006930489350441824,0.0012750738083965314,0.04375513713814002,0.03808843726675337,0.04374385280879867,True,True,False
2021-12-12,2021-07-01,0.0122417224185871,0.00121007735177344,0.004910498593841258,0.0012778941711215532,0.01103164506681366,0.007331223824745842,0.010963828247465548,True,True,False
2021-12-13,2021-07-01,-0.0847092245989304,-0.003656300343200575,0.005650890821360214,0.0012771518125526157,0.08105292425572982,0.09036011542029061,0.08598637641148302,True,False,True
2021-12-14,2021-07-01,-0.0102494852806026,0.007714765273181775,0.007678397716528708,0.001282520833290644,0.017964250553784374,0.017927882997131307,0.011532006113893243,False,False,True
2021-12-15,2021-07-01,0.0728748053297094,0.0014620686650950283,0.006058220732427381,0.001286336968962559,0.07141273666461437,0.06681658459728201,0.07158846836074684,True,True,False
2021-12-16,2021-07-01,-0.0139157632271563,0.00029584488057597994,0.004343764350793892,0.0012889525897948153,0.01421160810773228,0.018259527577950192,0.015204715816951115,False,False,True
2021-12-17,2021-07-01,-0.020942280956898,0.009920730950332149,0.006216299501703183,0.001289948292962206,0.030863011907230148,0.027158580458601183,0.022232229249860205,False,False,True
2021-12-18,2021-07-01,0.0209753362050504,-0.0021964668230514016,0.00631877022531492,0.0012906816261493241,0.023171803028101803,0.01465656597973548,0.019684654578901076,False,True,False
2021-12-19,2021-07-01,-0.0096614313778197,-0.004126657355465489,0.005432167057805786,0.001292632751226438,0.0055347740223542115,0.015093598435625487,0.010954064129046138,True,False,True
2021-12-20,2021-07-01,0.0028684990961875,-0.0003167838195489497,0.006100183523563469,0.001297172686865879,0.0031852829157364496,0.003231684427375969,0.001571326409321621,False,True,False
2021-12-21,2021-07-01,0.0219671946183668,-0.0003614318074840583,0.0058194022133493985,0.001304132258069476,0.02232862642585086,0.016147792405017403,0.020663062360297326,False,True,False
2021-12-22,2021-07-01,-0.0094920229780982,-0.0034209975246315867,0.0054233141892552645,0.0013097245273104622,0.006071025453466614,0.014915337167353465,0.010801747505408663,True,False,True
2021-12-23,2021-07-01,0.0316205087709402,0.007328943832552159,0.006096681544190321,0.0013134625722476135,0.02429156493838804,0.025523827226749878,0.030307046198692587,True,True,False
2021-12-24,2021-07-01,-0.0146135556248645,0.0019026856567234648,0.005212670075562922,0.0013125114917331379,0.016516241281587966,0.019826225700427424,0.01592606711659764,False,False,True
2021-12-25,2021-07-01,0.0111902882765324,0.0074762082498078825,0.006209916878815372,0.0013110887605790992,0.0037140800267245182,0.0049803713977170285,0.009879199515953301,True,True,False
2021-12-26,2021-07-01,-0.006340361392786,-0.004689387456523319,0.005641001194608002,0.0013105371772623759,0.0016509739362626811,0.011981362587394002,0.007650898570048376,True,False,True
2021-12-27,2021-07-01,-0.0073218871610278,0.000979259832122048,0.006025021799234779,0.001312031421315485,0.008301146993149848,0.013346908960262579,0.008633918582343286,False,False,True
2021-12-28,2021-07-01,-0.058613436676413,-0.004489736258252401,0.006036297204791716,0.0013127436407331648,0.0541237004181606,0.06464973388120472,0.059926180317146166,True,False,True
2021-12-29,2021-07-01,-0.0453475867680666,-0.004771894413729833,0.007118620284204801,0.0013159762243110673,0.040575692354336765,0.052466207052271396,0.046663562992377665,True,False,True
2021-12-30,2021-07-01,0.0235137291483122,0.0027055278681777455,0.006812566504740954,0.0013169118244585395,0.020808201280134456,0.016701162643571247,0.02219681732385366,True,True,False
2021-12-31,2021-07-01,-0.0084061610032857,0.004418417010948206,0.005367139874551825,0.0013149546618230524,0.012824578014233905,0.013773300877837525,0.009721115665108753,False,False,True
2022-01-01,2022-01-01,0.023641838167751,0.0027642859336982567,0.0031815874380735965,0.001912633995845659,0.020877552234052743,0.0204602507296774,0.02172920417190534,True,True,False
2022-01-02,2022-01-01,0.0158813611758912,-0.0005068852102981182,0.001752201204304659,0.0019111937573508568,0.01638824638618932,0.014129159971586543,0.013970167418540343,False,True,False
2022-01-03,2022-01-01,-0.0178047823592886,-0.00039083323167590084,0.0022035837499428295,0.0019312427333952461,0.0174139491276127,0.02000836610923143,0.019736025092683847,True,False,True
2022-01-04,2022-01-01,0.0086873079315157,-0.0009590400017162656,0.0035288601852672,0.0019507180374948093,0.009646347933231965,0.0051584477462485,0.006736589894020891,False,True,False
2022-01-05,2022-01-01,-0.0642240485092586,0.007857693174891475,0.0023185472087288344,0.0019545033843882545,0.07208174168415007,0.06654259571798743,0.06617855189364685,False,False,True
2022-01-06,2022-01-01,-0.0371730634280415,0.009006800153819695,0.005373282785559439,0.0019454977383063174,0.04617986358186119,0.042546346213600934,0.039118561166347814,False,False,True
2022-01-07,2022-01-01,-0.0658779585481866,-0.0019536152397808242,0.003971369771954201,0.0019380471095837278,0.06392434330840577,0.06984932832014079,0.06781600565777032,True,False,True
2022-01-08,2022-01-01,-0.0317040779424728,-0.0013202648144540943,0.00524623743953773,0.0019115717605504806,0.030383813128018702,0.03695031538201053,0.033615649703023276,True,False,True
2022-01-09,2022-01-01,0.0212740589606401,0.0005472165962213285,0.00374268149195833,0.0018899013083086703,0.02072684236441877,0.01753137746868177,0.01938415765233143,True,True,False
2022-01-10,2022-01-01,-0.0236413680064017,-0.00479270558419123,0.001750848180752937,0.001872137913410189,0.01884866242221047,0.025392216187154638,0.025513505919811892,True,False,True
2022-01-11,2022-01-01,0.0502785434920376,0.002561262877847301,0.0037860190418509358,0.0018432959892760274,0.0477172806141903,0.046492524450186666,0.04843524750276157,True,True,False
2022-01-12,2022-01-01,0.0414274571835602,-0.003764593522542525,0.0006130284620691597,0.0018181593715973887,0.04519205070610273,0.04081442872149104,0.03960929781196281,False,True,False
2022-01-13,2022-01-01,-0.0367616343427132,-0.004517459325614507,0.001285756167350668,0.0017958561255501937,0.03224417501709869,0.038047390510063867,0.03855749046826339,True,False,True
2022-01-14,2022-01-01,0.0189985862447097,0.006770447561689583,0.0044012724116557125,0.0017700408019999808,0.012228138683020116,0.014597313833053986,0.017228545442709717,True,True,False
2022-01-15,2022-01-01,0.0062022017491671,0.0024597791652193612,0.0018224743225016115,0.0017443574831496023,0.0037424225839477387,0.0043797274266654885,0.004457844266017498,True,True,False
2022-01-16,2022-01-01,0.0061224815923113,0.0018877899031900076,0.0025760620116143675,0.0017154858445698003,0.004234691689121292,0.0035464195806969323,0.004406995747741499,True,True,False
2022-01-17,2022-01-01,-0.0413668084575606,0.0034439578127049546,0.002522063372867873,0.0016904022566450638,0.044810766270265555,0.04388887183042847,0.043057210714205665,False,False,True
2022-01-18,2022-01-01,-0.0150296395216726,0.006011320261978016,0.004439799539434197,0.001678291856880391,0.021040959783650615,0.0194694390611068,0.01670793137855299,False,False,True
2022-01-19,2022-01-01,-0.0215545754513922,-0.0005809793612074851,0.0031750550716456443,0.0016779090372634684,0.020973596090184714,0.024729630523037845,0.02323248448865567,True,False,True
2022-01-20,2022-01-01,-0.0305914520898736,0.0010424695643465006,0.00355104331431724,0.0016736890496473786,0.0316339216542201,0.03414249540419084,0.032265141139520975,False,False,True
2022-01-21,2022-01-01,-0.1476743546598975,0.002067632651742457,0.003886087420355979,0.0016665820290216885,0.14974198731163996,0.1515604420802535,0.1493409366889192,False,False,True
2022-01-22,2022-01-01,-0.0597164075283603,0.0035842457308465207,0.00857341116382615,0.001634391707553023,0.06330065325920682,0.06828981869218645,0.06135079923591332,False,False,True
2022-01-23,2022-01-01,0.0539909062690386,-0.017131454373668233,0.004527550820800171,0.0015850436257238438,0.07112236064270683,0.04946335544823843,0.05240586264331476,False,True,False
2022-01-24,2022-01-01,-0.0373512065272663,-0.008406993944658695,0.0003134696282108343,0.0015422423195628507,0.028944212582607605,0.03766467615547713,0.038893448846829146,True,False,True
2022-01-25,2022-01-01,0.0063854566016148,0.0036441938154257313,0.004476064578608421,0.0014943186804524773,0.0027412627861890687,0.0019093920230063791,0.004891137921162323,True,True,False
2022-01-26,2022-01-01,0.004924891967899,-0.0024950017504504467,0.0023245798064671815,0.0014654729654042182,0.007419893718349447,0.002600312161431819,0.003459419002494782,False,True,False
2022-01-27,2022-01-01,-0.0182449353312259,-0.0028107131681312583,0.0025734855734342813,0.0014442312275526055,0.015434222163094643,0.020818420904660184,0.019689166558778507,True,False,True
2022-01-28,2022-01-01,0.0512136846041251,0.006046286146909308,0.0034996160587817964,0.0014382788578648797,0.04516739845721579,0.047714068545343304,0.04977540574626022,True,True,False
2022-01-29,2022-01-01,0.0196273534588549,0.00934046804855306,0.0006003366670019319,0.0014372834940772736,0.010286885410301838,0.019027016791852966,0.018190069964777626,True,True,False
2022-01-30,2022-01-01,0.0024573075711489,0.006584488625238543,0.0021691364365258163,0.0014292613602896432,0.004127181054089643,0.0002881711346230838,0.0010280462108592568,True,True,False
2022-01-31,2022-01-01,0.0325766642825882,-0.0020240476349898283,0.002726501908174317,0.0014305094979325038,0.03460071191757803,0.029850162374413885,0.031146154784655697,False,True,False
2022-02-01,2022-01-01,0.0386263428385125,-0.006124080754809429,0.0014409602896267317,0.0014261532977654803,0.044750423593321924,0.037185382548885766,0.03720018954074702,False,True,False
2022-02-02,2022-01-01,-0.0391327355753222,0.004281070427861551,0.0013238330669666344,0.0014091001951632106,0.04341380600318375,0.04045656864228884,0.04054183577048541,False,False,True
2022-02-03,2022-01-01,-0.0013759251322007,0.005711392775136964,0.004486644377150471,0.0013944989659820978,0.007087317907337664,0.005862569509351171,0.002770424098182798,False,False,True
2022-02-04,2022-01-01,0.1136266670311696,0.0008165314661049928,0.0026341363828131337,0.0013815633717997903,0.1128101355650646,0.11099253064835646,0.11224510365936981,True,True,False
2022-02-05,2022-01-01,0.0104107170970868,-0.0006506827739956264,-0.001845290911132017,0.001380024191605463,0.011061399871082426,0.012256008008218817,0.009030692905481337,False,False,False
2022-02-06,2022-01-01,0.0142065933111914,0.001198850599498898,0.002804285047364502,0.0013765403184488162,0.013007742711692503,0.011402308263826898,0.012830052992742584,True,True,False
2022-02-07,2022-01-01,0.0277989514367558,-0.0024250643274996778,0.002212898340191302,0.0013868620235614664,0.030224015764255478,0.025586053096564497,0.026412089413194333,False,True,False
2022-02-08,2022-01-01,-0.0063205236972052,0.004882980231687762,0.001685450349901957,0.0014038995606246085,0.011203503928892963,0.008005974047107157,0.007724423257829808,False,False,True
2022-02-09,2022-01-01,0.0374201195367862,7.76662755309224e-05,0.0031171667999235876,0.0014253323435708494,0.03734245326125528,0.03430295273686261,0.035994787193215354,True,True,False
2022-02-10,2022-01-01,-0.0500006179903316,0.0076461607807970485,0.0012077925103214757,0.0014615391631526606,0.05764677877112865,0.05120841050065308,0.05146215715348426,False,False,True
2022-02-11,2022-01-01,-0.0487731931961996,0.016532816417404225,0.00492127160917895,0.0015216355442540064,0.06530600961360382,0.053694464805378546,0.0502948287404536,False,False,True
2022-02-12,2022-01-01,-0.0034231086563658,-0.004634322549150284,0.00449956002123922,0.0015896784138250812,0.001211213892784484,0.00792266867760502,0.005012787070190881,True,False,True
2022-02-13,2022-01-01,-0.0116198829107584,0.0008730532801632389,0.0026775233901939082,0.0016471050250588789,0.01249293619092164,0.014297406300952309,0.013266987935817279,False,False,True
2022-02-14,2022-01-01,0.0173456772039781,0.010377363021225355,0.0031976297541385667,0.0017120045596337222,0.006968314182752743,0.014148047449839532,0.015633672644344378,True,True,False
2022-02-15,2022-01-01,0.0839952128620211,-0.004480531760624011,0.001993282756629592,0.0017784127735970007,0.08847574462264512,0.08200193010539152,0.08221680008842411,False,True,False
2022-02-16,2022-01-01,-0.0163676506707177,-0.004961396257820511,-0.0005725586962585542,0.0018557091881082018,0.01140625441289719,0.015795091974459146,0.018223359858825904,True,True,True
2022-02-17,2022-01-01,-0.0787600791533167,0.013065631311751555,0.0037593449293551687,0.0019280357723721537,0.09182571046506825,0.08251942408267188,0.08068811492568885,False,False,True
2022-02-18,2022-01-01,-0.0332309543276664,0.0022215721902346286,0.005851998770583412,0.0019750008514211313,0.03545252651790103,0.039082953098249815,0.035205955179087534,False,False,True
2022-02-19,2022-01-01,-0.0079068634238769,0.007903533625033193,0.003754183235429042,0.0020166429102001747,0.015810397048910095,0.011661046659305943,0.009923506334077075,False,False,True
2022-02-20,2022-01-01,-0.0488666197884828,0.006606178409228258,0.0029233485390977028,0.0020563345062784818,0.05547279819771106,0.0517899683275805,0.050922954294761284,False,False,True
2022-02-21,2022-01-01,-0.0208594936501945,0.0011988174110897688,0.004680900936391607,0.002086242757106389,0.022058311061284266,0.025540394586586107,0.02294573640730089,False,False,True
2022-02-22,2022-01-01,0.0254420479834147,-0.0011608746644268075,0.0033773436802885942,0.002107747816599898,0.026602922647841507,0.022064704303126105,0.0233343001668148,False,True,False
2022-02-23,2022-01-01,-0.0185426855383203,-0.005169287967086832,0.0016287724488853162,0.0021392136790245805,0.013373397571233469,0.020171457987205616,0.020681899217344882,True,False,True
2022-02-24,2022-01-01,0.0029754631265472,0.0003486362986053694,0.0035985712775692385,0.002170161869157722,0.0026268268279418306,0.0006231081510220384,0.0008053012573894782,True,True,True
2022-02-25,2022-01-01,0.0640739815309288,0.00993150133692304,0.0025440649402940357,0.002169797027797017,0.05414248019400576,0.06152991659063477,0.06190418450313179,True,True,True
2022-02-26,2022-01-01,0.0059960058419903,-0.0004279884177723304,0.00017163756137972015,0.0021707158115496423,0.00642399425976263,0.00582436828061058,0.0038252900304406577,False,True,True
2022-02-27,2022-01-01,-0.0572828671087415,-0.005826843866720069,0.002772741976553687,0.002161733167248206,0.051456023242021434,0.06005560908529519,0.05944460027598971,True,False,True
2022-02-28,2022-01-01,0.1134332194172587,0.005726388508318787,0.005080080524456221,0.002134822297826464,0.10770683090893991,0.10835313889280249,0.11129839711943224,True,True,False
2022-03-01,2022-01-01,0.0182529166061724,-0.003504639240158796,-0.0020744873176006275,0.002126020875105981,0.021757555846331197,0.020327403923773028,0.01612689573106642,False,False,False
2022-03-02,2022-01-01,-0.0075245790678323,0.00546947559905698,0.0024892733672138402,0.0021079399721443074,0.01299405466688928,0.01001385243504614,0.009632519039976608,False,False,True
2022-03-03,2022-01-01,-0.0392016177184361,0.010514612645654231,0.0031215994165554382,0.002106827617358667,0.049716230364090334,0.04232321713499154,0.04130844533579477,False,False,True
2022-03-04,2022-01-01,-0.0766679715779132,0.010047846029055918,0.004297126250801598,0.0021165490788886314,0.08671581760696913,0.0809650978287148,0.07878452065680183,False,False,True
2022-03-05,2022-01-01,0.018216357267732,-0.008384818796703672,0.005672361640374856,0.0021124030673719215,0.02660117606443567,0.012543995627357142,0.016103954200360076,False,True,False
2022-03-06,2022-01-01,-0.0412009988320818,0.00436806495306023,0.001685125915065075,0.002115383842657023,0.045569063785142035,0.04288612474714688,0.04331638267473883,False,False,True
2022-03-07,2022-01-01,-0.0224130239045053,0.007535905965671427,0.004483850648157987,0.0021094404043678094,0.02994892987017673,0.026896874552663288,0.024522464308873112,False,False,True
2022-03-08,2022-01-01,0.0316187155521754,-0.012166952684201182,0.0034708749733174038,0.0020807153697169124,0.043785668236376585,0.028147840578857997,0.029538000182458488,False,True,False
2022-03-09,2022-01-01,0.0593911064983772,-0.014993081647653604,0.001373731433613575,0.0020554981862082136,0.0743841881460308,0.05801737506476363,0.05733560831216899,False,True,False
2022-03-10,2022-01-01,-0.0445950624410114,0.002193824159106625,0.00047987596073562934,0.002056984132412677,0.046788886600118026,0.045074938401747026,0.046652046573424075,False,False,True
2022-03-11,2022-01-01,-0.018590756322895,0.014125817760558849,0.004793956533416553,0.0020580520858930035,0.032716574083453846,0.02338471285631155,0.020648808408788,False,False,True
2022-03-12,2022-01-01,0.0059350608595789,0.00446482620165929,0.0033049097865638973,0.0020553711335367323,0.0014702346579196102,0.0026301510730150027,0.0038796897260421678,True,True,False
2022-03-13,2022-01-01,-0.0216756890377408,0.009341013491417702,0.002428239356393856,0.002050269003954601,0.031016702529158502,0.02410392839413466,0.023725958041695402,False,False,True
2022-03-14,2022-01-01,0.0284847334122471,-0.00034682177274724356,0.0036430337866869967,0.002041903725165651,0.02883155518499434,0.024841699625560102,0.02644282968708145,False,True,False
2022-03-15,2022-01-01,0.0113689961193954,0.0016544671335680166,0.0015021416572782186,0.0020359822158479476,0.009714528985827385,0.009866854462117183,0.009333013903547453,True,True,False
2022-03-16,2022-01-01,0.0579760798715409,-3.711326298550888e-05,0.002405988951907475,0.002032610266228571,0.05801319313452641,0.05557009091963343,0.05594346960531233,False,True,False
2022-03-17,2022-01-01,0.0154393826501584,-0.0007080145275712552,0.0004512083488699965,0.002036916602419678,0.016147397177729655,0.014988174301288404,0.013402466047738723,False,True,False
2022-03-18,2022-01-01,0.0463571121536796,0.005521639409578798,0.0023672032040561166,0.0020298423663050857,0.040835472744100806,0.043989908949623485,0.044327269787374515,True,True,False
2022-03-19,2022-01-01,0.0003103416120107,0.007569839009320479,0.0009379924773470288,0.002026636555292345,0.007259497397309779,0.0006276508653363288,0.0017162949432816452,True,True,False
2022-03-20,2022-01-01,-0.0291209657645438,0.001971873670412288,0.002929584586617169,0.0020407602407739455,0.031092839434956086,0.032050550351160965,0.031161726005317743,False,False,True
2022-03-21,2022-01-01,0.0131158429424089,0.002267941893931762,0.003920336216842552,0.002027372911502275,0.010847901048477139,0.00919550672556635,0.011088470030906624,True,True,False
2022-03-22,2022-01-01,0.0259334537028799,0.006160065073521716,0.0020931004489949164,0.0020117312852026732,0.019773388629358183,0.023840353253884984,0.023921722417677226,True,True,False
2022-03-23,2022-01-01,0.0194865389850258,-0.007905736633526889,0.0017536369747031245,0.0020045301483724233,0.02739227561855269,0.01773290201032268,0.01748200883665338,False,True,False
2022-03-24,2022-01-01,0.0254019028693015,0.005105678413883459,0.002066537313530856,0.0020131532856233966,0.020296224455418038,0.02333536555577064,0.023388749583678103,True,True,False
2022-03-25,2022-01-01,-0.0004474251140281,0.006638049976130865,0.0018012556506215255,0.002040039942430122,0.007085475090158965,0.0022486807646496256,0.0024874650564582217,False,False,True
2022-03-26,2022-01-01,0.0117513453516351,0.00475831066266387,0.0028699379202110752,0.0020626635777998828,0.006993034688971229,0.008881407431424024,0.009688681773835216,True,True,False
2022-03-27,2022-01-01,0.0472129279819948,0.0038083691558578694,0.0022681500598843458,0.0021057731899908685,0.04340455882613693,0.044944777922110456,0.04510715479200393,True,True,False
2022-03-28,2022-01-01,0.0136885377586113,0.009835562006794023,0.0008894971713799325,0.002161792348793231,0.0038529757518172766,0.012799040587231367,0.011526745409818068,True,True,False
2022-03-29,2022-01-01,0.0195865837458582,-0.0009368588799823071,0.0023915343795499417,0.002214749488415762,0.020523442625840507,0.01719504936630826,0.017371834257442438,False,True,True
2022-03-30,2022-01-01,-0.0049470588986706,0.0001710465803760725,0.002011212825931246,0.002261004934823344,0.005118105479046672,0.006958271724601846,0.007208063833493943,False,False,False
2022-03-31,2022-01-01,-0.0305791156492464,0.005671001284278175,0.003027810505215481,0.002315526960331982,0.036250116933524576,0.03360692615446188,0.03289464260957838,False,False,False
2022-04-01,2022-01-01,0.0511662703475455,0.0043673317104206,0.003957262662102554,0.0023728514856977954,0.0467989386371249,0.04720900768544294,0.0487934188618477,True,True,True
2022-04-02,2022-01-01,-0.0013024646682661,0.008708054009100656,0.0005505906308465882,0.002431226894114927,0.010010518677366756,0.0018530552991126881,0.003733691562381027,False,False,False
2022-04-03,2022-01-01,0.0225755676632417,0.01015985058223824,0.003013735815278827,0.0024884158467518708,0.012415717081003459,0.019561831847962872,0.020087151816489828,True,True,True
2022-04-04,2022-01-01,-0.0004519898990444,0.003556589627883143,0.0018256250601692329,0.0025426232962100625,0.004008579526927543,0.002277614959213633,0.0029946131952544625,False,False,False
2022-04-05,2022-01-01,-0.0310824291527618,-0.000860794997408018,0.002859295226005711,0.0025927583467986793,0.030221634155353783,0.03394172437876751,0.03367518749956048,True,False,False
2022-04-06,2022-01-01,-0.0703737367709165,0.003047761206491635,0.00399585811912667,0.002627189157775604,0.07342149797740814,0.07436959489004318,0.0730009259286921,False,False,False
2022-04-07,2022-01-01,0.019416376407197,0.0047712399734475205,0.005453148723707994,0.0026559849404395237,0.01464513643374948,0.013963227683489007,0.016760391466757476,True,True,True
2022-04-08,2022-01-01,-0.0127427107032864,0.0003458114982897338,0.001662767969900251,0.00267525205407236,0.013088522201576134,0.014405478673186652,0.01541796275735876,False,False,False
2022-04-09,2022-01-01,0.0218799080822671,0.005396928491078985,0.003340709054661446,0.002683860711519854,0.016482979591188114,0.018539199027605653,0.019196047370747246,True,True,True
2022-04-10,2022-01-01,-0.0153435319672633,-0.003589724940532217,0.001804290162221896,0.002698939907363999,0.011753807026731082,0.017147822129485197,0.0180424718746273,True,False,False
2022-04-11,2022-01-01,-0.071863094373458,0.006592116700365967,0.003456219775660977,0.002707980553620772,0.07845521107382397,0.07531931414911898,0.07457107492707878,False,False,False
2022-04-12,2022-01-01,0.0165459088530341,0.002648972794687012,0.005577757605847168,0.0026961843528714178,0.013896936058347088,0.010968151247186933,0.013849724500162683,True,True,True
2022-04-13,2022-01-01,0.0290286617712483,0.0022703705165383753,0.0017728038423698664,0.00268012317019942,0.026758291254709923,0.027255857928878434,0.02634853860104888,True,True,True
2022-04-14,2022-01-01,-0.0315663720652533,0.0028485433855246216,0.0016433085312836523,0.002664241293946317,0.03441491545077792,0.03320968059653695,0.034230613359199615,False,False,False
2022-04-15,2022-01-01,0.0069561954118133,0.005349634406533738,0.004138287805975592,0.0026425773266783603,0.0016065610052795618,0.002817907605837708,0.004313618085134939,True,True,True
2022-04-16,2022-01-01,0.0070353128080442,-0.00716244703817508,0.002329157350428983,0.0026193738200144794,0.01419775984621928,0.0047061554576152175,0.004415938988029721,False,True,True
2022-04-17,2022-01-01,-0.022501632953508,0.0011860712477467087,0.002490533816989245,0.0025913525599311656,0.023687704201254708,0.024992166770497246,0.025092985513439164,False,False,False
2022-04-18,2022-01-01,0.0214482855367188,0.007194434662301347,0.003680854492738977,0.0025574663167155206,0.014253850874417452,0.01776743104397982,0.01889081922000328,True,True,True
2022-04-19,2022-01-01,0.0152078931602848,0.0010589242619746635,0.0017832576805830811,0.002516128373451304,0.014148968898310136,0.013424635479701718,0.012691764786833495,True,True,True
2022-04-20,2022-01-01,-0.0084921687343976,0.00555954730865168,0.002221503770583952,0.0024882144770210055,0.01405171604304928,0.010713672504981552,0.010980383211418605,False,False,False
2022-04-21,2022-01-01,-0.0293283270060152,-0.0032725799091078405,0.0031500095098683156,0.0024689578684597567,0.02605574709690736,0.03247833651588351,0.03179728487447496,True,False,False
2022-04-22,2022-01-01,-0.0075799717914627,0.002335829705106365,0.003891862467687829,0.002431985464892994,0.009915801496569066,0.011471834259150528,0.010011957256355694,False,False,False
2022-04-23,2022-01-01,-0.0090128703412978,0.0019644823390465287,0.002926092638730585,0.002390614064308742,0.010977352680344329,0.011938962980028386,0.011403484405606542,False,False,False
2022-04-24,2022-01-01,-0.0052351091838765,-0.0005288803752842618,0.0030758927849468373,0.002335149153373423,0.004706228808592238,0.008311001968823338,0.007570258337249922,True,False,False
2022-04-25,2022-01-01,0.0296506381440675,-0.0019239416888496425,0.0029162477201921328,0.0022808464421864884,0.03157457983291714,0.02673439042387537,0.027369791701881013,False,True,True
2022-04-26,2022-01-01,-0.0668225046639444,0.0033795437117111627,0.0015249582058572788,0.0022356762131828475,0.07020204837565557,0.06834746286980169,0.06905818087712726,False,False,False
2022-04-27,2022-01-01,0.0287118168722544,-0.000972753235452717,0.005565700513158781,0.00219819104771203,0.029684570107707114,0.023146116359095616,0.026513625824542367,False,True,True
2022-04-28,2022-01-01,0.016619037381383,-0.0007565610008085973,0.0013014222988799499,0.002162264724477581,0.017375598382191597,0.015317615082503051,0.01445677265690542,False,True,False
2022-04-29,2022-01-01,-0.0413147947872392,0.010429563084560889,0.0021969090887701335,0.0021364730488729637,0.05174435787180009,0.04351170387600933,0.04345126783611216,False,False,True
2022-04-30,2022-01-01,-0.0303363347974304,-0.0020348843727481403,0.004479031246858524,0.0020961650885329332,0.02830145042468226,0.03481536604428892,0.032432499885963334,True,False,True
2022-05-01,2022-01-01,0.0357372386007317,-0.0003071428836824725,0.0037936806556483973,0.0020543710481257726,0.03604438148441417,0.0319435579450833,0.033682867552605925,False,True,False
2022-05-02,2022-01-01,0.0104868651289027,-0.0027727165146705602,0.0011741038512127337,0.0020352147047860473,0.01325958164357326,0.009312761277689968,0.008451650424116653,False,True,False
2022-05-03,2022-01-01,-0.0258745058186751,0.003919169166959689,0.0024715663103606375,0.0020121223133108303,0.029793674985634788,0.028346072129035737,0.02788662813198593,False,False,True
2022-05-04,2022-01-01,0.0564648084104726,0.006242473761175404,0.0038309209446125304,0.0019811093646412443,0.05022233464929719,0.05263388746586007,0.054483699045831356,True,True,False
2022-05-05,2022-01-01,-0.0650985260875554,0.003356942928163671,0.0003562995401179508,0.0019658186369803433,0.06845546901571907,0.06545482562767335,0.06706434472453573,False,False,True
2022-05-06,2022-01-01,-0.0197268803031975,-0.003337393563839779,0.005610825054354151,0.0019444228131411147,0.016389486739357723,0.02533770535755165,0.021671303116338615,True,False,True
2022-05-07,2022-01-01,-0.0218505237557861,0.002672083204775248,0.0032626793658334175,0.0019200788131303345,0.024522606960561348,0.025113203121619517,0.023770602568916437,False,False,True
2022-05-08,2022-01-01,-0.0450033651504518,0.007926619197949597,0.003544966902243863,0.0019018613120719494,0.0529299843484014,0.04854833205269567,0.04690522646252375,False,False,True
2022-05-09,2022-01-01,-0.1080571469801336,-0.004725917972815267,0.004465668770650552,0.001873079730924662,0.10333122900731834,0.11252281575078416,0.10993022671105827,True,False,True
2022-05-10,2022-01-01,0.0436800737783102,0.0039521345646067905,0.006913690532299132,0.0018251065618970282,0.03972793921370341,0.03676638324601107,0.04185496721641317,True,True,False
2022-05-11,2022-01-01,-0.1158101435552646,-0.00970082678596351,0.0005229903189976188,0.0017845798711494075,0.10610931676930109,0.11633313387426222,0.11759472342641401,True,False,True
2022-05-12,2022-01-01,-0.053282488294059,0.003917959409253868,0.007602620790271429,0.001739498498511556,0.05720044770331287,0.06088510908433043,0.05502198679257056,False,False,True
2022-05-13,2022-01-01,0.0268729334107185,-0.007901039670264396,0.0043990071425701206,0.001691753466526437,0.034773973080982894,0.022473926268148377,0.025181179944192063,False,True,False
2022-05-14,2022-01-01,0.0207780651618332,0.005978629663637086,0.0014364731187920916,0.0016502067628611447,0.014799435498196116,0.01934159204304111,0.019127858398972058,True,True,False
2022-05-15,2022-01-01,0.0434926787753466,-0.010216724634970902,0.0020159843295565563,0.001611353961316962,0.053709403410317505,0.041476694445790045,0.04188132481402964,False,True,False
2022-05-16,2022-01-01,-0.0573148370969237,0.0006622138614247974,0.001074666072631977,0.0015707007455887786,0.05797705095834849,0.05838950316955568,0.05888553784251248,False,False,True
2022-05-17,2022-01-01,0.0334613927641422,0.006355919544424299,0.005240765012083917,0.0015432247641976246,0.0271054732197179,0.028220627752058282,0.031918167999944576,True,True,False
2022-05-18,2022-01-01,-0.0831191584146158,-0.005816062477778789,0.0011504882930327837,0.0015135922423503965,0.07730309593683701,0.08426964670764858,0.0846327506569662,True,False,True
2022-05-19,2022-01-01,0.0530507545037663,0.0068318591469731516,0.006242492796889599,0.001472007977598865,0.04621889535679315,0.0468082617068767,0.05157874652616743,True,True,False
2022-05-20,2022-01-01,-0.0282512439360573,0.006926363148528361,0.0002488503098666108,0.001444624943958612,0.03517760708458566,0.02850009424592391,0.02969586888001591,False,False,True
2022-05-21,2022-01-01,0.0067315205272289,0.003203891013347325,0.004111247348282514,0.0014177707080612104,0.003527629513881575,0.0026202731789463857,0.00531374981916769,True,True,False
2022-05-22,2022-01-01,0.0347689130569448,-0.015990108802745234,0.0023487482580834863,0.0013876441691368264,0.050759021859690036,0.03242016479886131,0.03338126888780797,False,True,False
2022-05-23,2022-01-01,-0.0347441845181372,0.009453355985955671,0.001371461869677127,0.0013581287089745406,0.04419754050409287,0.036115646387814324,0.036102313227111736,False,False,True
2022-05-24,2022-01-01,0.0034484158752532,-0.007949312193554178,0.004291947550304694,0.001332436114846685,0.011397728068807378,0.0008435316750514941,0.002115979760406515,False,True,False
2022-05-25,2022-01-01,-0.0172588197493102,0.0032577941752775703,0.0024574600338563082,0.001292858794861323,0.02051661392458777,0.019716279783166507,0.018551678544171522,False,False,True
2022-05-26,2022-01-01,-0.0724560523674635,-0.0018558756163183756,0.0034565075498733935,0.0012640402215605712,0.07060017675114512,0.07591255991733689,0.07372009258902407,True,False,True
2022-05-27,2022-01-01,-0.0437884000292874,0.0051432624050758305,0.005593710853750312,0.0012240787674385619,0.04893166243436323,0.049382110883037705,0.04501247879672596,False,False,True
2022-05-28,2022-01-01,0.0191422595326671,-0.011046889304717915,0.004204451425784029,0.001185443401297364,0.030189148837385014,0.01493780810688307,0.017956816131369735,False,True,False
2022-05-29,2022-01-01,0.0307685011220355,0.0036441010398637784,0.0017863650706646667,0.0011575549374501983,0.02712440008217172,0.028982136051370833,0.0296109461845853,True,True,False
2022-05-30,2022-01-01,0.1017699353509979,-0.0010125421345918823,0.0015817636781598234,0.0011594066755984084,0.10278247748558979,0.10018817167283808,0.10061052867539949,False,True,False
2022-05-31,2022-01-01,-0.0271048698896418,-0.005008130715371469,-0.0012346182941012696,0.001162497020901845,0.02209673917427033,0.02587025159554053,0.028267366910543646,True,True,True
2022-06-01,2022-01-01,-0.0611424367115437,0.015910164265355423,0.004268445676294428,0.001180771382451691,0.07705260097689912,0.06541088238783813,0.06232320809399539,False,False,True
2022-06-02,2022-01-01,0.0058024537643219,-0.004278227802569311,0.0050955289562763,0.001203583377099455,0.010080681566891212,0.0007069248080456003,0.004598870387222445,False,True,False
2022-06-03,2022-01-01,-0.0322066804251824,0.008052626611443337,0.002254635239842485,0.0012251821735874938,0.04025930703662574,0.03446131566502488,0.033431862598769894,False,False,True
2022-06-04,2022-01-01,0.0149463148226545,0.007003785848808037,0.004068855707183116,0.0012363050651135665,0.007942528973846463,0.010877459115471385,0.013710009757540935,True,True,False
2022-06-05,2022-01-01,0.0019956927348694,-0.00013634210608835752,0.0020027854923095898,0.0012413663844758924,0.0021320348409577575,7.092757440189772e-06,0.0007543263503935077,False,True,False
2022-06-06,2022-01-01,0.0299604300417379,-0.01159672419171868,0.002727001560603407,0.0012595438402281315,0.04155715423345658,0.027233428481134494,0.02870088620150977,False,True,False
2022-06-07,2022-01-01,-0.0243325898424566,0.0012175789421291648,0.0015416663874617397,0.0012728144133912415,0.025550168784585763,0.02587425622991834,0.02560540425584784,False,False,True
2022-06-08,2022-01-01,-0.01128750197501,0.002248414198136407,0.003853166374886669,0.0013028022667282695,0.013535916173146407,0.015140668349896668,0.01259030424173827,False,False,True
2022-06-09,2022-01-01,-0.0020886896458599,0.012866181917297556,0.0030957833659766947,0.0013232703476600046,0.014954871563157456,0.005184473011836594,0.003411959993519905,False,False,True
2022-06-10,2022-01-01,-0.0697184027968412,0.005733194175078928,0.0027818459572306943,0.0013489191989698314,0.07545159697192014,0.07250024875407189,0.07106732199581103,False,False,True
2022-06-11,2022-01-01,-0.081306516571156,-0.005299397391037978,0.00554801184082071,0.0013620122481784232,0.07600711918011803,0.08685452841197672,0.08266852881933442,True,False,True
2022-06-12,2022-01-01,-0.0552061953859559,-0.0011312285847773196,0.005729384243223163,0.0013578801106576394,0.05407496680117858,0.06093557962917906,0.05656407549661354,True,False,True
2022-06-13,2022-01-01,-0.1665036209329436,-0.007486624367276968,0.004628117575818363,0.0013542338233660492,0.15901699656566665,0.17113173850876195,0.16785785475630965,True,False,True
2022-06-14,2022-01-01,0.0058776186564533,0.00500840147175613,0.009228224750983754,0.001331708892728141,0.0008692171846971701,0.0033506060945304545,0.0045459097637251585,True,True,False
2022-06-15,2022-01-01,0.0177801764306098,-0.00926510688043228,0.001799387585705337,0.0013158545247474035,0.027045283311042077,0.01598078884490446,0.016464321905862396,False,True,False
2022-06-16,2022-01-01,-0.13418330070586,0.00596514122998534,0.0020516716078550737,0.0013095323794497242,0.14014844193584533,0.13623497231371506,0.1354928330853097,False,False,True
2022-06-17,2022-01-01,0.0175967348245369,-0.0053432104186943935,0.008228116837117362,0.0013022850117173964,0.022939945243231293,0.009368617987419538,0.0162944498128195,False,True,False
2022-06-18,2022-01-01,-0.0854862941009796,-0.005778772092518373,0.0014643880926056001,0.0012942236616488643,0.07970752200846123,0.0869506821935852,0.08678051776262846,True,False,True
2022-06-19,2022-01-01,0.1348779725972366,0.0021239074329411018,0.006270079940641547,0.0012674005708087587,0.1327540651642955,0.12860789265659506,0.13361057202642784,True,True,False
2022-06-20,2022-01-01,-1.2448902667161477e-05,-0.01699465678344063,-0.0030655714715413537,0.0012250769823292898,0.016982207880773467,0.0030531225688741922,0.0012375258849964513,True,True,True
2022-06-21,2022-01-01,-0.0024989047535589,0.012285035455049399,0.0033176265045852275,0.0011916997925638165,0.0147839402086083,0.005816531258144127,0.0036906045461227166,False,False,True
2022-06-22,2022-01-01,-0.0652570284667867,-0.005308864044085829,0.00283900345927324,0.0011728126193673671,0.05994816442270087,0.06809603192605994,0.06642984108615407,True,False,True
2022-06-23,2022-01-01,0.0874671204172921,0.001105074766530181,0.005370850472883888,0.0011425300390166355,0.08636204565076191,0.08209626994440822,0.08632459037827546,True,True,False
2022-06-24,2022-01-01,0.0729919339134357,0.0003306595160573328,-0.0010622959534160297,0.0011332392751447033,0.07266127439737836,0.07405422986685173,0.07185869463829099,True,False,False
2022-06-25,2022-01-01,0.0135324157100793,0.02194713333332056,0.0001708551863318533,0.0011198462879614794,0.00841471762324126,0.013361560523747446,0.01241256942211782,True,True,False
2022-06-26,2022-01-01,-0.0350760731282955,-0.010790948714799261,0.002503493305160188,0.0011047992341036445,0.024285124413496235,0.03757956643345569,0.03618087236239914,True,False,True
2022-06-27,2022-01-01,-0.0051265532955927,-0.0003707876547938238,0.004218033247620863,0.001075299401170544,0.004755765640798876,0.009344586543213563,0.006201852696763244,True,False,True
2022-06-28,2022-01-01,-0.0411344858871874,-0.016634143002339015,0.0028040645276425345,0.0010454797275495616,0.024500342884848383,0.043938550414829934,0.04217996561473696,True,False,True
2022-06-29,2022-01-01,-0.0398708757194797,0.007935717487667486,0.004383964563683371,0.0010013042507890037,0.04780659320714718,0.044254840283163066,0.0408721799702687,False,False,True
2022-06-30,2022-01-01,-0.0287958475755975,0.0061975358467774985,0.0041780522565693454,0.0009560212520449505,0.034993383422375,0.03297389983216684,0.02975186882764245,False,False,True
2022-07-01,2022-07-01,-0.0070565936569574,-0.0007255438355215763,0.0025130489126106315,0.0011332060541077845,0.006331049821435824,0.009569642569568031,0.008189799711065184,True,False,True
2022-07-02,2022-07-01,0.0063650606903278,-0.011854330540984228,0.0011277821675418367,0.0011046372670038005,0.018219391231312027,0.0052372785227859635,0.005260423423323999,False,True,False
2022-07-03,2022-07-01,0.0068017470323764,-0.0016598094532276546,0.0018623226865820603,0.0010900089270692958,0.008461556485604054,0.004939424345794339,0.005711738105307104,False,True,False
2022-07-04,2022-07-01,0.0719822052433643,0.00928040088085124,0.002427376092228882,0.0011115306114204224,0.06270180436251305,0.06955482915113541,0.07087067463194387,True,True,False
2022-07-05,2022-07-01,-0.0143503202086733,-0.00847607410485944,-0.00024058818602747502,0.0011441823515843314,0.00587424610381386,0.014109732022645826,0.015494502560257632,True,True,True
2022-07-06,2022-07-01,0.0462151501588095,0.01671578751147122,0.005512626844785528,0.0011675975630491236,0.029499362647338278,0.04070252331402397,0.045047552595760376,True,True,False
2022-07-07,2022-07-01,0.042645740182406,-0.0030019957508644643,0.0006033604880992297,0.0012242362938598278,0.04564773593327046,0.04204237969430677,0.04142150388854617,False,True,False
2022-07-08,2022-07-01,-0.0121907230603751,0.004662009173780252,0.0030757127207297645,0.0012768217659170054,0.01685273223415535,0.015266435781104863,0.013467544826292106,False,False,True
2022-07-09,2022-07-01,-0.004521820818469,0.0037204087838601544,0.004458593798890973,0.0013474486606616025,0.008242229602329156,0.008980414617359973,0.005869269479130603,False,False,True
2022-07-10,2022-07-01,-0.03991579906928,0.01474009275449246,0.003491601800923244,0.0013960248668115952,0.05465589182377246,0.04340740087020324,0.0413118239360916,False,False,True
2022-07-11,2022-07-01,-0.0609080288597055,-0.0006354603270089178,0.004297187453713963,0.001441199416648779,0.06027256853269658,0.06520521631341947,0.06234922827635428,True,False,True
2022-07-12,2022-07-01,-0.0538123895679865,0.008144905813399586,0.004147936706692976,0.0014838212653575469,0.061957295381386085,0.05796032627467948,0.055296210833344045,False,False,True
2022-07-13,2022-07-01,0.0726219554781932,-0.005818363035915021,0.0030853428125747237,0.0015292351091210263,0.07844031851410821,0.06953661266561847,0.07109272036907217,False,True,False
2022-07-14,2022-07-01,0.0699892112978604,-0.0024068283281152426,-0.0020406910386027307,0.0015696163470791183,0.07239603962597564,0.07202990233646313,0.06841959495078129,False,False,False
2022-07-15,2022-07-01,0.0349156432297854,0.0012078382467146129,0.0014072772771610842,0.0016040892428968276,0.03370780498307079,0.03350836595262432,0.03331155398688857,True,True,False
2022-07-16,2022-07-01,0.0969057575317808,-0.005040852448405641,0.002733889231096408,0.0016333863130401013,0.10194660998018644,0.09417186830068439,0.09527237121874069,False,True,False
2022-07-17,2022-07-01,-0.0103433749227035,0.001480879851742135,0.0002237780651798021,0.0016787816891695303,0.011824254774445634,0.010567152987883301,0.01202215661187303,False,False,True
2022-07-18,2022-07-01,0.1793483811570635,0.0012661677966373133,0.006298577241170446,0.0017260589233142618,0.17808221336042618,0.17304980391589306,0.17762232223374924,True,True,False
2022-07-19,2022-07-01,-0.0226403183766742,0.011439891745674863,-0.003437480902308464,0.00181083945040172,0.03408021012234906,0.019202837474365735,0.02445115782707592,False,True,True
2022-07-20,2022-07-01,-0.014760143806359,0.02331577409349689,0.010319205048699329,0.0019110334067578417,0.03807591789985589,0.02507934885505833,0.016671177213116842,False,False,True
2022-07-21,2022-07-01,0.0371982651601752,0.007033716336205271,0.002838049038676225,0.0020121416279639333,0.03016454882396993,0.034360216121498977,0.03518612353221127,True,True,False
2022-07-22,2022-07-01,-0.0249528286256925,-0.000620098605601777,0.0024077905422424492,0.0021141017761778557,0.024332730020090725,0.02736061916793495,0.027066930401870356,True,False,True
2022-07-23,2022-07-01,0.0077353285656676,0.009065668721287567,0.004782211179283883,0.002212352134831417,0.0013303401556199667,0.0029531173863837175,0.005522976430836183,True,True,False
2022-07-24,2022-07-01,0.0323883564603886,0.008152829389165334,0.0027786233688888236,0.0023075028404119682,0.02423552707122327,0.02960973309149978,0.030080853619976634,True,True,False
2022-07-25,2022-07-01,-0.0963397986386691,-0.0022660964066521434,0.0015601146922589399,0.002397091759375754,0.09407370223201696,0.09789991333092804,0.09873689039804485,True,False,False
2022-07-26,2022-07-01,-0.0024745407341075,0.005131415064516587,0.007193618402691972,0.0024749448158958567,0.007605955798624086,0.009668159136799472,0.004949485550003357,False,False,False
2022-07-27,2022-07-01,0.134848794131644,-0.009031859607084549,-4.464007782030606e-05,0.002548226054887374,0.14388065373872855,0.1348934342094643,0.1323005680767566,False,False,True
2022-07-28,2022-07-01,0.0545371544562234,0.003052191054768043,-0.0022007864558991337,0.0026295962088473297,0.05148496340145536,0.05673794091212253,0.05190755824737607,True,False,True
2022-07-29,2022-07-01,0.0011236618798609,0.005566307003488013,0.003991376880271168,0.0027211582531383375,0.004442645123627113,0.002867715000410268,0.0015974963732774375,True,True,True
2022-07-30,2022-07-01,-0.018199243328242,0.0052365265984510405,0.004419835784228161,0.0028137664666126033,0.02343576992669304,0.022619079112470162,0.021013009794854605,False,False,False
2022-07-31,2022-07-01,-0.0085214672712519,0.009992877226989135,0.004070290842092069,0.0029022303860736167,0.018514344498241034,0.01259175811334397,0.011423697657325517,False,False,False
2022-08-01,2022-07-01,-0.0275474610144907,0.009602122670949516,0.0030752202200684813,0.002990787777825705,0.03714958368544022,0.03062268123455918,0.030538248792316404,False,False,False
2022-08-02,2022-07-01,-0.0013762059625289,0.016523291815396902,0.00480770817275686,0.00307804757503557,0.0178994977779258,0.0061839141352857604,0.00445425353756447,False,False,False
2022-08-03,2022-07-01,-0.0086168971440647,0.01310072251589803,0.002458896817063014,0.0031322734942326206,0.02171761965996273,0.011075793961127713,0.011749170638297321,False,False,False
2022-08-04,2022-07-01,-0.0065901965190298,-0.0001835299814056568,0.002575612721597071,0.0031719413365478015,0.006406666537624143,0.00916580924062687,0.0097621378555776,True,False,False
2022-08-05,2022-07-01,0.0771349209855278,-0.015513552164754977,0.0019438352385414527,0.003204931259869238,0.09264847315028277,0.07519108574698634,0.07392998972565856,False,True,True
2022-08-06,2022-07-01,-0.0234356755126445,0.00771286742780589,-0.00023446590492339674,0.0032150438044057,0.03114854294045039,0.023201209607721103,0.0266507193170502,False,True,False
2022-08-07,2022-07-01,0.0045474609258162,0.0037616312629996295,0.005799590004539362,0.0032252845798151587,0.0007858296628165708,0.001252129078723162,0.0013221763460010416,True,True,True
2022-08-08,2022-07-01,0.0448202230257677,0.0011877181846457218,0.001882525872132064,0.0031895027857382287,0.04363250484112198,0.042937697153635636,0.04163072024002947,True,True,True
2022-08-09,2022-07-01,-0.0408281785363355,0.007799197275420033,0.0017078458528361463,0.0031769915418326,0.04862737581175553,0.042536024389171645,0.04400517007816809,False,False,False
2022-08-10,2022-07-01,0.0873255819704439,0.006039229715379461,0.005563680196893931,0.0031622790974802865,0.08128635225506445,0.08176190177354997,0.08416330287296361,True,True,True
2022-08-11,2022-07-01,0.0159209190877787,-0.00639885520866924,-0.0014548909376253792,0.0031510213848958456,0.02231977429644794,0.01737581002540408,0.012769897702882855,False,False,True
2022-08-12,2022-07-01,0.0404111014816181,0.014184409429131132,0.0049570788136807644,0.0031431415028046264,0.026226692052486966,0.03545402266793733,0.03726795997881347,True,True,True
2022-08-13,2022-07-01,0.0123081524904664,0.004311727051845599,0.0014148600200191391,0.00314655023835906,0.0079964254386208,0.01089329247044726,0.00916160225210734,True,True,True
2022-08-14,2022-07-01,-0.022477022364892,0.003695887675590325,0.004254448168699795,0.0031502038219765817,0.026172910040482326,0.026731470533591796,0.025627226186868583,False,False,False
2022-08-15,2022-07-01,-0.0168183699243464,0.014929693530489646,0.004191578359332107,0.0031748267959470786,0.03174806345483605,0.02100994828367851,0.01999319672029348,False,False,False
2022-08-16,2022-07-01,-0.013700430342454,-0.00293999310075217,0.0035086797895465946,0.0031938274829333654,0.01076043724170183,0.017209110132000594,0.016894257825387365,True,False,False
2022-08-17,2022-07-01,-0.0240343024615425,0.00549418166181999,0.002951896485225232,0.003181041370367387,0.029528484123362488,0.02698619894676773,0.027215343831909884,False,False,False
2022-08-18,2022-07-01,0.0076422157717406,0.006306474919715777,0.0034424590903457154,0.0031483766816504874,0.0013357408520248233,0.004199756681394885,0.004493839090090113,True,True,True
2022-08-19,2022-07-01,-0.1267025002432142,-0.012117174473249559,0.0012876869302528404,0.003113960740821207,0.11458532576996464,0.12799018717346702,0.1298164609840354,True,False,False
2022-08-20,2022-07-01,-0.0223086197908941,0.005073268356513039,0.007715794884765365,0.0030645850011894035,0.02738188814740714,0.030024414675659465,0.025373204792083503,False,False,False
2022-08-21,2022-07-01,0.0268326468023576,0.00037681524172028047,-0.000407686623712899,0.0030147081363141935,0.026455831560637317,0.027240333426070497,0.023817938666043405,True,False,True
2022-08-22,2022-07-01,0.001968043176185,0.0042457965467338436,0.0010310838534237513,0.0029758520253691874,0.0022777533705488438,0.0009369593227612485,0.0010078088491841876,True,True,True
2022-08-23,2022-07-01,0.0248159585084317,0.005926010400578462,0.0025167198108275077,0.0029385855507208284,0.018889948107853237,0.022299238697604192,0.02187737295771087,True,True,True
2022-08-24,2022-07-01,-0.0034344459615821,0.002531656272671124,0.0016309650635266356,0.0029118747612090325,0.005966102234253224,0.005065411025108735,0.006346320722791132,False,False,False
2022-08-25,2022-07-01,0.0237757510720919,-0.007348663622272272,0.0029102072520018904,0.0028855239379992842,0.031124414694364173,0.02086554382009001,0.020890227134092616,False,True,True
2022-08-26,2022-07-01,-0.1112166066457437,0.0008581974575342839,0.0016958972966343389,0.0028485446575463053,0.11207480410327798,0.11291250394237805,0.11406515130329001,False,False,False
2022-08-27,2022-07-01,-0.0108688180960814,0.017968840590672063,0.008458171709838293,0.0028062373250085423,0.028837658686753462,0.019326989805919695,0.013675055421089943,False,False,False
2022-08-28,2022-07-01,-0.0407991547867208,5.683704545318864e-05,0.00010999971922308945,0.0027609648293243903,0.040855991832173984,0.04090915450594389,0.04356011961604519,False,False,False
2022-08-29,2022-07-01,0.0856245611843422,0.002402322652379609,0.004061672181571991,0.0027004163364366483,0.08322223853196259,0.0815628890027702,0.08292414484790554,True,True,True
2022-08-30,2022-07-01,-0.0188008912097498,-0.006960795786495631,-0.002807055661634071,0.0026568976811933826,0.01184009542325417,0.01599383554811573,0.021457788890943182,True,True,False
2022-08-31,2022-07-01,0.0195861058400639,0.007462786869340354,0.0060138836699913534,0.002587050524067069,0.012123318970723546,0.013572222170072546,0.016999055315996832,True,True,True
2022-09-01,2022-07-01,0.0209127478327535,-0.00978924436308511,0.0002358576453956279,0.0025129515513027875,0.03070199219583861,0.020676890187357872,0.018399796281450713,False,True,True
2022-09-02,2022-07-01,-0.0056464695904866,0.003943912957116512,0.0030953698518941847,0.0024362898152011847,0.009590382547603112,0.008741839442380784,0.008082759405687784,False,False,False
2022-09-03,2022-07-01,-0.0129010362529884,-0.0014807375769879416,0.0033757043147000605,0.002360777424475366,0.01142029867600046,0.01627674056768846,0.015261813677463766,True,False,False
2022-09-04,2022-07-01,0.0133401537302195,0.01378088063718484,0.004077356846099892,0.0022924924458566326,0.0004407269069653403,0.009262796884119608,0.011047661284362867,True,True,False
2022-09-05,2022-07-01,0.0250637571533358,-0.008539769352413842,0.0015480487177023058,0.002237006396933167,0.033603526505749645,0.023515708435633494,0.022826750756402635,False,True,False
2022-09-06,2022-07-01,-0.0342785476863805,0.002824533569959946,0.0021872979644610635,0.0021877939066734142,0.037103081256340445,0.036465845650841565,0.03646634159305392,False,False,True
2022-09-07,2022-07-01,0.0436420047016361,0.004507534753148366,0.004704393982794245,0.002152595893811706,0.03913446994848774,0.03893761071884186,0.041489408807824396,True,True,False
2022-09-08,2022-07-01,0.0033384029125402,-0.0008835530242358339,0.00018220016675797373,0.0021193168134287206,0.004221955936776034,0.0031562027457822262,0.0012190860991114793,False,True,False
2022-09-09,2022-07-01,0.0512048876266275,0.006648979066297123,0.003966529873925911,0.002116458991638044,0.04455590856033037,0.04723835775270159,0.04908842863498945,True,True,False
2022-09-10,2022-07-01,0.0332259726581771,-0.0017547403416428528,0.0006833271282876835,0.0021280933428554495,0.03498071299981995,0.03254264552988942,0.031097879315321653,False,True,False
2022-09-11,2022-07-01,-0.0081092535933591,0.01033874176748077,0.0035505222525773652,0.0021367623882521027,0.01844799536083987,0.011659775845936466,0.010246015981611203,False,False,True
2022-09-12,2022-07-01,-0.027264609324431,-0.0017557106356831885,0.00375859479744419,0.00214439372721754,0.025508898688747814,0.031023204121875193,0.029409003051648543,True,False,True
2022-09-13,2022-07-01,-0.077593646060859,0.003400131719236669,0.004222407999408587,0.0021453355509494787,0.08099377778009567,0.08181605406026758,0.07973898161180848,False,False,True
2022-09-14,2022-07-01,0.0341393294035474,-0.00022782193143803045,0.005254918909129475,0.002128497034095119,0.03436715133498543,0.028884410494417926,0.03201083236945228,False,True,False
2022-09-15,2022-07-01,-0.0997467650812845,0.0068712140935678415,-0.0004587318817625887,0.002110752243345504,0.10661797917485233,0.09928803319952191,0.10185751732463,False,True,True
2022-09-16,2022-07-01,-0.0266670526396027,0.0007160550040963289,0.007391846289644111,0.0021142335120022115,0.02738310764369903,0.03405889892924681,0.028781286151604912,False,False,True
2022-09-17,2022-07-01,0.0260351173093751,0.0067633528571816055,0.0002658702899172561,0.0021211682951502945,0.019271764452193495,0.025769247019457844,0.023913949014224806,True,True,False
2022-09-18,2022-07-01,-0.0914532109469968,-0.0038287965501255573,0.0007248788438391934,0.0021393362150091307,0.08762441439687124,0.09217808979083598,0.09359254716200592,True,False,True
2022-09-19,2022-07-01,0.031611892696747,0.001909701865366859,0.005930890129858247,0.0021287779128133983,0.029702190831380145,0.025681002566888756,0.029483114783933603,True,True,False
2022-09-20,2022-07-01,-0.038585554628745,-0.00021509561166642,-0.0010549450708085889,0.002124763088746981,0.038370459017078584,0.03753060955793641,0.040710317717491985,True,True,True
2022-09-21,2022-07-01,-0.054198909652784,-0.001519245847548696,0.004725258331434777,0.002109968752212646,0.052679663805235304,0.058924167984218775,0.05630887840499664,True,False,True
2022-09-22,2022-07-01,0.0599328763635005,-0.0008708776254798267,0.0029833941599102746,0.002084595540470586,0.06080375398898032,0.056949482203590224,0.05784828082302991,False,True,False
2022-09-23,2022-07-01,0.0004363593836023,-0.0032761330391470954,-0.0009741426636607729,0.002065797890176443,0.0037124924227493953,0.001410502047263073,0.0016294385065741429,False,False,False
2022-09-24,2022-07-01,-0.0077290884691642,0.012279351274200422,0.003939267402081812,0.002049126615415932,0.020008439743364623,0.011668355871246011,0.009778215084580131,False,False,True
2022-09-25,2022-07-01,-0.0180399168250516,-0.003535719747086064,0.0026923901286956212,0.002034939394290551,0.014504197077965535,0.02073230695374722,0.02007485621934215,True,False,True
2022-09-26,2022-07-01,0.0317592799397561,0.00753602516877995,0.0033956147802572277,0.002011098860623678,0.02422325477097615,0.028363665159498872,0.02974818107913242,True,True,False
2022-09-27,2022-07-01,-0.0038885841163995,-0.0005961767336074,0.0008638652594799296,0.0019985794801558126,0.0032924073827921,0.00475244937587943,0.005887163596555313,True,False,True
2022-09-28,2022-07-01,0.0054755668979293,0.0026305199496279574,0.0039791229911487185,0.0019799673041051118,0.0028450469483013423,0.0014964439067805813,0.003495599593824188,True,True,False
2022-09-29,2022-07-01,-0.0013148875463555,0.0026664496263532687,0.0024312791996641,0.001957342962225792,0.003981337172708769,0.0037461667460196,0.0032722305085812918,False,False,True
2022-09-30,2022-07-01,-0.0057452870057058,-0.0011710127114166048,0.0029956183518098757,0.0019302319013694324,0.004574274294289195,0.008740905357515677,0.007675518907075233,True,False,True
2022-10-01,2022-07-01,-0.0123000687300006,-0.006063723418117192,0.002505944484063188,0.0018955456929154824,0.006236345311883409,0.014806013214063789,0.014195614422916083,True,False,True
2022-10-02,2022-07-01,-0.0271040710969417,0.002209842096102043,0.0034024833128834878,0.0018647754299186442,0.029313913193043745,0.03050655440982519,0.028968846526860347,False,False,True
2022-10-03,2022-07-01,0.037102064157215,0.004775770749452032,0.0034495930826933677,0.0018383059938120948,0.03232629340776297,0.033652471074521635,0.03526375816340291,True,True,False
2022-10-04,2022-07-01,0.0292324556103915,-0.005282133149312274,0.0003377142746391749,0.0018326637959946122,0.03451458875970377,0.028894741335752323,0.027399791814396886,False,True,False
2022-10-05,2022-07-01,-0.0068197983947901,0.003381418314080892,0.00248879436149079,0.0018210413792940057,0.010201216708870992,0.00930859275628089,0.008640839774084107,False,False,True
2022-10-06,2022-07-01,-0.0008335707960394,0.006988787727047686,0.0037440220493542837,0.0018308671352094746,0.007822358523087086,0.004577592845393684,0.0026644379312488744,False,False,True
2022-10-07,2022-07-01,-0.0141986908215544,-0.0031431832382394095,0.0026519744790343414,0.00184413436673478,0.011055507583314991,0.016850665300588742,0.01604282518828918,True,False,True
2022-10-08,2022-07-01,-0.0127701784695628,0.001825184169029007,0.00336160826796876,0.001850962562186847,0.014595362638591807,0.01613178673753156,0.014621141031749647,False,False,True
2022-10-09,2022-07-01,0.0054000434275067,0.008131354893554425,0.003179517203650829,0.0018638078966904965,0.002731311466047725,0.0022205262238558713,0.003536235530816204,True,True,False
2022-10-10,2022-07-01,-0.0236401792967716,-0.00026285208609254243,0.0023026744379822596,0.001869205362174313,0.023377327210679057,0.02594285373475386,0.025509384658945915,True,False,True
2022-10-11,2022-07-01,-0.0091083559150053,0.003646873327407426,0.0036231830485677877,0.0018818833959645986,0.012755229242412725,0.012731538963573086,0.010990239310969898,False,False,True
2022-10-12,2022-07-01,0.0119810720640654,0.0002531171606885048,0.002119233698838864,0.0019045292863095566,0.011727954903376895,0.009861838365226536,0.010076542777755843,True,True,False
2022-10-13,2022-07-01,-0.0052378078055799,-0.001803133245990378,0.001959955501486872,0.0019197168711009975,0.0034346745595895223,0.0071977633070667724,0.007157524676680897,True,False,True
2022-10-14,2022-07-01,0.0072184187899693,0.007568461071162897,0.0031529577985638067,0.0019339979701469116,0.0003500422811935971,0.004065460991405493,0.0052844208198223885,True,True,False
2022-10-15,2022-07-01,-0.0173809392536017,0.0007848319314016083,0.002261802254812231,0.0019531038250575736,0.01816577118500331,0.01964274150841393,0.019334043078659272,False,False,True
2022-10-16,2022-07-01,0.024649481713894,-0.0018677895955307223,0.0035581745338943947,0.0019632273467020188,0.026517271309424724,0.021091307179999606,0.02268625436719198,False,True,False
2022-10-17,2022-07-01,0.0194572898582605,0.004898846600138385,0.0011984761101380308,0.001969218772455351,0.014558443258122115,0.01825881374812247,0.01748807108580515,True,True,False
2022-10-18,2022-07-01,-0.0159693504627844,0.0002666644085802892,0.0028078507397582657,0.00197506361180746,0.01623601487136469,0.018777201202542667,0.017944414074591863,False,False,True
2022-10-19,2022-07-01,-0.0188506352291,0.005414181381929957,0.0038755758310970202,0.0019847066407461113,0.024264816611029957,0.02272621106019702,0.020835341869846112,False,False,True
2022-10-20,2022-07-01,-0.0019781032937342,0.004789673110567139,0.0032082796684494946,0.0019905972131438413,0.006767776404301339,0.0051863829621836945,0.003968700506878042,False,False,True
2022-10-21,2022-07-01,0.0130497750091276,-0.0023355024826945416,0.0022378821087098216,0.001999193909550555,0.015385277491822141,0.010811892900417779,0.011050581099577045,False,True,False
2022-10-22,2022-07-01,0.011041057600688,0.006065182540343394,0.002299937432063458,0.0020139442760617058,0.0049758750603446054,0.008741120168624541,0.009027113324626294,True,True,False
2022-10-23,2022-07-01,0.0373947023328047,0.003130640484908579,0.0026594465791160288,0.0020352840387413314,0.03426406184789613,0.034735255753688674,0.035359418294063374,True,True,False
2022-10-24,2022-07-01,-0.0135307687335297,-5.099222556051615e-05,0.0014312357073701927,0.0020529590220991806,0.013479776507969185,0.014962004440899894,0.015583727755628881,True,False,True
2022-10-25,2022-07-01,0.0867412618435559,0.0005362860876042359,0.004242691857296704,0.002064042096184602,0.08620497575595167,0.08249856998625921,0.0846772197473713,True,True,False
2022-10-26,2022-07-01,0.0717683026079167,-0.0007797088013206249,-0.000914594294953522,0.0020905318418764575,0.07254801140923732,0.07268289690287022,0.06967777076604023,False,False,False
2022-10-27,2022-07-01,-0.0333160242163481,0.004603850802986548,0.002962446711057714,0.0021242518168504637,0.03791987501933465,0.03627847092740581,0.03544027603319856,False,False,True
2022-10-28,2022-07-01,0.0271419104627133,0.008322003887039867,0.006232841273732987,0.0021600772687054284,0.018819906575673433,0.020909069188980313,0.02498183319400787,True,True,False
2022-10-29,2022-07-01,0.0412867202015307,0.004450720821036057,0.0015542248562511107,0.002203049771943776,0.036835999380494644,0.03973249534527959,0.03908367042958692,True,True,False
2022-10-30,2022-07-01,-0.0178521875379185,0.0037500921396326258,0.0023777753805110267,0.002256419109656694,0.021602279677551125,0.020229962918429528,0.020108606647575192,False,False,True
2022-10-31,2022-07-01,-0.0113584593011946,0.010717517976891152,0.005099948992378627,0.0023157820296518072,0.022075977278085752,0.01645840829357323,0.013674241330846408,False,False,True
2022-11-01,2022-07-01,0.0044446162380507,0.002803275926151788,0.0032482364327420248,0.002374693311700289,0.001641340311898912,0.0011963798053086752,0.002069922926350411,True,True,True
2022-11-02,2022-07-01,-0.0379772257656708,0.0015972413901405593,0.002255984839270978,0.002428981913030401,0.03957446715581136,0.04023321060494178,0.0404062076787012,False,False,False
2022-11-03,2022-07-01,0.0077843418186416,0.0006610069730450896,0.004186572214328471,0.0024701074439688873,0.007123334845596511,0.003597769604313129,0.005314234374672712,True,True,True
2022-11-04,2022-07-01,0.074142044046136,0.003564682239295526,0.001597449443466036,0.0025145320405788505,0.07057736180684047,0.07254459460266996,0.07162751200555716,True,True,True
2022-11-05,2022-07-01,-0.0104099660114694,0.002846130257831046,0.00011398612406712675,0.0025622276423444197,0.013256096269300445,0.010523952135536526,0.012972193653813819,False,False,False
2022-11-06,2022-07-01,-0.0342348717944103,-0.00016444227530131505,0.004791307907585303,0.0026004281681723724,0.034070429519108984,0.0390261797019956,0.036835299962582675,True,False,False
2022-11-07,2022-07-01,-0.0023173591841516,0.004924446150941838,0.003926981686624524,0.0026318290373379513,0.007241805335093438,0.006244340870776124,0.004949188221489551,False,False,False
2022-11-08,2022-07-01,-0.1502977455077471,0.006631799438055707,0.002299084542298168,0.0026569893561425506,0.1569295449458028,0.15259683005004526,0.15295473486388966,False,False,False
2022-11-09,2022-07-01,-0.1745644972990557,0.00806865322606523,0.008613153499709465,0.0026675332310929904,0.18263315052512094,0.18317765079876516,0.1772320305301487,False,False,False
2022-11-10,2022-07-01,0.1811491279255876,0.006202320708477977,0.005440068492287073,0.00265375462890399,0.17494680721710962,0.17570905943330054,0.1784953732966836,True,True,True
2022-11-11,2022-07-01,-0.0094219806196474,-0.005161904584564343,-0.009624307240628911,0.002650467810711424,0.004260076035083056,0.00020232662098151194,0.012072448430358823,True,True,False
2022-11-12,2022-07-01,-0.0248230545243844,-0.00038312860700499525,0.006820106624181314,0.0026489205583890146,0.024439925917379406,0.03164316114856572,0.027471975082773416,True,False,False
2022-11-13,2022-07-01,-0.0266469697343948,-0.0032145298038104056,0.0019897957495869784,0.002636652431046994,0.023432439930584397,0.02863676548398178,0.029283622165441794,True,False,False
2022-11-14,2022-07-01,0.0161930946535582,0.003926482023830785,0.003446311866022134,0.002623543130492906,0.012266612629727414,0.012746782787536066,0.013569551523065293,True,True,True
2022-11-15,2022-07-01,0.0081603764031499,-0.008532225355797132,0.0003299021704820746,0.0025919275472868447,0.01669260175894703,0.007830474232667825,0.005568448855863054,False,True,True
2022-11-16,2022-07-01,-0.0288668385698263,0.015579757864866766,0.004270102390413328,0.002547172078390037,0.044446596434693064,0.03313694096023963,0.031414010648216334,False,False,False
2022-11-17,2022-07-01,-0.0121700513425295,0.012504264478836059,0.004301607109328039,0.0025069500792408504,0.02467431582136556,0.016471658451857538,0.014677001421770352,False,False,False
2022-11-18,2022-07-01,0.0095699675023666,-0.010978883922770938,0.0018459843782775672,0.002459071551975679,0.020548851425137536,0.007723983124089033,0.007110895950390921,False,True,True
2022-11-19,2022-07-01,0.0050535868705823,-0.014370191807925852,0.0011526017464333117,0.0024016381398531622,0.01942377867850815,0.003900985124148989,0.002651948730729138,False,True,True
2022-11-20,2022-07-01,-0.0623427567728299,0.019934057352914546,0.0033443187561050794,0.0023487562677173904,0.08227681412574445,0.06568707552893498,0.0646915130405473,False,False,False
2022-11-21,2022-07-01,-0.0298596433605115,0.004547694574275366,0.005341773453645119,0.002290172672645521,0.03440733793478687,0.035201416814156616,0.03214981603315702,False,False,True
2022-11-22,2022-07-01,0.0241984583509369,-0.005089438049726265,0.0017287077986725876,0.0022245417980700957,0.029287896400663163,0.022469750552264314,0.021973916552866804,False,True,False
2022-11-23,2022-07-01,0.0423072989795727,0.0008063805364955851,0.0008545644379125493,0.002173984747990257,0.041500918443077114,0.04145273454166015,0.040133314231582444,True,True,False
2022-11-24,2022-07-01,0.017565565100011,-0.004287843614286994,0.0013522890979448118,0.0021284654938991984,0.021853408714297994,0.01621327600206619,0.015437099606111802,False,True,False
2022-11-25,2022-07-01,-0.0042004333353948,-0.0027591255432640864,0.003008712278950475,0.0020656916668942964,0.001441307792130714,0.007209145614345275,0.006266125002289097,True,False,True
2022-11-26,2022-07-01,0.0058152433600184,-0.004227352531481845,0.0030516532332823952,0.0020048546723310935,0.010042595891500245,0.0027635901267360047,0.0038103886876873065,False,True,False
2022-11-27,2022-07-01,-0.0089319300200552,0.0028015295113202696,0.0026119644009548935,0.001952459631341478,0.01173345953137547,0.011543894421010094,0.010884389651396677,False,False,True
2022-11-28,2022-07-01,-0.0209523945710526,0.0018679126032578285,0.0036366812483345492,0.0018983242970226633,0.02282030717431043,0.02458907581938715,0.022850718868075263,False,False,True
2022-11-29,2022-07-01,0.0400099276541503,0.018237954861726354,0.0038338342572423927,0.0018805904435384602,0.021771972792423943,0.0361760933969079,0.03812933721061184,True,True,False
2022-11-30,2022-07-01,0.0647442459540237,-0.0040942101865736324,0.0005002939073321831,0.001904254483026591,0.06883845614059733,0.06424395204669152,0.06283999147099711,False,True,False
2022-12-01,2022-07-01,-0.0149840577991104,0.0019068983846189788,0.0011315513949571563,0.0019026709536404994,0.016890956183729378,0.016115609194067557,0.0168867287527509,False,False,True
2022-12-02,2022-07-01,0.0141266060373959,0.007391320322850337,0.005122369735627495,0.0019019767444194335,0.006735285714545564,0.009004236301768404,0.012224629292976467,True,True,False
2022-12-03,2022-07-01,-0.0393791038762576,-0.006137570086268819,0.0019764805589991084,0.001908045153683378,0.03324153378998878,0.041355584435256706,0.041287149029940975,True,False,True
2022-12-04,2022-07-01,0.0296957438780749,-0.00047964945769400115,0.005066069789529491,0.0019148280228472737,0.0301753933357689,0.02462967408854541,0.027780915855227628,False,True,False
2022-12-05,2022-07-01,-0.0160747729136786,0.005677058825044682,0.0006960560776000436,0.0019208840760900475,0.021751831738723283,0.016770828991278644,0.017995656989768648,False,False,True
2022-12-06,2022-07-01,0.0095080350629386,0.009209077613176946,0.004805785288826362,0.0019249918973830726,0.000298957449761654,0.004702249774112238,0.007583043165555528,True,True,False
2022-12-07,2022-07-01,-0.0308388244730828,-0.000543507131854208,0.0013961982515242064,0.001937865941481977,0.030295317341228593,0.03223502272460701,0.032776690414564776,True,False,True
2022-12-08,2022-07-01,0.0394980134958669,0.004563779956921457,0.004298327012608753,0.0019478089126928181,0.034934233538945446,0.03519968648325815,0.03755020458317408,True,True,False
2022-12-09,2022-07-01,-0.0131381846715143,-0.011203292407472927,-0.00011057057669815141,0.001959477225514442,0.0019348922640413727,0.013027614094816148,0.015097661897028741,True,True,True
2022-12-10,2022-07-01,0.0016605160885547,0.01585727214335377,0.00492075471310276,0.0019682167793232085,0.01419675605479907,0.0032602386245480603,0.0003077006907685085,True,True,False
2022-12-11,2022-07-01,-0.0019864627881867,0.0006783917816483432,0.001963027076301786,0.001990782898037021,0.0026648545698350432,0.0039494898644884865,0.003977245686223721,False,False,True
2022-12-12,2022-07-01,0.008506017852129,0.005775464875006008,0.0032557000805108934,0.002019648085458176,0.0027305529771229926,0.005250317771618107,0.0064863697666708246,True,True,False
2022-12-13,2022-07-01,0.0360344346919685,-0.0009247184343270701,0.001992785478938246,0.002048278836198218,0.03695915312629557,0.03404164921303025,0.033986155855770285,False,True,False
2022-12-14,2022-07-01,-0.0084968125629105,0.004434827671758386,0.001927036646191809,0.00207260412711631,0.012931640234668886,0.010423849209102309,0.010569416690026812,False,False,True
2022-12-15,2022-07-01,-0.0328220502271998,0.0034811238379539255,0.004053280861879181,0.002099692497652466,0.03630317406515372,0.03687533108907898,0.03492174272485227,False,False,True
2022-12-16,2022-07-01,-0.0774621405824249,0.002838904144884723,0.0038801101506940345,0.0021300093875254405,0.08030104472730962,0.08134225073311893,0.07959214996995034,False,False,True
2022-12-17,2022-07-01,0.017025445486444,0.0033327600509190087,0.004989876146880469,0.00214591737591973,0.01369268543552499,0.012035569339563531,0.01487952811052427,True,True,False
2022-12-18,2022-07-01,-0.0028904831146532,0.0015143034107597615,-0.00011758999173565538,0.002168556622182455,0.004404786525412961,0.0027728931229175444,0.0050590397368356545,False,True,True
2022-12-19,2022-07-01,-0.0144383616719595,0.008723382928711882,0.0033576212888974106,0.0021995923893785617,0.023161744600671382,0.01779598296085691,0.016637954061338063,False,False,True
2022-12-20,2022-07-01,0.0429028150372292,-0.00381505443597274,0.002458557212247817,0.002219309876840303,0.046717869473201945,0.040444257824981386,0.0406835051603889,False,True,False
2022-12-21,2022-07-01,-0.0033699807166168,-0.0013047589052021442,0.000419602035871438,0.002229744281427628,0.002065221811414656,0.003789582752488238,0.005599724998044428,True,False,True
2022-12-22,2022-07-01,0.0037756702476037,-0.004859635253134736,0.00352356813950266,0.002243700587446027,0.008635305500738436,0.0002521021081010404,0.001531969660157673,False,True,False
2022-12-23,2022-07-01,0.0016231521337866,0.006150302959725873,0.002759720413862299,0.0022510526698427654,0.004527150825939273,0.0011365682800756989,0.0006279005360561654,True,True,False
2022-12-24,2022-07-01,0.0008106610684399,0.005274624973267929,0.0032071477438005173,0.0022684129309504353,0.004463963904828029,0.0023964866753606174,0.0014577518625105354,True,True,False
2022-12-25,2022-07-01,-0.0017905466295349,0.00636521816032321,0.0027573387604869375,0.0022874751809436778,0.00815576478985811,0.0045478853900218375,0.004078021810478578,False,False,True
2022-12-26,2022-07-01,0.0065730751771251,0.00015985451887772515,0.002946879408934462,0.0023090027479452397,0.006413220658247374,0.0036261957681906374,0.00426407242917986,True,True,False
2022-12-27,2022-07-01,-0.0115591161964523,0.005853756661249274,0.002491957056615514,0.0023255594663179496,0.017412872857701572,0.014051073253067814,0.01388467566277025,False,False,True
2022-12-28,2022-07-01,-0.018804171717317,-0.00039311350573824474,0.0033539985549375178,0.002347547806313884,0.018411058211578755,0.022158170272254515,0.02115171952363088,True,False,False
2022-12-29,2022-07-01,0.0097557888163,-0.0008840310090524666,0.0030165480247988786,0.0023414921702622883,0.010639819825352465,0.00673924079150112,0.007414296646037711,False,True,True
2022-12-30,2022-07-01,-0.0019661767614649,0.007070168332583027,0.001991665819616052,0.002322944773743085,0.009036345094047927,0.003957842581080952,0.0042891215352079855,False,False,True
2022-12-31,2022-07-01,-0.0020526021936836,-0.0005915650209116457,0.002952876756510475,0.0023180791350248878,0.0014610371727719544,0.005005478950194075,0.004370681328708488,True,False,True
2023-01-01,2023-01-01,0.0035040978381162,-0.00014764905196507777,-0.003082752225488689,0.0013886357126474686,0.0036517468900812778,0.006586850063604889,0.002115462125468731,False,False,False
2023-01-02,2023-01-01,0.01140064385081,-0.002455243189514144,-0.0031139765300339617,0.0013702283183690302,0.013855887040324144,0.014514620380843963,0.01003041553244097,False,False,False
2023-01-03,2023-01-01,0.0001005982935273,0.001168540022415117,-0.003171236981426872,0.0013337464570421708,0.001067941728887817,0.003271835274954172,0.0012331481635148708,True,False,False
2023-01-04,2023-01-01,0.0343665879245151,0.000773545652188833,-0.0030011493985418265,0.0013040218442800207,0.03359304227232627,0.037367737323056927,0.03306256608023508,True,False,False
2023-01-05,2023-01-01,-0.0048451124237453,0.0029406986836996766,-0.003311378281421899,0.0012998712534653596,0.007785811107444977,0.0015337341423234006,0.006144983677210659,False,True,True
2023-01-06,2023-01-01,0.0151470289770396,0.0032382773005866935,-0.0029102258706218197,0.0013240933252365655,0.011908751676452906,0.01805725484766142,0.013822935651803035,True,False,False
2023-01-07,2023-01-01,-0.0040245210170873,0.0029503769968251166,-0.003149903353880416,0.0013432173452885877,0.006974898013912417,0.0008746176632068838,0.0053677383623758875,False,True,True
2023-01-08,2023-01-01,0.0182627953549434,0.007441581456114301,-0.002954212534441753,0.0013640388002304818,0.010821213898829098,0.021217007889385152,0.01689875655471292,True,False,False
2023-01-09,2023-01-01,0.0265500378388152,-0.0006527702768686617,-0.003219491619639375,0.001396622685683305,0.02720280811568386,0.029769529458454576,0.025153415153131894,False,False,False
2023-01-10,2023-01-01,0.0113860580874995,0.0009176564684859554,-0.003160718562403723,0.0014080062979547675,0.010468401619013544,0.014546776649903222,0.009978051789544733,True,False,False
2023-01-11,2023-01-01,0.038416291506143,0.0003299397835270562,-0.0030489222886415325,0.0014191398901830445,0.038086351722615944,0.04146521379478453,0.036997151615959956,True,False,True
2023-01-12,2023-01-01,0.0216190139881942,0.0005476822214156843,-0.003267596746330016,0.001443086854515974,0.021071331766778514,0.024886610734524216,0.020175927133678224,True,False,True
2023-01-13,2023-01-01,0.0237502488000775,0.002454679014057822,-0.0030300208916589333,0.0014791102362469674,0.021295569786019677,0.02678026969173643,0.02227113856383053,True,False,True
2023-01-14,2023-01-01,0.0682633136301174,0.007179086461026232,-0.003108873999093722,0.0015243795689531127,0.06108422716909116,0.07137218762921112,0.06673893406116428,True,False,True
2023-01-15,2023-01-01,0.0011430806152468,0.0014344079721725577,-0.003385465174163744,0.0015895732028529013,0.0002913273569257577,0.004528545789410544,0.0004464925876061013,True,False,True
2023-01-16,2023-01-01,0.015687166258109,0.0063318676416987294,-0.0027839058075763176,0.0016526356993386137,0.009355298616410268,0.018471072065685316,0.014034530558770384,True,False,True
2023-01-17,2023-01-01,-0.0056996675806778,0.004724771797552464,-0.003067730642637929,0.0017231831864233406,0.010424439378230264,0.0026319369380398716,0.007422850767101141,False,True,False
2023-01-18,2023-01-01,-0.0333828124787105,0.0030360776244553822,-0.002914779059526074,0.001795297071800684,0.03641889010316588,0.030468033419184425,0.035178109550511184,False,True,False
2023-01-19,2023-01-01,0.024446974889233,0.006338298863594952,-0.0028554687784288647,0.0018590361578319338,0.018108676025638048,0.027302443667661866,0.022587938731401067,True,False,True
2023-01-20,2023-01-01,0.0690458804911851,0.00234128788633336,-0.0033477393997746827,0.0019413391669594908,0.06670459260485173,0.07239361989095978,0.06710454132422561,True,False,True
2023-01-21,2023-01-01,-0.0196631448822972,0.0011200234086931066,-0.0035373099810044836,0.002041486087311854,0.020783168290990306,0.016125834901292716,0.021704630969609055,False,True,False
2023-01-22,2023-01-01,0.0007767819470894,0.0033429046305832114,-0.002692986059069701,0.0021355243120247647,0.0025661226834938116,0.003469768006159101,0.0013587423649353647,True,False,True
2023-01-23,2023-01-01,-8.043655534839544e-05,0.0017135218403486958,-0.0030500874361244035,0.0022169681540475388,0.0017939583956970912,0.002969650880776008,0.002297404709395934,False,True,False
2023-01-24,2023-01-01,-0.0440023351718276,0.003714518974411392,-0.003060915562433839,0.0023027383699787247,0.04771685414623899,0.04094141960939376,0.046305073541806324,False,True,False
2023-01-25,2023-01-01,0.0354019408546404,0.006652145543334917,-0.0027820762234974064,0.0023579879186222054,0.028749795311305483,0.03818401707813781,0.033043952936018195,True,False,True
2023-01-26,2023-01-01,-0.0053391099403119,0.004355398563736521,-0.00345718733222854,0.002426380346420163,0.009694508504048422,0.0018819226080833604,0.007765490286732063,False,True,False
2023-01-27,2023-01-01,-0.0030874209336673,0.0025477704492676972,-0.0030057523382757516,0.002480724216891948,0.005635191382934997,8.166859539154858e-05,0.005568145150559248,False,True,False
2023-01-28,2023-01-01,-0.0160944410895793,-0.0009011082437924245,-0.0030928120834930895,0.0025423143276918636,0.015193332845786875,0.01300162900608621,0.018636755417271163,True,True,False
2023-01-29,2023-01-01,0.0468830688121497,0.005606414687131657,-0.002893339500899108,0.0025889916694136882,0.04127665412501805,0.04977640831304881,0.04429407714273601,True,False,True
2023-01-30,2023-01-01,-0.0478867852248376,0.0037422827891506636,-0.0035141280567287094,0.0026374282984079245,0.05162906801398826,0.04437265716810889,0.05052421352324553,False,True,False
2023-01-31,2023-01-01,0.0122558138574913,0.008647020741814195,-0.002550951745760042,0.0026666633021378786,0.003608793115677104,0.01480676560325134,0.00958915055535342,True,False,True
2023-02-01,2023-01-01,0.034828926102213,-0.00045090862672450094,-0.0033053906164075713,0.0026842719679841245,0.0352798347289375,0.03813431671862057,0.03214465413422887,False,False,True
2023-02-02,2023-01-01,0.0008824820072261,0.0021930538731398936,-0.0033202234396942382,0.002708306969904809,0.0013105718659137938,0.004202705446920339,0.001825824962678709,True,False,True
2023-02-03,2023-01-01,0.0130863462922043,-0.002337343524593849,-0.0029797626575897703,0.0027202196669834575,0.015423689816798147,0.01606610894979407,0.010366126625220842,False,False,True
2023-02-04,2023-01-01,0.0013897610693263,0.006492084797853724,-0.0030537618804313085,0.002698667394455158,0.005102323728527424,0.004443522949757609,0.001308906325128858,True,False,True
2023-02-05,2023-01-01,-0.0212429948444515,0.003852331298656547,-0.0030359082177081856,0.002663325582043046,0.025095326143108047,0.018207086626743314,0.023906320426494546,False,True,False
2023-02-06,2023-01-01,-0.0094375893422057,0.0023114326181273566,-0.0029134054014995007,0.0026178890153306694,0.011749021960333056,0.006524183940706198,0.012055478357536368,False,True,False
2023-02-07,2023-01-01,0.0344974915968645,0.003673042284834195,-0.0030201733177592205,0.002572719275780758,0.030824449312030305,0.03751766491462372,0.03192477232108374,True,False,True
2023-02-08,2023-01-01,-0.0127312787648554,0.003989317285207917,-0.003438974770637478,0.0025508552254365083,0.01672059605006332,0.009292303994217922,0.015282133990291907,False,True,False
2023-02-09,2023-01-01,-0.0631716867790626,-0.0004142841861505776,-0.0028746088529049973,0.0025214429693699945,0.06275740259291201,0.0602970779261576,0.0656931297484326,True,True,False
2023-02-10,2023-01-01,-0.0204140657770952,0.0030034079115754987,-0.0026436053528340634,0.002442549183411957,0.023417473688670698,0.017770460424261135,0.022856614960507157,False,True,False
2023-02-11,2023-01-01,0.0165411100639107,0.0010659683778280107,-0.003185693300697113,0.002369481872491899,0.01547514168608269,0.019726803364607814,0.014171628191418801,True,False,True
2023-02-12,2023-01-01,-0.0161650976450407,-0.00838646455175914,-0.0033786179290718824,0.002301053426001296,0.007778633093281561,0.012786479715968819,0.018466151071042,True,True,False
2023-02-13,2023-01-01,-0.0051931504204765,0.007296152860238485,-0.002950877696324301,0.002229250725260434,0.012489303280714984,0.0022422727241521987,0.007422401145736933,False,True,False
2023-02-14,2023-01-01,0.0329819223804119,6.59924731477423e-05,-0.003140526680946573,0.0021775358292468543,0.032915929907264156,0.036122449061358475,0.030804386551165047,True,False,True
2023-02-15,2023-01-01,0.0750675811775845,-0.0028067379057562705,-0.003375376963503053,0.002119349076935847,0.07787431908334076,0.07844295814108755,0.07294823210064864,False,False,True
2023-02-16,2023-01-01,-0.0201215389290912,-0.0004047602259191164,-0.003455001350493146,0.0020818282966598924,0.019716778703172084,0.016666537578598054,0.022203367225751093,True,True,False
2023-02-17,2023-01-01,0.0333618549277976,0.011487677386128202,-0.0025824021473933056,0.0020377997192004616,0.0218741775416694,0.0359442570751909,0.031324055208597136,True,False,True
2023-02-18,2023-01-01,-0.0017488177653378,-0.001678125330541189,-0.0032842652613848146,0.002012151662877604,7.069243479661106e-05,0.0015354474960470146,0.0037609694282154044,True,True,False
2023-02-19,2023-01-01,-0.0061373574657173,0.005211209893161172,-0.0028900623745656117,0.001964986680239334,0.011348567358878472,0.0032472950911516885,0.008102344145956635,False,True,False
2023-02-20,2023-01-01,0.0126314719596059,0.004411117512115349,-0.0029951619122395817,0.0019388281634514575,0.00822035444749055,0.015626633871845482,0.010692643796154443,True,False,True
2023-02-21,2023-01-01,-0.0262168584520782,0.004566742466301435,-0.003129027354605161,0.0019115381156478805,0.030783600918379637,0.02308783109747304,0.02812839656772608,False,True,False
2023-02-22,2023-01-01,-0.0089290486661128,0.0013544910545534783,-0.002892158712581902,0.0018634738488522236,0.010283539720666278,0.0060368899535308985,0.010792522514965024,False,True,False
2023-02-23,2023-01-01,0.0047724025384072,-0.0016102319507405108,-0.0031030628833434866,0.001813166508229235,0.006382634489147711,0.007875465421750686,0.0029592360301779652,False,False,True
2023-02-24,2023-01-01,-0.025862370437327,0.0004381680037221726,-0.0031528535716820066,0.0017635357309080848,0.02630053844104917,0.022709516865644992,0.027625906168235084,False,True,False
2023-02-25,2023-01-01,-0.0083676177972741,0.001152989407813979,-0.0029607618237468543,0.0017061514493897478,0.009520607205088079,0.005406855973527245,0.010073769246663847,False,True,False
2023-02-26,2023-01-01,0.0287803576169776,-0.0020446210682820566,-0.003123941157121019,0.001658995434673157,0.030824978685259657,0.031904298774098616,0.027121362182304442,False,False,True
2023-02-27,2023-01-01,-0.0039557867255725,-0.0022711612742762565,-0.003369030814145407,0.001623302843188382,0.0016846254512962434,0.0005867559114270927,0.005579089568760882,True,True,False
2023-02-28,2023-01-01,-0.0173963255659637,0.005256952198390233,-0.0029796944215146957,0.0015742638597231293,0.022653277764353934,0.014416631144449004,0.01897058942568683,False,True,False
2023-03-01,2023-01-01,0.0358295960478258,-0.00020572777173825723,-0.002936645773080352,0.001530603310789212,0.03603532381956406,0.03876624182090615,0.034298992737036585,False,False,True
2023-03-02,2023-01-01,-0.0096874192999423,0.0006550634729627358,-0.003381598563038823,0.0015264089340855686,0.010342482772905035,0.006305820736903476,0.011213828234027869,False,True,False
2023-03-03,2023-01-01,-0.0474417629256812,0.004866204237763438,-0.002902286016244099,0.0015337880006419244,0.05230796716344464,0.044539476909437097,0.04897555092632312,False,True,False
2023-03-04,2023-01-01,-0.0014298360099453,0.008846689523559988,-0.0027148768019039735,0.0015251488827416413,0.010276525533505288,0.0012850407919586734,0.0029549848926869416,False,True,False
2023-03-05,2023-01-01,-0.0015668917403467,0.0012441697643928735,-0.003242240596723261,0.0015265407738619013,0.002811061504739573,0.0016753488563765611,0.003093432514208601,False,True,False
2023-03-06,2023-01-01,0.0018727965263767,-0.0002768611517615725,-0.0031712769959978872,0.0015404463799358408,0.0021496576781382722,0.005044073522374588,0.00033235014644085914,False,False,True
2023-03-07,2023-01-01,-0.0034870363462051,-0.0007243961600153716,-0.0030939801882641483,0.0015416475547219513,0.0027626401861897284,0.0003930561579409517,0.005028683900927051,True,True,False
2023-03-08,2023-01-01,-0.0178271710454949,0.001688891779703034,-0.0030618099922725553,0.0015132149641682432,0.01951606282519793,0.014765361053222344,0.019340386009663143,False,True,False
2023-03-09,2023-01-01,-0.0622046937711358,-0.0031968006580054007,-0.003019145057405167,0.001488385811334358,0.0590078931131304,0.059185548713730635,0.06369307958247016,True,True,False
2023-03-10,2023-01-01,-0.0066052302026157,0.0006997276792055493,-0.0026878527475469594,0.0014277837373526724,0.00730495788182125,0.003917377455068741,0.008033013939968373,False,True,False
2023-03-11,2023-01-01,0.0374056718236595,0.0025015336727827507,-0.0032958565310741337,0.0013702958043815886,0.03490413815087675,0.04070152835473364,0.036035376019277914,True,False,False
2023-03-12,2023-01-01,0.0726258307949647,-0.001452122872357929,-0.0034837818447950577,0.0013356215057901085,0.07407795366732262,0.07610961263975975,0.07129020928917458,False,False,False
2023-03-13,2023-01-01,0.0566034013730765,-0.002645636505454481,-0.0034964555944355454,0.001309186903800739,0.05924903787853098,0.06009985696751204,0.05529421446927576,False,False,False
2023-03-14,2023-01-01,0.0138058658675048,0.004257846475729979,-0.0031429556058470078,0.0013096607753587588,0.00954801939177482,0.01694882147335181,0.01249620509214604,True,False,False
2023-03-15,2023-01-01,-0.027781826468116,0.0016168307701053936,-0.002854693957566251,0.0013179027628559556,0.029398657238221392,0.02492713251054975,0.029099729230971955,False,True,True
2023-03-16,2023-01-01,0.0127008569271513,0.005006860179858435,-0.0026608873896261185,0.001308661917320931,0.007693996747292865,0.015361744316777419,0.01139219500983037,True,False,False
2023-03-17,2023-01-01,0.0687268013411308,0.009345598064891459,-0.003170457537528834,0.0013202332012269794,0.05938120327623934,0.07189725887865962,0.06740656813990381,True,False,False
2023-03-18,2023-01-01,-0.0171970407594967,0.0029836159991739465,-0.003529616767152623,0.0013531889381967466,0.020180656758670645,0.013667423992344076,0.018550229697693446,False,True,True
2023-03-19,2023-01-01,0.0135763283635621,0.002542882994505938,-0.0026967670698846446,0.0013681805757566454,0.011033445369056162,0.016273095433446745,0.012208147787805454,True,False,False
2023-03-20,2023-01-01,-0.028145110529571,-0.0030285272642983675,-0.0031673181901932996,0.0013859531562459395,0.02511658326527263,0.024977792339377698,0.029531063685816938,True,True,True
2023-03-21,2023-01-01,0.0411678538004882,-0.00023853753108354827,-0.002798424158211845,0.0014110343393511394,0.04140639133157175,0.04396627795870005,0.03975681946113706,False,False,False
2023-03-22,2023-01-01,-0.0382140809016481,0.0007892360352695924,-0.0034611296803311663,0.001423711624813635,0.03900331693691769,0.034752951221316934,0.03963779252646173,False,True,False
2023-03-23,2023-01-01,0.0452824645752294,0.01176708355055418,-0.00263923854691711,0.0014316510465496699,0.03351538102467522,0.04792170312214651,0.04385081352867973,True,False,True
2023-03-24,2023-01-01,-0.035432817130064,-0.005743902715517016,-0.0036068280622558206,0.0014786799966482755,0.029688914414546984,0.03182598906780818,0.036911497126712274,True,True,False
2023-03-25,2023-01-01,-0.004725923274221,0.0015931859121345554,-0.0026810444733702194,0.0015161136530294826,0.006319109186355556,0.0020448788008507806,0.006242036927250482,False,True,False
2023-03-26,2023-01-01,0.0183006262337748,-0.002699337367691911,-0.0031715569449174367,0.0015551101775653456,0.02099996360146671,0.021472183178692233,0.016745516056209452,False,False,True
2023-03-27,2023-01-01,-0.0339115450590196,0.006912276622898238,-0.003201203132042035,0.001598498370417895,0.04082382168191784,0.030710341926977566,0.0355100434294375,False,True,False
2023-03-28,2023-01-01,0.0334165773918908,0.0023892569476578604,-0.002823552792378209,0.0016300014468238486,0.03102732044423294,0.03624013018426901,0.03178657594506695,True,False,True
2023-03-29,2023-01-01,0.0114036271592119,0.0051331957022329525,-0.0034119101680870965,0.0016760034943601077,0.006270431456978948,0.014815537327298997,0.009727623664851793,True,False,True
2023-03-30,2023-01-01,-0.0001476007625403,0.0009922148621331341,-0.0030580768962741693,0.0017561423939466527,0.0011398156246734343,0.0029104761337338694,0.0019037431564869526,False,True,False
2023-03-31,2023-01-01,0.0163353069224694,0.004154597648313843,-0.003063043206113058,0.0018361562327224906,0.012180709274155557,0.01939835012858246,0.01449915068974691,True,False,True
2023-04-01,2023-01-01,-0.0044793633661518,0.005413115477650308,-0.0030795643662550245,0.001894763832601004,0.009892478843802108,0.0013997989998967755,0.006374127198752804,False,True,False
2023-04-02,2023-01-01,-0.0100076410851606,0.004018429765350647,-0.0030133513225506343,0.0019201619370823259,0.014026070850511246,0.0069942897626099655,0.011927803022242927,False,True,False
2023-04-03,2023-01-01,0.0081243655441736,0.002414099478377639,-0.002970703955904185,0.0019220120090057684,0.005710266065795961,0.011095069500077786,0.006202353535167832,True,False,True
2023-04-04,2023-01-01,0.0335348309239529,-0.003501345479849533,-0.003163768352488646,0.0019172848412917615,0.03703617640380243,0.03669859927644155,0.03161754608266114,False,False,True
2023-04-05,2023-01-01,0.0203681359124916,0.0033481570673554676,-0.0033189533335961576,0.0019329862451733832,0.017019978845136133,0.023687089246087756,0.018435149667318216,True,False,True
2023-04-06,2023-01-01,-0.0189571738465171,0.00030644009374270484,-0.0030807582825710246,0.001954206194205717,0.019263613940259806,0.015876415563946075,0.020911380040722818,False,True,False
2023-04-07,2023-01-01,-0.0038904432006763,0.01194699397690782,-0.002799460075648325,0.001953129704113649,0.01583743717758412,0.0010909831250279752,0.0058435729047899496,False,True,False
2023-04-08,2023-01-01,-0.0086501002958067,0.00010269755437804142,-0.003082651688288774,0.0019552104318482175,0.008752797850184742,0.005567448607517926,0.010605310727654917,False,True,False
2023-04-09,2023-01-01,0.0053472063955271,0.001479691699019928,-0.003040916185269031,0.001954743724796788,0.003867514696507172,0.008388122580796131,0.003392462670730312,True,False,True
2023-04-10,2023-01-01,0.0278692275296159,-0.00022099846914872424,-0.0031472601691575623,0.0019682088946563893,0.028090225998764623,0.03101648769877346,0.02590101863495951,False,False,True
2023-04-11,2023-01-01,-0.0099506840943621,0.002819606361395897,-0.003292827796707737,0.001969901313036369,0.012770290455757996,0.006657856297654362,0.011920585407398468,False,True,False
2023-04-12,2023-01-01,0.0150579150080982,0.00028733085204627373,-0.002918500374914225,0.0019886104150192772,0.014770584156051926,0.017976415383012426,0.013069304593078923,True,False,True
2023-04-13,2023-01-01,0.0478749259258224,0.001079534819139649,-0.0031725533855548353,0.001986652808240978,0.046795391106682745,0.05104747931137723,0.04588827311758142,True,False,True
2023-04-14,2023-01-01,0.0442210685268715,0.0036644272162803136,-0.003333258233817652,0.0020125875344617007,0.04055664131059119,0.04755432676068915,0.0422084809924098,True,False,True
2023-04-15,2023-01-01,-0.0043626505073766,0.0014162343707867936,-0.0031951627731430367,0.002053940379422409,0.005778884878163393,0.0011674877342335633,0.006416590886799009,False,True,False
2023-04-16,2023-01-01,0.0131610511292834,0.008617026203085972,-0.00278668126597123,0.0020810374107091733,0.0045440249261974285,0.01594773239525463,0.011080013718574228,True,False,True
2023-04-17,2023-01-01,-0.0206428389146182,0.002181838053821953,-0.003111770193751571,0.0021251656421722655,0.022824676968440153,0.01753106872086663,0.022768004556790466,False,True,False
2023-04-18,2023-01-01,0.0136277086473168,0.004111478080519259,-0.0028452509284177525,0.0021534783731246444,0.00951623056679754,0.016472959575734553,0.011474230274192155,True,False,True
2023-04-19,2023-01-01,-0.0798911508279694,0.0017609947042904108,-0.003206726436913116,0.0021797811554641,0.0816521455322598,0.07668442439105629,0.0820709319834335,False,True,False
2023-04-20,2023-01-01,0.0034570346864029,0.010266852730139093,-0.0024785336366378464,0.0021797276224950657,0.006809818043736193,0.0059355683230407465,0.0012773070639078344,True,False,True
2023-04-21,2023-01-01,-0.0479120429283943,-0.007273358732591915,-0.003455381534148438,0.002179563570480505,0.04063868419580238,0.04445666139424586,0.050091606498874806,True,True,False
2023-04-22,2023-01-01,0.013096627764505,0.0038554032350518724,-0.0028091992731400805,0.002166921705801109,0.009241224529453128,0.015905827037645082,0.010929706058703892,True,False,True
2023-04-23,2023-01-01,-0.0064915377621822,-0.003548766270281027,-0.003450094595723465,0.0021538366508083275,0.002942771491901173,0.003041443166458735,0.008645374412990528,True,True,False
2023-04-24,2023-01-01,-0.0103673053358027,0.002789303579214208,-0.003038324018187304,0.002135428071395508,0.013156608915016908,0.007328981317615396,0.012502733407198208,False,True,False
2023-04-25,2023-01-01,0.0130219068541201,-0.00192102764740122,-0.003100820715398252,0.0020996637154380464,0.01494293450152132,0.016122727569518353,0.010922243138682054,False,False,True
2023-04-26,2023-01-01,-0.000101488015717,0.0010059340810849348,-0.003197633561313853,0.0020585698642514062,0.0011074220968019348,0.003096145545596853,0.0021600578799684063,False,True,False
2023-04-27,2023-01-01,0.022620260136523,0.0007387277334490912,-0.003042339844207657,0.0020258021824193693,0.02188153240307391,0.025662599980730658,0.020594457954103633,True,False,True
2023-04-28,2023-01-01,-0.0085256054668039,0.0036472892437417895,-0.0032350066526659707,0.001997915273771329,0.012172894710545688,0.0052905988141379295,0.010523520740575228,False,True,False
2023-04-29,2023-01-01,0.008667933265241,0.004908441638970678,-0.0028842076453281075,0.001962254787189979,0.0037594916262703223,0.011552140910569109,0.006705678478051021,True,False,True
2023-04-30,2023-01-01,-0.0167595950542555,0.004634768659629212,-0.0031588685491158765,0.0019258963190677428,0.021394363713884715,0.013600726505139625,0.018685491373323246,False,True,False
2023-05-01,2023-01-01,-0.0239591346485287,0.005495836665453911,-0.0028702183103677522,0.0018787256159503334,0.02945497131398261,0.021088916338160946,0.025837860264479033,False,True,False
2023-05-02,2023-01-01,0.021198378876944,0.0007019400842804552,-0.002985141029575078,0.0018408478775637624,0.020496438792663545,0.02418351990651908,0.01935753099938024,True,False,True
2023-05-03,2023-01-01,0.0181006747835927,0.0006718951104900139,-0.0033114164148471325,0.0018105679732432337,0.017428779673102683,0.02141209119843983,0.016290106810349463,True,False,True
2023-05-04,2023-01-01,-0.0141483882363466,-0.003074856582398212,-0.003187461480467365,0.0017658591901787448,0.011073531653948388,0.010960926755879235,0.015914247426525346,True,True,False
2023-05-05,2023-01-01,0.0625001625260237,0.0038476734232157726,-0.002902821170596657,0.0016924652477949057,0.058652489102807924,0.06540298369662036,0.06080769727822879,True,False,True
2023-05-06,2023-01-01,-0.0475369502284663,-0.008098804110769249,-0.003541735556274488,0.001639567930928858,0.039438146117697054,0.043995214672191814,0.04917651815939516,True,True,False
2023-05-07,2023-01-01,-0.0142853774843949,0.0064432826614380595,-0.002524700736355301,0.0015785565269662283,0.02072866014583296,0.011760676748039598,0.015863934011361127,False,True,False
2023-05-08,2023-01-01,-0.012831132355707,-0.0009304419131578629,-0.0030798733104256517,0.001521177256797249,0.011900690442549138,0.00975125904528135,0.01435230961250425,True,True,False
2023-05-09,2023-01-01,-0.0002377312267921,0.006137794310107915,-0.0030448622936069853,0.0014563130769181501,0.006375525536900016,0.0028071310668148853,0.0016940443037102501,False,True,False
2023-05-10,2023-01-01,-0.0033547817757508,-0.0011516395283466653,-0.00322268599199036,0.0014255938178916617,0.0022031422474041345,0.00013209578376043984,0.0047803755936424615,True,True,False
2023-05-11,2023-01-01,-0.0249190466570723,0.002505667090343703,-0.0030493676444537953,0.0013991150170235957,0.027424713747416004,0.021869679012618503,0.026318161674095897,False,True,True
2023-05-12,2023-01-01,0.0064176093105787,0.0005075756522188228,-0.0029527525369757654,0.0013813975567571364,0.005910033658359877,0.009370361847554465,0.005036211753821564,True,False,False
2023-05-13,2023-01-01,-0.0065845005616658,-0.0017103023813569542,-0.0032559475913491193,0.0013669263870442361,0.004874198180308846,0.0033285529703166805,0.007951426948710035,True,True,True
2023-05-14,2023-01-01,0.0024419977119396,0.0014558080279599038,-0.0030031223993837197,0.001347719836529033,0.0009861896839796964,0.00544512011132332,0.0010942778754105672,True,False,False
2023-05-15,2023-01-01,0.00946900358136,0.0025191414814347084,-0.0031564643926464495,0.001332825242161475,0.006949862099925291,0.01262546797400645,0.008136178339198524,True,False,False
2023-05-16,2023-01-01,0.0036155998283069,-0.0006818746848185047,-0.0031505022065347935,0.0013177030642540447,0.004297474513125404,0.006766102034841693,0.002297896764052855,False,False,False
2023-05-17,2023-01-01,-0.0012399617404649,-0.0032067003480682477,-0.00308774391659753,0.001298092588799659,0.001966738607603348,0.00184778217613263,0.002538054329264559,True,True,True
2023-05-18,2023-01-01,-0.0110497555926514,0.005816126506468958,-0.003017847138666688,0.001273703427308852,0.016865882099120356,0.008031908453984712,0.012323459019960252,False,True,True
2023-05-19,2023-01-01,0.0060280790473556,0.00040428293269338406,-0.00299791813401281,0.0012520867991821555,0.005623796114662216,0.00902599718136841,0.004775992248173444,True,False,False
2023-05-20,2023-01-01,0.004352088491321,0.003905110770011398,-0.003147091913623875,0.0012282035109787402,0.0004469777213096022,0.007499180404944876,0.00312388498034226,True,False,False
2023-05-21,2023-01-01,-0.0087595977726274,0.0007314349138718563,-0.0030970129338673403,0.0012153941049503902,0.009491032686499257,0.00566258483876006,0.00997499187757779,False,True,True
2023-05-22,2023-01-01,0.0072059805498594,0.0046229351547367875,-0.003009619946904288,0.0012099393205962385,0.0025830453951226125,0.010215600496763688,0.005996041229263161,True,False,False
2023-05-23,2023-01-01,0.0202724181111937,-0.0020590687955421953,-0.0031517706272830323,0.0011957698787489037,0.022331486906735896,0.023424188738476733,0.019076648232444798,False,False,False
2023-05-24,2023-01-01,-0.0292715741323562,0.001294821301353577,-0.003210205637277106,0.0011803048006015686,0.030566395433709776,0.026061368495079094,0.030451878932957768,False,True,True
2023-05-25,2023-01-01,0.0032519081412238,0.001708699786843597,-0.0027847178540943004,0.0011688317670994377,0.001543208354380203,0.006036625995318101,0.0020830763741243622,True,False,False
2023-05-26,2023-01-01,0.0125894487045852,-0.0009283097788021465,-0.003187442527584979,0.001134607593953766,0.013517758483387347,0.01577689123217018,0.011454841110631435,False,False,False
2023-05-27,2023-01-01,0.0013280486409579,0.0005196498757975895,-0.0031859159092473372,0.0011221051429803409,0.0008083987651603104,0.004513964550205237,0.00020594349797755903,True,False,False
2023-05-28,2023-01-01,0.0435776864016923,-0.0005766209806311552,-0.0030690133180703858,0.0011155271313636785,0.044154307382323454,0.04664669971976269,0.04246215927032862,False,False,False
2023-05-29,2023-01-01,-0.0093337836488576,0.0034276154035119367,-0.0033386362861822097,0.001124291362159538,0.012761399052369535,0.00599514736267539,0.010458075011017138,False,True,True
2023-05-30,2023-01-01,0.0041987101446883,0.0044893988839774576,-0.0028547891547242537,0.0011315133539535008,0.00029068873928915755,0.007053499299412553,0.003067196790734799,True,False,False
2023-05-31,2023-01-01,-0.0141482070812632,0.0003257679021632606,-0.00308815985111137,0.0011458817689274422,0.01447397498342646,0.011060047230151832,0.015294088850190643,False,True,True
2023-06-01,2023-01-01,-0.0063651262235735,0.004084669304037196,-0.0029062517955044708,0.001165323637144102,0.010449795527610696,0.003458874428069029,0.007530449860717601,False,True,True
2023-06-02,2023-01-01,0.0241945771245573,0.0027974249784426934,-0.003121330008901532,0.0011829989635063912,0.021397152146114606,0.02731590713345883,0.02301157816105091,True,False,False
2023-06-03,2023-01-01,-0.0077829675748832,-0.0016020575900900723,-0.003267730344295632,0.0012180128300680756,0.006180909984793127,0.004515237230587568,0.009000980404951276,True,True,True
2023-06-04,2023-01-01,-0.0010034418002142,0.0032909346536900055,-0.0029652347107041324,0.0012580713370769852,0.004294376453904205,0.0019617929104899325,0.002261513137291185,False,True,True
2023-06-05,2023-01-01,-0.0416210614688223,0.0005971415047369823,-0.0030904538964952946,0.0012932666427464155,0.042218202973559285,0.03853060757232701,0.042914328111568714,False,True,True
2023-06-06,2023-01-01,0.040106725970251,0.0010083560062349422,-0.0027738311992622166,0.0013185998890177452,0.039098369964016055,0.042880557169513216,0.038788126081233255,True,False,False
2023-06-07,2023-01-01,-0.0276460698823185,-0.00034963806482377134,-0.0035383902326947022,0.001350777355921086,0.027296431817494728,0.024107679649623796,0.028996847238239584,True,True,True
2023-06-08,2023-01-01,0.0075889075389308,0.0055729700530661045,-0.002769681275101007,0.0013831046076768147,0.0020159374858646955,0.010358588814031807,0.006205802931253985,True,False,False
2023-06-09,2023-01-01,-0.0032912603418004,-0.00028949961906693804,-0.0032537754559658484,0.0013993446923419555,0.0030017607227334616,3.74848858345515e-05,0.004690605034142355,True,True,True
2023-06-10,2023-01-01,-0.0477335345478063,0.0007738972041335867,-0.003021050719655315,0.001413548279805249,0.04850743175193989,0.04471248382815099,0.04914708282761155,False,True,True
2023-06-11,2023-01-01,0.0005880658165602,0.0006375546701730907,-0.0028026800499432775,0.0014104849893464145,4.948885361289064e-05,0.0033907458665034776,0.0008224191727862145,True,False,False
2023-06-12,2023-01-01,-0.0062087953629558,0.0029400197126116384,-0.003219225440213231,0.0014067830052808658,0.009148815075567439,0.0029895699227425695,0.0076155783682366664,False,True,True
2023-06-13,2023-01-01,-0.0020034613456795,0.0012755456259795333,-0.0031087627931084207,0.0013917644162146105,0.0032790069716590333,0.0011053014474289207,0.0033952257618941103,False,True,True
2023-06-14,2023-01-01,-0.0509007457148561,0.0015858779657344012,-0.003155627724601095,0.0013871461770773256,0.052486623680590504,0.04774511799025501,0.052287891891933426,False,True,True
2023-06-15,2023-01-01,0.0090883447399885,-0.00014312909235961787,-0.0027102267611981068,0.0013708684090406962,0.009231473832348118,0.011798571501186607,0.007717476330947803,False,False,False
2023-06-16,2023-01-01,0.0307105617161262,-0.0004640607591456336,-0.0033951457609491227,0.001351268546096935,0.031174622475271835,0.03410570747707532,0.029359293170029267,False,False,False
2023-06-17,2023-01-01,0.0061370476225082,-0.001023128632122441,-0.003293840600117301,0.0013422548505639565,0.007160176254630641,0.009430888222625501,0.004794792771944244,False,False,False
2023-06-18,2023-01-01,-0.0038365974861152,0.0021759249674635885,-0.0030285000625984325,0.0013143012013153526,0.006012522453578788,0.0008080974235167675,0.005150898687430553,False,True,True
2023-06-19,2023-01-01,0.0099280090750097,0.004353527160808113,-0.002981757547509273,0.0012910562426301773,0.005574481914201587,0.012909766622518973,0.008636952832379523,True,False,False
2023-06-20,2023-01-01,0.031341337975818,-0.005778750228358509,-0.0031649852033031824,0.001265301551906101,0.03712008820417651,0.03450632317912118,0.0300760364239119,False,False,False
2023-06-21,2023-01-01,0.0551788983442393,0.0030040150709517047,-0.003224226001858378,0.001249538316232741,0.0521748832732876,0.05840312434609768,0.05392936002800656,True,False,False
2023-06-22,2023-01-01,-0.0095526917950664,0.005153264720267019,-0.0033005202200301537,0.0012544959906531851,0.01470595651533342,0.006252171575036247,0.010807187785719586,False,True,True
2023-06-23,2023-01-01,0.0106351701335887,0.007033576309783717,-0.00276791717566447,0.001249300974356696,0.0036015938238049836,0.01340308730925317,0.009385869159232004,True,False,False
2023-06-24,2023-01-01,-0.0088766997417698,-0.0030045330434790808,-0.0030894714909371983,0.0012479948324618452,0.005872166698290719,0.005787228250832601,0.010124694574231645,True,True,True
2023-06-25,2023-01-01,0.0130307213742024,0.004262423920414211,-0.0029330467621572452,0.0012556620967053014,0.008768297453788189,0.015963768136359646,0.011775059277497099,True,False,False
2023-06-26,2023-01-01,-0.0216117391633319,0.0003893506935616032,-0.003187502532694325,0.0012767297079697242,0.022001089856893506,0.018424236630637577,0.022888468871301627,False,True,True
2023-06-27,2023-01-01,0.0162794303801208,0.004963787402175674,-0.0028730499445433913,0.001272044945512214,0.011315642977945127,0.01915248032466419,0.015007385434608587,True,False,False
2023-06-28,2023-01-01,-0.0326676550100287,-0.0016639859525055334,-0.0033020095255814745,0.0012818687106433406,0.031003669057523164,0.02936564548444722,0.03394952372067204,True,True,True
2023-06-29,2023-01-01,0.013269412357076,8.380565152601191e-05,-0.002816764704697954,0.0012794415734419594,0.013185606705549989,0.016086177061773954,0.01198997078363404,True,False,False
2023-06-30,2023-01-01,0.0437104399356613,-0.002198299202564169,-0.0032997906175972363,0.001281375856891505,0.04590873913822547,0.047010230553258536,0.0424290640787698,False,False,False
2023-07-01,2023-07-01,-0.0044605297422112,0.001269562868279518,-0.00025250892682657006,0.001416799627626167,0.005730092610490718,0.00420802081538463,0.005877329369837367,False,True,True
2023-07-02,2023-07-01,0.0066884882472737,0.003884446741254441,0.0006110280988939629,0.0014355798538402279,0.0028040415060192592,0.006077460148379737,0.005252908393433472,True,True,False
2023-07-03,2023-07-01,0.0092652267477009,0.004355607031660508,0.0004078851917683752,0.0014563955963507263,0.004909619716040393,0.008857341555932525,0.007808831151350174,True,True,False
2023-07-04,2023-07-01,-0.0095917557571385,0.0019167047123929777,0.00036140536994980666,0.0014795446526716435,0.011508460469531478,0.009953161127088307,0.011071300409810143,False,False,True
2023-07-05,2023-07-01,-0.0134488697125264,0.0007252688455958009,0.0006980621851476985,0.0015151908297439491,0.0141741385581222,0.014146931897674098,0.014964060542270348,False,False,False
2023-07-06,2023-07-01,-0.0324253777759973,0.006823346386870711,0.0007647235227645264,0.0015465882294178658,0.03924872416286801,0.03319010129876183,0.03397196600541517,False,False,False
2023-07-07,2023-07-01,0.011882306096858,0.003236159008023068,0.0011015861454958752,0.0015646699605356203,0.008646147088834932,0.010780719951362124,0.010317636136322379,True,True,True
2023-07-08,2023-07-01,-0.0027066082588487,-0.0023577855078215242,0.0003097446006729797,0.001581888274358174,0.0003488227510271757,0.0030163528595216794,0.004288496533206874,True,False,False
2023-07-09,2023-07-01,-0.0013560608539179,-0.0005971997800665978,0.0005743029937577218,0.001600283745129461,0.0007588610738513022,0.0019303638476756218,0.002956344599047361,True,False,False
2023-07-10,2023-07-01,0.0094184320356949,0.003638867681018608,0.0005501479152939468,0.001616372195623018,0.005779564354676291,0.008868284120400952,0.007802059840071881,True,True,True
2023-07-11,2023-07-01,-0.0011806808443571,-0.0003637295266034463,0.0003578401860000886,0.0016249004226232635,0.0008169513177536537,0.0015385210303571887,0.0028055812669803637,True,False,False
2023-07-12,2023-07-01,-0.003312660696343,0.0021323063952742873,0.0005479432262448192,0.001619302187619211,0.005444967091617287,0.0038606039225878193,0.0049319628839622105,False,False,False
2023-07-13,2023-07-01,0.0717892829300519,0.0029306039168743208,0.0005851162609437723,0.001618097213183197,0.06885867901317759,0.07120416666910813,0.07017118571686871,True,True,True
2023-07-14,2023-07-01,-0.0334732342978566,-0.001418052460062089,-0.0007536177386869708,0.0016224066139806635,0.03205518183779451,0.03271961655916963,0.03509564091183726,True,True,False
2023-07-15,2023-07-01,-0.0040634775404068,0.005542765630966306,0.0011307121324793895,0.0016236757205260889,0.009606243171373107,0.00519418967288619,0.005687153260932889,False,False,False
2023-07-16,2023-07-01,-0.0040304440984128,0.004165987921842371,0.0005969752246087762,0.0016220156350278243,0.00819643202025517,0.004627419323021576,0.0056524597334406245,False,False,False
2023-07-17,2023-07-01,-0.0062566304215256,0.0036172744987335082,0.0005959578863998316,0.0016259020543124218,0.009873904920259108,0.006852588307925431,0.007882532475838021,False,False,False
2023-07-18,2023-07-01,-0.0073480519571742,0.001182703062051188,0.00063657225351157,0.001629102906114459,0.008530755019225388,0.00798462421068577,0.008977154863288659,False,False,False
2023-07-19,2023-07-01,-0.0045274620680312,0.004890308226396213,0.000655976643175007,0.0016391256235680934,0.009417770294427412,0.005183438711206207,0.006166587691599293,False,False,False
2023-07-20,2023-07-01,0.0010382072011101,-0.0010353148994796673,0.0006053890062221799,0.001645297309804271,0.002073522100589767,0.00043281819488792,0.0006070901086941711,False,True,True
2023-07-21,2023-07-01,0.0005875092853386,-0.0014516763842377053,0.000506539164695274,0.0016380279656381545,0.002039185669576305,8.097012064332604e-05,0.0010505186802995544,False,True,True
2023-07-22,2023-07-01,-0.0143586547543471,-0.00029775218446451363,0.0005153652908602317,0.0016314082478624684,0.014060902569882587,0.014874020045207333,0.015990063002209568,True,False,False
2023-07-23,2023-07-01,0.0130190015789375,0.0023373396916310666,0.0007818026743890609,0.001623254873432831,0.010681661887306432,0.012237198904548437,0.011395746705504669,True,True,True
2023-07-24,2023-07-01,-0.0207440971842159,-0.0004531197743632403,0.0002922125014877361,0.001613659188003486,0.02029097740985266,0.021036309685703636,0.022357756372219387,True,False,False
2023-07-25,2023-07-01,0.0041837078281359,0.0035174505075573443,0.0008964721826995824,0.0016032955389629253,0.0006662573205785558,0.0032872356454363176,0.002580412289172975,True,True,True
2023-07-26,2023-07-01,0.0077610180474947,0.0017856641223467971,0.00044932496611681656,0.0015927032570471071,0.005975353925147903,0.007311693081377883,0.006168314790447592,True,True,True
2023-07-27,2023-07-01,-0.0063043409372556,0.0017066734075072054,0.00038733338011995083,0.0015969274045429353,0.008011014344762805,0.006691674317375551,0.007901268341798535,False,False,False
2023-07-28,2023-07-01,0.0077338349241202,0.0028006720913825245,0.0006392379951724805,0.0015937237819706057,0.004933162832737675,0.007094596928947719,0.006140111142149594,True,True,True
2023-07-29,2023-07-01,0.003373245448111,0.0015476897275306335,0.00038765464631869244,0.0015933684168032201,0.0018255557205803666,0.0029855908017923077,0.00177987703130778,True,True,True
2023-07-30,2023-07-01,-0.0103266017362033,0.002337945074215893,0.0004664390563644007,0.0015935737382636978,0.012664546810419192,0.0107930407925677,0.011920175474466997,False,False,False
2023-07-31,2023-07-01,-0.0029444114475338,-0.0011473456016192012,0.0007105353996685364,0.0015842008274474157,0.0017970658459145988,0.0036549468472023366,0.004528612274981216,True,False,False
2023-08-01,2023-07-01,0.0084204707161441,0.0027150568560302037,0.0005772363496779272,0.0015747596920573656,0.005705413860113896,0.007843234366466173,0.006845711024086734,True,True,True
2023-08-02,2023-07-01,-0.0174711669789739,0.00029663987604418795,0.0003750794995884346,0.0015669712311770822,0.017767806855018088,0.017846246478562335,0.019038138210150983,False,False,False
2023-08-03,2023-07-01,-0.0021495672689105,0.0015894323302966097,0.0008380365671175632,0.001536372467333639,0.00373899959920711,0.0029876038360280633,0.003685939736244139,False,False,False
2023-08-04,2023-07-01,-0.0040452489976011,0.0006272405149674711,0.0005624047925761584,0.0015101306236958547,0.004672489512568571,0.0046076537901772584,0.005555379621296955,False,False,False
2023-08-05,2023-07-01,0.0039803978247232,-0.0004471445874708515,0.0005970189528270926,0.0014853739922491757,0.004427542412194052,0.0033833788718961076,0.0024950238324740245,False,True,True
2023-08-06,2023-07-01,-0.0041013234172115,0.0010953544347260616,0.00045435899290455505,0.0014654649795884796,0.0051966778519375615,0.004555682410116055,0.00556678839679998,False,False,True
2023-08-07,2023-07-01,-0.0002862950633338,0.005348648270239401,0.0005992947932873622,0.0014473145078072683,0.005634943333573201,0.0008855898566211622,0.0017336095711410684,False,False,True
2023-08-08,2023-07-01,0.0158015854704871,-0.0002867201985009306,0.0005306139105987331,0.001430824386298347,0.016088305668988032,0.015270971559888368,0.014370761084188754,False,True,False
2023-08-09,2023-07-01,-0.0008135357402536,0.0009638180905646265,0.00024415020780312735,0.0014191552449164973,0.0017773538308182265,0.0010576859480567274,0.0022326909851700973,False,False,True
2023-08-10,2023-07-01,-0.0019113379853046,0.0018632455021299688,0.0005422370146738146,0.0014102279823332718,0.003774583487434569,0.0024535749999784143,0.003321565967637872,False,False,True
2023-08-11,2023-07-01,-0.001960838372675,0.0008287518284919756,0.0005604278112682195,0.0014065196011416392,0.0027895902011669757,0.0025212661839432195,0.0033673579738166394,False,False,True
2023-08-12,2023-07-01,0.0009558116061818,0.0013456012223025285,0.0005605462679310004,0.001405410890725061,0.0003897896161207285,0.00039526533825079955,0.000449599284543261,True,True,False
2023-08-13,2023-07-01,-0.0051975735545493,0.0011493953025759412,0.0005085037479576484,0.0014020612093500603,0.006346968857125241,0.005706077302506949,0.0065996347638993605,False,False,True
2023-08-14,2023-07-01,0.0026671519533285,0.0030398987905562317,0.0006185207509629458,0.001402612306166578,0.0003727468372277318,0.002048631202365554,0.001264539647161922,True,True,False
2023-08-15,2023-07-01,-0.0093553761458659,0.0003728574213436955,0.00047775813570469347,0.0014038750632254608,0.009728233567209595,0.009833134281570594,0.01075925120909136,False,False,True
2023-08-16,2023-07-01,-0.011644479943617,0.0013908309350902496,0.0006926703592236164,0.0013991397047337952,0.013035310878707249,0.012337150302840615,0.013043619648350794,False,False,True
2023-08-17,2023-07-01,-0.0668595687697619,0.0012237169718351312,0.0007323070793415056,0.0013959829296963761,0.06808328574159703,0.06759187584910341,0.06825555169945828,False,False,True
2023-08-18,2023-07-01,-0.014237003254733,0.0030240784965926276,0.0017153420121330636,0.0013764325217711587,0.017261081751325628,0.015952345266866064,0.015613435776504158,False,False,True
2023-08-19,2023-07-01,0.0051337371904613,-0.002433150417919967,0.0007710510199910165,0.001355141246635733,0.007566887608381267,0.004362686170470283,0.003778595943825567,False,True,False
2023-08-20,2023-07-01,0.0092125699951024,0.00015867253042158459,0.0004301704659322121,0.0013420250608112807,0.009053897464680816,0.008782399529170188,0.00787054493429112,True,True,False
2023-08-21,2023-07-01,-0.0104359357869713,-0.0011478952558578088,0.00036178435932158077,0.0013305353757620663,0.009288040531113491,0.01079772014629288,0.011766471162733366,True,False,True
2023-08-22,2023-07-01,-0.0200186436523284,0.002113626355666435,0.0007131850419329475,0.001315820613476104,0.022132270007994833,0.020731828694261347,0.021334464265804504,False,False,True
2023-08-23,2023-07-01,0.0277752873996028,-0.0014173460805956975,0.0008816123388931686,0.001303867808646397,0.029192633480198498,0.026893675060709634,0.026471419590956405,False,True,False
2023-08-24,2023-07-01,-0.011510825045927,0.00020973868402997275,2.819967626651221e-05,0.0012954900605846383,0.011720563729956973,0.011539024722193513,0.012806315106511638,False,False,True
2023-08-25,2023-07-01,-0.0042227442822488,0.006069235222201208,0.0007335173056307517,0.0012849007033328718,0.01029197950445001,0.004956261587879552,0.005507644985581673,False,False,True
2023-08-26,2023-07-01,-0.0040100159192439,0.001871856774791738,0.0006007806464856952,0.0012689519624974677,0.005881872694035638,0.0046107965657295955,0.005278967881741368,False,False,True
2023-08-27,2023-07-01,0.0068069323907642,-0.0017243162876048358,0.0005964023141105015,0.0012547136086520014,0.008531248678369036,0.006210530076653699,0.005552218782112199,False,True,False
2023-08-28,2023-07-01,-0.0030501503607176,-0.0010860115705255769,0.000403887479556433,0.001241233343757216,0.001964138790192023,0.003454037840274033,0.004291383704474816,True,False,True
2023-08-29,2023-07-01,0.046759638502996,0.003384388608421486,0.0005809103075720363,0.0012227245230649964,0.04337524989457451,0.046178728195423964,0.045536913979931,True,True,False
2023-08-30,2023-07-01,-0.0142297274513965,-0.0018097303809569525,-0.00030734893064027343,0.0012125976082774902,0.012419997070439547,0.013922378520756225,0.01544232505967399,True,True,True
2023-08-31,2023-07-01,-0.0348792431766289,0.003818156914342616,0.0007848863683856126,0.001200536244475409,0.03869740009097152,0.035664129545014515,0.03607977942110431,False,False,True
2023-09-01,2023-07-01,-0.0104202364855743,0.0009849849993188236,0.0011473528001899281,0.0011830187041557594,0.011405221484893124,0.011567589285764228,0.01160325518973006,False,False,True
2023-09-02,2023-07-01,0.0052405439035725,0.0019793113646512555,0.0007068299756198683,0.0011712298763751302,0.0032612325389212446,0.004533713927952631,0.00406931402719737,True,True,False
2023-09-03,2023-07-01,-0.000554490387839,-0.0026634545901800507,0.00042984539174009337,0.0011577599395964995,0.0021089642023410507,0.0009843357795790934,0.0017122503274354995,True,False,True
2023-09-04,2023-07-01,-0.0039498395741395,0.003107719724892659,0.0005360125667002906,0.0011429068219359103,0.007057559299032159,0.004485852140839791,0.005092746396075411,False,False,True
2023-09-05,2023-07-01,0.0024386268424532,-0.00024452283141441567,0.0005964062109691713,0.001129538468673765,0.0026831496738676155,0.0018422206314840286,0.0013090883737794348,False,True,False
2023-09-06,2023-07-01,-0.0008429544668591,-0.00304102730903439,0.00048191210435926215,0.0011190542015372205,0.00219807284217529,0.0013248665712183622,0.0019620086683963204,True,False,True
2023-09-07,2023-07-01,0.0094017003889865,0.00126814366569195,0.0005410207505786487,0.0011262380628200468,0.00813355672329455,0.00886067963840785,0.008275462326166452,True,True,False
2023-09-08,2023-07-01,-0.0069558517091602,0.0055959499385007695,0.0003583567909893696,0.0011381761854277524,0.01255180164766097,0.007314208500149569,0.008094027894587952,False,False,True
2023-09-09,2023-07-01,-0.0005961990834902,0.004778550102939871,0.000650895908834013,0.0011478547711292963,0.005374749186430072,0.001247094992324213,0.0017440538546194964,False,False,True
2023-09-10,2023-07-01,-0.0112120341165711,-0.0022199791188199894,0.0005360016561471137,0.0011551599339998208,0.00899205499775111,0.011748035772718213,0.01236719405057092,True,False,True
2023-09-11,2023-07-01,-0.0403203850612401,0.00015156069536655993,0.0007253006709210303,0.0011618697714844942,0.040471945756606655,0.04104568573216113,0.041482254832724594,False,False,True
2023-09-12,2023-07-01,0.0262894799282764,-0.00021234327257278838,0.0012428562389303723,0.0011689206900306517,0.02650182320084919,0.02504662368934603,0.02512055923824575,False,True,False
2023-09-13,2023-07-01,0.0097706570901041,-0.0005527032859152809,5.2229273114431235e-05,0.0011705439482544873,0.01032336037601938,0.009718427816989669,0.008600113141849613,False,True,False
2023-09-14,2023-07-01,0.0118071985862819,0.0016891485895765722,0.00035340087208472103,0.0011772231550552063,0.010118049996705326,0.011453797714197179,0.010629975431226693,True,True,False
2023-09-15,2023-07-01,0.009014288078772,0.0029679483411717664,0.0003176637259019791,0.0011877861524142701,0.006046339737600234,0.008696624352870021,0.00782650192635773,True,True,False
2023-09-16,2023-07-01,-0.0039099313386253,-0.000329892815548234,0.00036711448183276665,0.0012001969610359066,0.003580038523077066,0.004277045820458066,0.005110128299661207,True,False,True
2023-09-17,2023-07-01,-0.007537174515831,0.00168354213661046,0.0005969951523709363,0.0012111239097860244,0.00922071665244146,0.008134169668201937,0.008748298425617024,False,False,True
2023-09-18,2023-07-01,0.0089040276740401,0.0033355334044807795,0.0006600383082815049,0.0012220857892690472,0.00556849426955932,0.008243989365758595,0.007681941884771053,True,True,False
2023-09-19,2023-07-01,0.0037851668963293,0.0021319101490386095,0.00036616871438794967,0.0012209786520256862,0.0016532567472906903,0.0034189981819413504,0.0025641882443036136,True,True,False
2023-09-20,2023-07-01,-0.0125667729111244,0.0009087194493127011,0.00045919280885264125,0.0012240993602688362,0.0134754923604371,0.013025965719977042,0.013790872271393237,False,False,True
2023-09-21,2023-07-01,-0.0237746263178163,-0.0017607985005910747,0.0007505624904383843,0.0012357169295887053,0.022013827817225225,0.024525188808254685,0.025010343247405007,True,False,True
2023-09-22,2023-07-01,0.0056562924182443,0.003790667501241354,0.0009480991711799472,0.0012443035893603756,0.0018656249170029456,0.004708193247064353,0.004411988828883924,True,True,False
2023-09-23,2023-07-01,0.0003699800812959,0.002169403977992576,0.0004217448394614028,0.001252209210613079,0.0017994238966966762,5.1764758165502806e-05,0.0008822291293171791,True,True,False
2023-09-24,2023-07-01,-0.0081590682860526,0.0019559437014753742,0.0005190474392154722,0.001259903735005658,0.010115011987527974,0.008678115725268073,0.009418972021058259,False,False,True
2023-09-25,2023-07-01,0.0047249684583838,0.001344902502020768,0.0006715021148290964,0.0012678451678674793,0.003380065956363032,0.004053466343554704,0.0034571232905163205,True,True,False
2023-09-26,2023-07-01,0.0032073833529786,-0.0010255660599856014,0.0004407457388997916,0.0012754625792243592,0.004232949412964202,0.0027666376140788084,0.001931920773754241,False,True,False
2023-09-27,2023-07-01,0.0025567531946391,-0.002101180120072965,0.00046895576068177393,0.0012838291405448002,0.004657933314712065,0.0020877974339573264,0.0012729240540943,False,True,False
2023-09-28,2023-07-01,0.0346740433455534,0.00217829657508728,0.00048087939813647325,0.0012919635649903405,0.03249574677046612,0.03419316394741693,0.03338207978056306,True,True,False
2023-09-29,2023-07-01,0.0091120545419027,0.0031571057698286365,-9.146703159735811e-05,0.0013075379552418241,0.0059549487720740625,0.009203521573500057,0.007804516586660875,True,False,False
2023-09-30,2023-07-01,0.0019293320831195,0.0015768254815426632,0.00036775992601303855,0.001324642777216449,0.0003525066015768368,0.0015615721571064613,0.000604689305903051,True,True,False
2023-10-01,2023-07-01,0.0374880260695311,0.0028286191496541607,0.0004938974863678639,0.0013449479431278818,0.034659406919876935,0.036994128583163234,0.036143078126403216,True,True,False
2023-10-02,2023-07-01,-0.0404789706671829,0.002177142756650246,-0.0001414553179456575,0.0013825748706742355,0.042656113423833145,0.04033751534923725,0.04186154553785714,False,True,True
2023-10-03,2023-07-01,-0.0041727455613581,0.005665312717824621,0.0012515875676601135,0.001405855626728117,0.009838058279182722,0.005424333129018214,0.0055786011880862175,False,False,True
2023-10-04,2023-07-01,-0.0053405026345885,0.0020549245515065055,0.0005967845578847938,0.0014262716540792328,0.007395427186095005,0.005937287192473294,0.0067667742886677335,False,False,True
2023-10-05,2023-07-01,-0.0220663022470403,0.0009773072192149782,0.0006190004805146438,0.00144158068542753,0.02304360946625528,0.022685302727554944,0.02350788293246783,False,False,True
2023-10-06,2023-07-01,0.0213190225293655,-0.002195412947345209,0.0009181350907818791,0.0014494289817904957,0.02351443547671071,0.02040088743858362,0.019869593547575004,False,True,False
2023-10-07,2023-07-01,-0.0068781720391507,1.9427817985877846e-05,0.00014326688812416283,0.0014538048432796084,0.006897599857136578,0.007021438927274863,0.008331976882430309,False,False,True
2023-10-08,2023-07-01,-0.0005889506700414,0.0008463350680320647,0.0006501078422836337,0.0014575087169428694,0.0014352857380734649,0.0012390585123250339,0.0020464593869842693,False,False,True
2023-10-09,2023-07-01,-0.0328988950106972,0.0017539361187788758,0.0005363337007904362,0.0014592677174256829,0.03465283112947607,0.03343522871148764,0.03435816272812288,False,False,True
2023-10-10,2023-07-01,-0.0076551317222612,0.004524448140599522,0.001111733644603239,0.0014555977739721506,0.012179579862860723,0.00876686536686444,0.009110729496233351,False,False,True
2023-10-11,2023-07-01,-0.0009301778714063,0.0006928161609873714,0.0006582356252828826,0.001452988604779917,0.0016229940323936715,0.0015884134966891827,0.002383166476186217,False,False,True
2023-10-12,2023-07-01,-0.0170102174002333,0.0004864452322672463,0.0005402996784728258,0.001454476867500034,0.017496662632500545,0.017550517078706127,0.018464694267733332,False,False,True
2023-10-13,2023-07-01,0.0081040205732327,0.0021841431616352585,0.0008285122311107926,0.0014548015177772327,0.005919877411597442,0.007275508342121908,0.006649219055455468,True,True,False
2023-10-14,2023-07-01,0.0020407060573979,0.0011493754037578282,0.00037944465930157204,0.0014549970379957662,0.0008913306536400718,0.0016612613980963279,0.0005857090194021338,True,True,False
2023-10-15,2023-07-01,0.001808696940756,-0.0015205908446542125,0.0004898263748695915,0.001457237682201634,0.0033292877854102128,0.0013188705658864087,0.000351459258554366,False,True,False
2023-10-16,2023-07-01,0.027254540765113,0.0025846754535505706,0.0004941832168380196,0.0014580622573244298,0.02466986531156243,0.026760357548274983,0.025796478507788573,True,True,False
2023-10-17,2023-07-01,-0.0219268818693586,0.0019658679210222173,4.060731967519491e-05,0.0014630996740505357,0.023892749790380818,0.021967489189033795,0.023389981543409138,False,False,True
2023-10-18,2023-07-01,-0.0010793755903444,0.003508218469154567,0.0009198435267323613,0.0014635456221577115,0.004587594059498967,0.0019992191170767615,0.0025429212125021115,False,False,True
2023-10-19,2023-07-01,0.0023706817647977,-0.0006506976732971446,0.0005435030082062923,0.0014596527280400671,0.0030213794380948445,0.0018271787565914076,0.0009110290367576328,False,True,False
2023-10-20,2023-07-01,0.0237389849452611,0.0021737012198511088,0.0004826813309605589,0.0014519014369649998,0.02156528372540999,0.02325630361430054,0.0222870835082961,True,True,False
2023-10-21,2023-07-01,0.0153536996999186,-0.0014004411741595545,0.00010310511193226119,0.001443373622546711,0.016754140874078154,0.01525059458798634,0.013910326077371889,False,True,False
2023-10-22,2023-07-01,0.0209448199937933,0.001385705614975901,0.0002552996278085561,0.0014255642861980369,0.0195591143788174,0.020689520365984745,0.019519255707595263,True,True,False
2023-10-23,2023-07-01,0.0612906842962164,0.0027559097674736844,0.00015542458760299326,0.0014237553989231776,0.058534774528742714,0.0611352597086134,0.05986692889729322,True,True,False
2023-10-24,2023-07-01,0.0107935858177439,-0.0005155197838159695,-0.0005630343458585063,0.0014335119050838492,0.01130910560155987,0.011356620163602407,0.009360073912660052,False,False,False
2023-10-25,2023-07-01,0.001658832549648,0.006560148551778994,0.0003416809269237308,0.0014462441911952965,0.004901316002130994,0.0013171516227242692,0.00021258835845270338,True,True,False
2023-10-26,2023-07-01,0.0093105886407254,0.006372218077307989,0.0004999266790222277,0.0014656382773552338,0.002938370563417411,0.008810661961703173,0.007844950363370165,True,True,False
2023-10-27,2023-07-01,-0.0133001639522853,0.0007687412480938861,0.00036059399913020254,0.0014807576435209488,0.014068905200379185,0.013660757951415503,0.014780921595806249,False,False,True
2023-10-28,2023-07-01,-0.0019253015900076,0.0022371757693824203,0.0007639319058095611,0.001496335326527039,0.004162477359390021,0.002689233495817161,0.003421636916534639,False,False,False
2023-10-29,2023-07-01,0.0106538685848123,0.0020720629076820597,0.0005589475034965957,0.0015109056296764586,0.00858180567713024,0.010094921081315704,0.009142962955135841,True,True,True
2023-10-30,2023-07-01,0.008099264721129,-0.0012865908770589283,0.00033531576070409047,0.0015362647559465262,0.009385855598187928,0.00776394896042491,0.006562999965182474,False,True,True
2023-10-31,2023-07-01,0.0035193643267046,0.002275383966870138,0.0003827404929235367,0.0015637484368418628,0.0012439803598344621,0.0031366238337810636,0.0019556158898627373,True,True,True
2023-11-01,2023-07-01,0.0168628840883113,0.0028507104908443827,0.00046456506809218164,0.001587540365198772,0.014012173597466919,0.01639831902021912,0.015275343723112528,True,True,True
2023-11-02,2023-07-01,-0.0251578195983586,0.0037466246733507385,0.00022615287509277128,0.0016213908559542577,0.028904444271709337,0.025383972473451373,0.02677921045431286,False,False,False
2023-11-03,2023-07-01,0.0178683880960934,0.002251554804233239,0.0009762362962380347,0.0016495022595183176,0.015616833291860161,0.016892151799855364,0.016218885836575082,True,True,True
2023-11-04,2023-07-01,0.0135876844530045,0.0012349429577593306,0.00020513095653485407,0.0016813774659794408,0.012352741495245168,0.013382553496469645,0.011906306987025059,True,True,True
2023-11-05,2023-07-01,0.0196259534676319,0.003107541710341416,0.00028497449855173365,0.0017160352966684785,0.016518411757290484,0.019340978969080165,0.01790991817096342,True,True,True
2023-11-06,2023-07-01,0.0029985293492145,7.453872682322755e-05,0.00017846355462827382,0.0017465664544549253,0.0029239906223912726,0.0028200657945862263,0.0012519628947595747,True,True,True
2023-11-07,2023-07-01,-0.0061653353866888,0.004387731530622433,0.0004753666700110614,0.0017823485735140724,0.010553066917311234,0.006640702056699861,0.007947683960202873,False,False,False
2023-11-08,2023-07-01,0.0006345557534326,0.0030426057606072077,0.0006367761254433057,0.0018180715055703222,0.002408050007174608,2.2203720107057037e-06,0.0011835157521377223,True,True,True
2023-11-09,2023-07-01,0.1223923714485877,0.005234229838230249,0.0005139341273075991,0.0018535205536611447,0.11715814161035745,0.12187843732128009,0.12053885089492655,True,True,True
2023-11-10,2023-07-01,-0.0199339889461188,0.0003185867726881947,-0.001654936270733099,0.0019026623827455974,0.020252575718806995,0.018279052675385703,0.0218366513288644,False,True,False
2023-11-11,2023-07-01,-0.0123062374635469,0.009047255518941847,0.0008957242982731229,0.0019407107623781107,0.021353492982488745,0.013201961761820022,0.01424694822592501,False,False,False
2023-11-12,2023-07-01,-0.0036667825891695,0.000796812135796943,0.0007473755076010768,0.001971169343097224,0.004463594724966443,0.004414158096770577,0.005637951932266724,False,False,False
2023-11-13,2023-07-01,0.0049278472251568,0.0016269404242091339,0.0005890171547873154,0.0019844223138642675,0.0033009068009476664,0.004338830070369485,0.002943424911292533,True,True,True
2023-11-14,2023-07-01,-0.0370817166797313,0.001394883026646403,0.00043696907088550867,0.0019945133779219674,0.0384765997063777,0.03751868575061681,0.03907623005765327,False,False,False
2023-11-15,2023-07-01,0.0411084750628207,0.008879160156619832,0.001187095501814299,0.001997787461398038,0.032229314906200866,0.0399213795610064,0.03911068760142266,True,True,True
2023-11-16,2023-07-01,-0.0483044299303045,-0.0016442199703669137,-0.00021081899643042243,0.002005947490798656,0.04666020995993759,0.04809361093387408,0.050310377421103156,True,True,False
2023-11-17,2023-07-01,0.0002035665608492,0.0027820861384890176,0.0013900005328537476,0.0020093212685096196,0.0025785195776398175,0.0011864339720045476,0.0018057547076604195,True,True,True
2023-11-18,2023-07-01,0.0010219202166552,-0.00024418624531582557,0.0005179887691959505,0.0020170202960371683,0.0012661064619710256,0.0005039314474592496,0.0009951000793819683,False,True,True
2023-11-19,2023-07-01,0.0254264830244619,0.006782509769775014,0.0005059332962037639,0.0020229297064428492,0.018643973254686887,0.024920549728258138,0.023403553318019053,True,True,True
2023-11-20,2023-07-01,0.0044877051056528,-0.0002987606373557896,7.286811199185483e-05,0.0020310930990956153,0.004786465743008589,0.004414836993660945,0.0024566120065571844,False,True,True
2023-11-21,2023-07-01,-0.042117849356125,0.002141952669988991,0.0004491000080994556,0.0020432452442392312,0.044259802026113994,0.042566949364224456,0.044161094600364235,False,False,False
2023-11-22,2023-07-01,0.0657481313078385,0.004325962185521696,0.001277739638323091,0.0020385445311362866,0.06142216912231681,0.06447039166951542,0.06370958677670222,True,True,True
2023-11-23,2023-07-01,-0.0010727438851469,-0.004532976011625293,-0.0006504252816319145,0.002051414622311815,0.003460232126478393,0.00042231860351498547,0.003124158507458715,True,True,False
2023-11-24,2023-07-01,0.0091850005001885,0.005570474734129308,0.0005512423842212723,0.0020584861416213683,0.003614525766059192,0.008633758115967229,0.007126514358567132,True,True,True
2023-11-25,2023-07-01,0.0015669139841998,0.0075655605751498,0.0003645661072347924,0.002060883212421474,0.00599864659095,0.0012023478769650077,0.0004939692282216739,True,True,True
2023-11-26,2023-07-01,-0.0101356843648378,0.004419665272164218,0.0004991039656695988,0.0020603253542462343,0.014555349637002018,0.010634788330507398,0.012196009719084034,False,False,False
2023-11-27,2023-07-01,-0.0173842948118733,-0.004777201359491561,0.0007068551251672275,0.002056402073662407,0.01260709345238174,0.018091149937040526,0.019440696885535708,True,False,False
2023-11-28,2023-07-01,0.0108121676458881,0.0084897679326542,0.0008344936568971889,0.0020512099638336704,0.0023223997132339,0.00997767398899091,0.008760957682054428,True,True,True
2023-11-29,2023-07-01,-0.0094708312003839,0.00037547329241737057,0.0003307462766470015,0.0020441814394566793,0.00984630449280127,0.009801577477030901,0.011515012639840578,False,False,False
2023-11-30,2023-07-01,0.0111466710926215,0.0024423755776021437,0.0006952288501178331,0.002000638967866415,0.008704295515019356,0.010451442242503666,0.009146032124755085,True,True,True
2023-12-01,2023-07-01,0.0168491079744079,-0.0037004912129849667,0.00032655446728623613,0.001965534508587499,0.020549599187392867,0.016522553507121663,0.0148835734658204,False,True,True
2023-12-02,2023-07-01,0.0376420427129726,0.0012837433397979792,0.00022667232109238085,0.0019357173339712892,0.03635829937317462,0.03741537039188022,0.03570632537900131,True,True,True
2023-12-03,2023-07-01,0.0129230714426467,-0.0015333067420278171,-0.0001423808547261991,0.0019146161959790991,0.014456378184674518,0.013065452297372899,0.011008455246667602,False,False,True
2023-12-04,2023-07-01,0.0225757206638663,0.009438341429762688,0.00030080103194136373,0.0018948318354474153,0.013137379234103611,0.022274919631924937,0.020680888828418884,True,True,True
2023-12-05,2023-07-01,0.0225684823119014,0.004295573645824197,0.00012660233686552882,0.0018904571880008067,0.018272908666077205,0.022441879975035873,0.020678025123900594,True,True,True
2023-12-06,2023-07-01,-0.0271075450829199,0.00315502967301964,0.00012696330742038338,0.0018812750996038633,0.03026257475593954,0.027234508390340285,0.028988820182523765,False,False,False
2023-12-07,2023-07-01,0.0564235301067674,0.005210716379794121,0.0010123556234632723,0.0018791393628722272,0.051212813726973276,0.055411174483304126,0.05454439074389517,True,True,True
2023-12-08,2023-07-01,0.000488782544167,-0.002991240330582342,-0.00048180005548981186,0.0018869528056131661,0.0034800228747493417,0.0009705825996568118,0.0013981702614461662,False,False,True
2023-12-09,2023-07-01,-0.0074432538835605,0.0072140709587069085,0.0005228767394001363,0.001894674788642426,0.014657324842267408,0.007966130622960636,0.009337928672202926,False,False,False
2023-12-10,2023-07-01,0.0048212338262427,0.0016352747470207464,0.0006606374015627622,0.0018962186083389797,0.003185959079221954,0.004160596424679938,0.0029250152179037207,True,True,True
2023-12-11,2023-07-01,-0.0543616661686914,0.0023474395518202004,0.0004391747245713454,0.0018988351378837597,0.0567091057205116,0.054800840893262745,0.05626050130657516,False,False,False
2023-12-12,2023-07-01,-0.0101326016873585,0.0010952028501045622,0.0014946006962166377,0.0019050984672079156,0.011227804537463061,0.011627202383575137,0.012037700154566415,False,False,False
2023-12-13,2023-07-01,0.0266165222470127,0.003556469182262887,0.00070009143894829,0.001898245871060506,0.02306005306474981,0.025916430808064408,0.024718276375952194,True,True,True
2023-12-14,2023-07-01,0.024740872111665,-0.0005315375267749998,4.838812486283742e-05,0.0018973671555585737,0.02527240963844,0.024692483986802162,0.022843504956106427,False,True,True
2023-12-15,2023-07-01,-0.0419764208151415,0.0005644766436839544,8.782436370350863e-05,0.0018984032509561843,0.04254089745882546,0.042064245178845015,0.04387482406609769,False,False,False
2023-12-16,2023-07-01,0.0034195392373013,0.0005833964447515285,0.0012778066878380758,0.0018925438835691592,0.0028361427925497713,0.002141732549463224,0.0015269953537321405,True,True,True
2023-12-17,2023-07-01,-0.0136714491084846,0.003107350856019904,0.0004608381930645632,0.0018887491127343994,0.016778799964504505,0.014132287301549163,0.015560198221218999,False,False,False
2023-12-18,2023-07-01,0.0094661571958967,0.0031123699422612567,0.0007682336818982832,0.001887244924034467,0.006353787253635442,0.008697923513998417,0.0075789122718622325,True,True,True
2023-12-19,2023-07-01,-0.0177699683944596,0.00481288566543241,0.000355668525336954,0.0018854981037943394,0.02258285405989201,0.018125636919796555,0.01965546649825394,False,False,False
2023-12-20,2023-07-01,0.0110377525372269,0.008198146118756224,0.0008431617048808542,0.0018841822059124291,0.0028396064184706762,0.010194590832346046,0.00915357033131447,True,True,True
2023-12-21,2023-07-01,0.0170901989560072,-0.0066641596035343816,0.0003273900919567302,0.0018820662302873287,0.023754358559541583,0.01676280886405047,0.015208132725719872,False,True,True
2023-12-22,2023-07-01,0.0388393712705079,0.001050733599183993,0.00022205525632490577,0.001879971540224169,0.037788637671323906,0.038617316014182994,0.036959399730283726,True,True,True
2023-12-23,2023-07-01,-0.007512713750621,0.0017524185581312222,-0.00016368079216926153,0.0018715471059431302,0.009265132308752222,0.007349032958451738,0.00938426085656413,False,True,False
2023-12-24,2023-07-01,-0.0187758237756683,0.006034311586580257,0.0006650569839343686,0.0018600717748815136,0.024810135362248558,0.01944088075960267,0.020635895550549815,False,False,False
2023-12-25,2023-07-01,0.003032022219169,-0.00010596360321681367,0.0008609401661835837,0.0018404818659224827,0.0031379858223858133,0.002171082052985416,0.0011915403532465172,False,True,True
2023-12-26,2023-07-01,-0.0180837485401647,0.003579574167013374,0.00046930847800930893,0.0018170357233271719,0.021663322707178075,0.01855305701817401,0.019900784263491872,False,False,False
2023-12-27,2023-07-01,0.0659990796581475,0.0026322096775623556,0.000847661527100005,0.0017989870311894579,0.06336686998058515,0.0651514181310475,0.06420009262695804,True,True,True
2023-12-28,2023-07-01,-0.0131051852043435,-0.0016284429850194635,-0.0006520515504820285,0.0017752237623723589,0.011476742219324036,0.012453133653861472,0.01488040896671586,True,True,False
2023-12-29,2023-07-01,-0.0199676963477487,0.005289505847757855,0.0007666065143709674,0.0017492977806687075,0.025257202195506555,0.02073430286211967,0.02171699412841741,False,False,False
2023-12-30,2023-07-01,-0.003748980355657,-0.0006062203324649945,0.0008825227244661688,0.001734593101947002,0.0031427600231920053,0.004631503080123169,0.005483573457604002,True,False,False
2023-12-31,2023-07-01,-0.004622136062972,0.0015293174732486658,0.0005898358819965446,0.001715643335726517,0.006151453536220665,0.0052119719449685445,0.006337779398698517,False,False,False
2024-01-01,2024-01-01,0.0310574552595821,0.0033850971755884814,0.0013218143077218735,0.0018168496771287632,0.02767235808399362,0.029735640951860227,0.02924060558245334,True,True,True
2024-01-02,2024-01-01,0.0014915203575247,0.005106792439186718,0.0009678187715986449,0.0018194309691086017,0.003615272081662018,0.0005237015859260552,0.00032791061158390163,True,True,True
2024-01-03,2024-01-01,-0.0615808726374179,0.0008075281523288048,0.0012623561579071468,0.001815954806961874,0.0623884007897467,0.06284322879532504,0.06339682744437977,False,False,False
2024-01-04,2024-01-01,0.0263601979883341,0.0031684096035073574,0.001887641839974286,0.0017926511565631547,0.023191788384826745,0.024472556148359813,0.024567546831770946,True,True,True
2024-01-05,2024-01-01,-0.0001722620448936,-0.008574461303260327,0.0010126351521676509,0.0017884172887955648,0.008402199258366726,0.0011848971970612509,0.0019606793336891647,True,False,False
2024-01-06,2024-01-01,-0.0119112662107303,0.00594957793856321,0.0012782897088774224,0.0017785792284191455,0.01786084414929351,0.013189555919607722,0.013689845439149445,False,False,False
2024-01-07,2024-01-01,-0.0083683894967105,0.005323821801654289,0.0013946543128303696,0.0017704818665469125,0.013692211298364789,0.009763043809540869,0.010138871363257413,False,False,False
2024-01-08,2024-01-01,0.0495606796327103,0.0015927050138444079,0.001358865901200566,0.0017588909175986092,0.04796797461886589,0.04820181373150973,0.04780178871511169,True,True,True
2024-01-09,2024-01-01,0.0050554085755887,-0.0031514676805042057,0.000783978117013246,0.0017615476406039915,0.008206876256092906,0.004271430458575454,0.0032938609349847086,False,True,True
2024-01-10,2024-01-01,0.1011914107807954,0.0035407697767427452,0.0012275534336061125,0.0017626714163649201,0.09765064100405266,0.09996385734718928,0.09942873936443047,True,True,True
2024-01-11,2024-01-01,0.0145290941176381,0.0011631339587541373,0.0002724679203265966,0.0017713021967261451,0.013365960158883963,0.014256626197311504,0.012757791920911955,True,True,True
2024-01-12,2024-01-01,-0.0363254849039511,0.004518317480783273,0.0011352150291968279,0.0017784547479001657,0.040843802384734375,0.03746069993314793,0.038103939651851264,False,False,False
2024-01-13,2024-01-01,0.0206530074063442,0.004593479365849697,0.0016379240013794307,0.0017811591005230064,0.0160595280404945,0.01901508340496477,0.01887184830582119,True,True,True
2024-01-14,2024-01-01,-0.0405017365873441,0.0031412518789602373,0.0010701220003784112,0.0017929351404609955,0.043642988466304336,0.04157185858772251,0.04229467172780509,False,False,False
2024-01-15,2024-01-01,0.0158247336144494,0.006443685324092869,0.0016785291904556948,0.0017972376219897212,0.009381048290356533,0.014146204423993707,0.014027495992459681,True,True,True
2024-01-16,2024-01-01,0.0303928062928022,0.0021807144822220863,0.0011180471594056936,0.00180760506903384,0.028212091810580115,0.029274759133396507,0.02858520122376836,True,True,True
2024-01-17,2024-01-01,-0.0229245971128152,0.0014661544231964595,0.0009747589693396569,0.0018049564763556025,0.02439075153601166,0.023899356082154856,0.024729553589170804,False,False,False
2024-01-18,2024-01-01,-0.0242648824602766,-0.0016935970005892708,0.00150481793823447,0.0018029477678348767,0.02257128545968733,0.02576970039851107,0.026067830228111478,True,False,False
2024-01-19,2024-01-01,0.0091121058091665,-0.0007109699793173797,0.0015165190447698157,0.0018012771909537762,0.00982307578848388,0.0075955867643966845,0.007310828618212724,False,True,True
2024-01-20,2024-01-01,-0.007997363142403,0.0014764464939695967,0.0011848105706735138,0.0018030041191316008,0.009473809636372597,0.009182173713076513,0.0098003672615346,False,False,False
2024-01-21,2024-01-01,-0.0063476249221857,0.008701612613756148,0.0013556964162144054,0.001806162126379078,0.015049237535941846,0.007703321338400106,0.008153787048564778,False,False,False
2024-01-22,2024-01-01,-0.0583095916240283,0.0005072104993007376,0.0013390419242267776,0.0018041896500245295,0.05881680212332904,0.05964863354825508,0.060113781274052834,False,False,False
2024-01-23,2024-01-01,-0.0303529422951259,0.0037060762468579317,0.0018546316125442283,0.0017940813649132334,0.03405901854198383,0.03220757390767013,0.03214702366003913,False,False,False
2024-01-24,2024-01-01,-0.0031795028247356,-0.004937132300087949,0.0015755522209451797,0.0017974227788935993,0.0017576294753523488,0.00475505504568078,0.004976925603629199,True,False,False
2024-01-25,2024-01-01,-0.0070969886439218,0.0015041929459971672,0.0013063754791099115,0.0017962947811655736,0.008601181589918967,0.008403364123031712,0.008893283425087373,False,False,False
2024-01-26,2024-01-01,0.0223155856161023,0.006216056798918842,0.001346356068958396,0.0017914213320346748,0.016099528817183458,0.020969229547143906,0.020524164284067625,True,True,True
2024-01-27,2024-01-01,0.000302699093841,0.0009820582648418686,0.0010545110263035784,0.0017982331056667312,0.0006793591710008686,0.0007518119324625784,0.0014955340118257311,True,True,True
2024-01-28,2024-01-01,-0.0047080171393611,-0.0025738590632776283,0.0012738601577084669,0.0018071787034274552,0.0021341580760834717,0.005981877297069567,0.006515195842788556,True,False,False
2024-01-29,2024-01-01,0.0265174716379066,0.00372644609331236,0.0013231120544835988,0.0018027536111828416,0.02279102554459424,0.025194359583423,0.02471471802672376,True,True,True
2024-01-30,2024-01-01,0.011838016077853,0.0012477354889327869,0.0010128754204114677,0.0018013410289330117,0.010590280588920213,0.010825140657441532,0.010036675048919988,True,True,True
2024-01-31,2024-01-01,-0.0264232827792348,0.0001622792652924887,0.0011595222500504795,0.0017702654696122844,0.026585562044527288,0.02758280502928528,0.028193548248847084,False,False,False
2024-02-01,2024-01-01,0.0093230489292142,0.005143010756773001,0.0015390204042046308,0.0017302554984592003,0.0041800381724412,0.00778402852500957,0.007592793430755001,True,True,True
2024-02-02,2024-01-01,0.0018288626271742,-0.003207143662188856,0.0011829111111230533,0.0017045157142184728,0.005036006289363056,0.0006459515160511468,0.0001243469129557273,False,True,True
2024-02-03,2024-01-01,-0.0051991151846616,0.0014291286020431664,0.0012581407494728551,0.0016758851800704453,0.006628243786704766,0.006457255934134455,0.006875000364732046,False,False,False
2024-02-04,2024-01-01,-0.0028275605920651,0.006513291408958506,0.0013279510819687171,0.0016535090680624932,0.009340852001023605,0.004155511674033817,0.004481069660127593,False,False,False
2024-02-05,2024-01-01,0.0040806224708709,0.004930822814652854,0.0013041123337731472,0.0016268520466922076,0.000850200343781954,0.002776510137097753,0.0024537704241786927,True,True,True
2024-02-06,2024-01-01,0.0318906180157301,-0.002949165589445855,0.0012355729647500337,0.0015912902924443907,0.03483978360517596,0.030655045050980066,0.03029932772328571,False,True,False
2024-02-07,2024-01-01,0.0217280041792657,-3.281123844064786e-05,0.0009598194120662225,0.0015678291995482622,0.021760815417706348,0.02076818476719948,0.02016017497971744,False,True,False
2024-02-08,2024-01-01,-0.0015837568973957,-0.002248795184072949,0.0010616107378767013,0.001552697232331248,0.0006650382866772492,0.0026453676352724016,0.0031364541297269483,True,False,True
2024-02-09,2024-01-01,0.0279387368987513,0.00360814323108864,0.0012928439835190762,0.0015359860242795307,0.024330593667662662,0.026645892915232224,0.026402750874471772,True,True,False
2024-02-10,2024-01-01,0.0055125870754579,0.00200742749563604,0.0009990153329045718,0.0015274396520717792,0.0035051595798218597,0.004513571742553328,0.003985147423386121,True,True,False
2024-02-11,2024-01-01,0.0025356682668895,0.0022958320619083043,0.0012223514586110588,0.0015251456699987617,0.00023983620498119586,0.0013133168082784413,0.0010105225968907385,True,True,False
2024-02-12,2024-01-01,0.060036360595147,0.005128550268830789,0.0012514225078705573,0.001537796321966928,0.05490781032631621,0.05878493808727644,0.05849856427318007,True,True,False
2024-02-13,2024-01-01,-0.0059932163462743,0.00015345413982863231,0.0006804738523704256,0.0015657105452380133,0.006146670486102932,0.006673690198644725,0.007558926891512313,False,False,True
2024-02-14,2024-01-01,0.0513654514977328,0.005013075431703225,0.0013375964390103063,0.001593471408401052,0.04635237606602957,0.050027855058722495,0.049771980089331744,True,True,False
2024-02-15,2024-01-01,0.016730812227639,0.0021229140196241314,0.0007666816984298332,0.0016295664324156509,0.014607898208014867,0.015964130529209166,0.015101245795223348,True,True,True
2024-02-16,2024-01-01,-0.007324619212465,0.0032680332221417746,0.001111699631163606,0.0016693031278001954,0.010592652434606775,0.008436318843628606,0.008993922340265196,False,False,False
2024-02-17,2024-01-01,-0.0060701398128861,0.001087438421280727,0.0013498064089377724,0.0017060598311493236,0.007157578234166827,0.007419946221823872,0.007776199644035423,False,False,False
2024-02-18,2024-01-01,0.0331310679292682,0.004674769254112438,0.0013363078705882134,0.0017405988752066067,0.02845629867515576,0.03179476005867998,0.03139046905406159,True,True,True
2024-02-19,2024-01-01,0.0224302549375969,-0.00013303606838345429,0.0009471294136173501,0.0017739004593791327,0.022563291005980354,0.02148312552397955,0.020656354478217766,False,True,True
2024-02-20,2024-01-01,0.0237564736886368,0.0045323265713208055,0.0010546012957803636,0.0018074890042137646,0.019224147117315994,0.022701872392856436,0.021948984684423037,True,True,True
2024-02-21,2024-01-01,-0.0143182813752322,0.0018681114193533559,0.0010413968573549073,0.0018542930325692226,0.016186392794585554,0.015359678232587107,0.016172574407801423,False,False,False
2024-02-22,2024-01-01,0.0002194536901753,0.005244364563522891,0.001419198076458823,0.0018960323715237338,0.005024910873347591,0.001199744386283523,0.0016765786813484338,True,True,True
2024-02-23,2024-01-01,-0.0166102320554617,0.0031053886967927448,0.0012737313295572536,0.0019306906413725645,0.019715620752254446,0.017883963385018953,0.018540922696834265,False,False,False
2024-02-24,2024-01-01,0.0242080963226549,0.0066302863505003605,0.0014409385035375536,0.001965811965628561,0.01757780997215454,0.022767157819117347,0.02224228435702634,True,True,True
2024-02-25,2024-01-01,0.0402058022750286,0.002793400489649954,0.0010354347819009706,0.0020052416693729707,0.03741240178537865,0.039170367493127634,0.03820056060565563,True,True,True
2024-02-26,2024-01-01,0.0212986940461228,0.0015565128180336804,0.0008778240243011914,0.0020488977107350806,0.019742181228089118,0.020420870021821608,0.01924979633538772,True,True,True
2024-02-27,2024-01-01,0.0206120684504405,0.0013286120663884365,0.0010662895185323052,0.0020875707010112573,0.019283456384052065,0.019545778931908196,0.018524497749429245,True,True,True
2024-02-28,2024-01-01,0.0435147884228743,0.002590067448209979,0.001072596962584614,0.00212897668918092,0.04092472097466432,0.042442191460289685,0.04138581173369338,True,True,True
2024-02-29,2024-01-01,-0.0129320760265313,0.004318131985026222,0.0008451229320221465,0.002178325604264385,0.017250208011557522,0.013777198958553448,0.015110401630795686,False,False,False
2024-03-01,2024-01-01,0.0278684966500719,0.006998978426316326,0.0014060639850348316,0.0022283270357597407,0.020869518223755573,0.026462432665037068,0.025640169614312158,True,True,True
2024-03-02,2024-01-01,-0.0037857193979152,0.007590238850765033,0.0009995230240926406,0.0022829682937468344,0.011375958248680233,0.0047852424220078404,0.006068687691662035,False,False,False
2024-03-03,2024-01-01,0.0201469445482094,0.0037327701335282647,0.0013145279289977607,0.0023314844013585636,0.016414174414681137,0.01883241661921164,0.01781546014685084,True,True,True
2024-03-04,2024-01-01,0.0399428356030551,0.0011704868846212386,0.0010763464624125249,0.0023708570607918244,0.038772348718433866,0.03886648914064258,0.037571978542263275,True,True,True
2024-03-05,2024-01-01,-0.0207879393073031,0.0035429392029999412,0.0008803836102727895,0.0024136754964278052,0.024330878510303043,0.02166832291757589,0.023201614803730907,False,False,False
2024-03-06,2024-01-01,0.0743359635083391,0.004213343071457487,0.0014839276342023073,0.002441031750714709,0.07012262043688161,0.07285203587413679,0.07189493175762439,True,True,True
2024-03-07,2024-01-01,0.0144325927022579,-0.0006272085822502489,0.0005380786102392109,0.0024799829005617176,0.015059801284508149,0.01389451409201869,0.011952609801696183,False,True,True
2024-03-08,2024-01-01,0.0045719642318817,0.008381402611280253,0.0011351405118954108,0.0025202301378995785,0.0038094383793985534,0.003436823719986289,0.0020517340939821215,True,True,True
2024-03-09,2024-01-01,0.0060014244240422,0.004503382392356114,0.0012318493202314914,0.002559436428999159,0.0014980420316860858,0.004769575103810708,0.0034419879950430407,True,True,True
2024-03-10,2024-01-01,-0.008741294496493,0.007189996954962527,0.0012168473428203809,0.0025916142128118358,0.015931291451455526,0.009958141839313381,0.011332908709304836,False,False,False
2024-03-11,2024-01-01,0.0477306713746998,0.0031537908347219054,0.0013631615686266574,0.0026149706721987553,0.044576880539977895,0.04636750980607315,0.045115700702501045,True,True,True
2024-03-12,2024-01-01,-0.0211909600526748,0.0014152928925799998,0.0008022651712929803,0.002639494177604601,0.0226062529452548,0.02199322522396778,0.0238304542302794,False,False,False
2024-03-13,2024-01-01,0.0065784021896562,0.005710409137900917,0.0014879592385071104,0.0026573394487182777,0.0008679930517552833,0.00509044295114909,0.0039210627409379225,True,True,True
2024-03-14,2024-01-01,-0.0307794765871108,0.001901923680835946,0.0012105993353511335,0.0026729615415883087,0.03268140026794675,0.03199007592246193,0.03345243812869911,False,False,False
2024-03-15,2024-01-01,-0.0380929226109741,0.00409782934273787,0.001581696414348,0.0026867246932339942,0.04219075195371197,0.0396746190253221,0.04077964730420809,False,False,False
2024-03-16,2024-01-01,-0.0568534370685713,0.0074815105703705895,0.00165334353781862,0.0026872106389887835,0.06433494763894189,0.05850678060638992,0.05954064770756008,False,False,False
2024-03-17,2024-01-01,0.033936340039093,0.004565464986197014,0.0018390124413854348,0.00267055951294179,0.029370875052895987,0.032097327597707566,0.03126578052615121,True,True,True
2024-03-18,2024-01-01,-0.0341608641249429,-0.005072690046644035,0.0009373392172144644,0.002653838142770046,0.02908817407829887,0.035098203342157366,0.03681470226771295,True,False,False
2024-03-19,2024-01-01,-0.1024356079845565,0.0015392612201221864,0.001615915940665245,0.00262634263406076,0.10397486920467869,0.10405152392522175,0.10506195061861727,False,False,False
2024-03-20,2024-01-01,0.112671920371151,0.001319133157122787,0.002292046321292385,0.002574819276397907,0.1113527872140282,0.1103798740498586,0.11009710109475308,True,True,True
2024-03-21,2024-01-01,-0.0058068810073729,-0.004478306468884409,0.00015447001458030927,0.0025436118744979717,0.0013285745384884907,0.005961351021953209,0.008350492881870872,True,False,False
2024-03-22,2024-01-01,-0.0456065340666843,0.004029018565403528,0.0013366677498544985,0.002502184395949963,0.049635552632087826,0.0469432018165388,0.048108718462634266,False,False,False
2024-03-23,2024-01-01,0.0008717090110383,0.012186352946466326,0.001729563898677615,0.002456461939313627,0.011314643935428026,0.0008578548876393149,0.0015847529282753269,True,True,True
2024-03-24,2024-01-01,0.0353781373088974,0.0010514419388727642,0.001265996507714948,0.0024061483016005543,0.03432669537002463,0.03411214080118245,0.032971989007296844,True,True,True
2024-03-25,2024-01-01,0.0394389729438988,-0.006258966280866976,0.0009247692929036911,0.0023500990770578345,0.045697939224765775,0.03851420365099511,0.03708887386684097,False,True,True
2024-03-26,2024-01-01,-0.0009409678643157,0.0075403968610648926,0.0008859655223781306,0.0023063074201995393,0.008481364725380592,0.0018269333866938306,0.0032472752845152395,False,False,False
2024-03-27,2024-01-01,-0.0243594507302772,0.005799507013310226,0.0012870629343889298,0.0022429481240240096,0.030158957743587428,0.02564651366466613,0.026602398854301212,False,False,False
2024-03-28,2024-01-01,0.0174790562141089,-0.0018315949057323211,0.0015181848320963295,0.0021751334779721485,0.019310651119841222,0.015960871382012572,0.015303922736136752,False,True,True
2024-03-29,2024-01-01,-0.0138960146869897,-0.004693791757388982,0.0011019308413495685,0.002111239234348652,0.009202222929600717,0.014997945528339269,0.016007253921338352,True,False,False
2024-03-30,2024-01-01,-0.0010996667352133,0.011172961758759765,0.0014144913369915225,0.0020442013860920705,0.012272628493973065,0.0025141580722048227,0.0031438681213053704,False,False,False
2024-03-31,2024-01-01,0.0398843584664829,0.0017948773459731098,0.0012868241434206959,0.001982640000762069,0.03808948112050979,0.038597534323062205,0.03790171846572083,True,True,True
2024-04-01,2024-01-01,-0.0391535188286142,-0.004383781894249956,0.0008802204577746706,0.0019144166407191162,0.03476973693436425,0.04003373928638888,0.04106793546933332,True,False,False
2024-04-02,2024-01-01,-0.0649910010049034,0.0027110557054692667,0.001666046831117186,0.0018475521000226233,0.06770205671037267,0.06665704783602058,0.06683855310492602,False,False,False
2024-04-03,2024-01-01,0.010437847565395,0.002750237696749055,0.0019202706195803033,0.0017742500867669417,0.007687609868645945,0.008517576945814696,0.008663597478628058,True,True,True
2024-04-04,2024-01-01,0.0056164756637326,-0.00476562294342344,0.0011702372208191446,0.0017116037852011356,0.01038209860715604,0.004446238442913456,0.0039048718785314645,False,True,True
2024-04-05,2024-01-01,-0.0033498911937862,0.0021488824074595856,0.0012203351666742177,0.0016651821023457032,0.005498773601245786,0.004570226360460418,0.005015073296131903,False,False,False
2024-04-06,2024-01-01,0.0106356747172351,0.0068414175030777746,0.0013097609993059358,0.0016355230979553468,0.003794257214157326,0.009325913717929166,0.009000151619279754,True,True,True
2024-04-07,2024-01-01,0.0296080345667872,-0.0028501007218150413,0.0011705823180056664,0.001598231692826808,0.03245813528860224,0.028437452248781532,0.02800980287396039,False,True,False
2024-04-08,2024-01-01,0.0700154833539452,-0.0026717793555971047,0.0009826620495594113,0.001574123297618963,0.0726872627095423,0.06903282130438579,0.06844136005632623,False,True,False
2024-04-09,2024-01-01,-0.0514517816856709,-0.00031685536135128765,0.0005823611452276135,0.0015895918509576071,0.05113492632431961,0.05203414283089851,0.0530413735366285,True,False,True
2024-04-10,2024-01-01,0.0110048311123607,0.013448094229661287,0.0017892746607595612,0.001572808444460143,0.002443263117300587,0.009215556451601138,0.009432022667900558,True,True,False
2024-04-11,2024-01-01,-0.0108612058837571,-0.0002203304858902249,0.0011658523696852707,0.0015612792453162181,0.010640875397866874,0.01202705825344237,0.012422485129073317,True,False,True
2024-04-12,2024-01-01,-0.0748058070018481,-0.0023391799353301773,0.0013839129912056442,0.0015583697893166674,0.07246662706651792,0.07618971999305374,0.07636417679116476,True,False,True
2024-04-13,2024-01-01,-0.0734295275685097,0.0038791580572755,0.0020183870834443738,0.0015439230006121115,0.0773086856257852,0.07544791465195408,0.07497345056912182,False,False,True
2024-04-14,2024-01-01,0.0505978515562794,0.007833550355884645,0.002002505723983072,0.0015093088795522258,0.042764301200394754,0.04859534583229633,0.04908854267672717,True,True,False
2024-04-15,2024-01-01,-0.0175301144535611,-0.01256527961669241,0.0007711639358550086,0.0014735895015865774,0.004964834836868692,0.01830127838941611,0.01900370395514768,True,False,True
2024-04-16,2024-01-01,-0.0053779255684459,0.0006000401893365996,0.0014512931866913744,0.0014390799570510025,0.0059779657577825,0.0068292187551372745,0.006817005525496902,False,False,True
2024-04-17,2024-01-01,-0.0324781911885033,0.00344352663023879,0.0013294642243424934,0.0014119201483187374,0.03592171781874209,0.03380765541284579,0.033890111336822036,False,False,True
2024-04-18,2024-01-01,0.0272386835193878,-0.0025601210442490873,0.0015982006174558084,0.0013776947437975603,0.029798804563636885,0.02564048290193199,0.02586098877559024,False,True,False
2024-04-19,2024-01-01,-0.0022012272375354,-0.0026663180430122274,0.0010048145536139359,0.0013544092237030713,0.00046509080547682763,0.003206041791149336,0.003555636461238471,True,False,True
2024-04-20,2024-01-01,0.0321476553182338,0.010811732315036958,0.0012986899454692006,0.0013298214947910843,0.02133592300319684,0.030848965372764596,0.030817833823442713,True,True,False
2024-04-21,2024-01-01,-0.0032741746890918,0.001051918571178642,0.000957312522961807,0.0013020132604582904,0.004326093260270442,0.004231487212053607,0.00457618794955009,False,False,True
2024-04-22,2024-01-01,0.0172731302226138,-0.0027537698116441153,0.0013096801420624956,0.0012836205704701209,0.020026900034257916,0.015963450080551306,0.01598950965214368,False,True,False
2024-04-23,2024-01-01,0.0057031560320381,-0.001836386201123534,0.0011049148348493416,0.0012859913713446354,0.007539542233161634,0.004598241197188758,0.004417164660693465,False,True,False
2024-04-24,2024-01-01,-0.0248784608831248,0.008871105591552951,0.0012201060927747212,0.0012905085271767928,0.03374956647467775,0.02609856697589952,0.02616896941030159,False,False,True
2024-04-25,2024-01-01,0.0053201854153159,0.006941961155190873,0.0015234218770694848,0.0012879935437442,0.0016217757398749736,0.0037967635382464148,0.0040321918715716994,True,True,False
2024-04-26,2024-01-01,-0.0083461577996797,-0.0028236805643435323,0.0012226458764536558,0.0012942716228867635,0.0055224772353361685,0.009568803676133357,0.009640429422566463,True,False,True
2024-04-27,2024-01-01,0.0389766756583163,0.0014241859178658473,0.0013590155179316983,0.0012983221804095326,0.03755248974045045,0.037617660140384604,0.03767835347790677,True,True,False
2024-04-28,2024-01-01,0.0032613458524253,-0.004393566766942774,0.0008891706140430897,0.0013011927003422424,0.007654912619368074,0.0023721752383822105,0.001960153152083058,False,True,False
2024-04-29,2024-01-01,-0.0145108712935371,-0.0014525454280347298,0.0012450104538729808,0.0012873552973495057,0.01305832586550237,0.01575588174741008,0.015798226590886606,True,False,True
2024-04-30,2024-01-01,-0.063177290707334,-0.000572950902278451,0.0014206143869516365,0.0012843674737379263,0.06260433980505554,0.06459790509428563,0.06446165818107193,True,False,True
2024-05-01,2024-01-01,-0.0141096114570475,0.006950227401825852,0.0019027490234212957,0.0012741623190879682,0.021059838858873352,0.016012360480468796,0.015383773776135468,False,False,True
2024-05-02,2024-01-01,0.0061902767768931,-0.000903930242282393,0.0014141232438194835,0.0012623049404033102,0.007094207019175493,0.0047761535330736165,0.0049279718364897895,False,True,False
2024-05-03,2024-01-01,0.0386101174733883,0.005824882879067346,0.0012138644843705942,0.0012717233999048885,0.03278523459432096,0.037396252989017706,0.03733839407348341,True,True,False
2024-05-04,2024-01-01,0.0045220666784768,-0.0030412647117059087,0.000893155952904845,0.0013013118036983478,0.007563331390182709,0.003628910725571955,0.003220754874778452,False,True,False
2024-05-05,2024-01-01,0.0063102246093513,0.005501797396410624,0.001232607244150193,0.0013159976524123596,0.000808427212940676,0.005077617365201107,0.0049942269569389405,True,True,False
2024-05-06,2024-01-01,-0.0237533785539991,-0.0027954507735972146,0.001214005211768231,0.0013298215994582707,0.020957927780401883,0.02496738376576733,0.02508320015345737,True,False,True
2024-05-07,2024-01-01,-0.0183338505406603,0.00042515774947322893,0.0015121546376649334,0.0013449170345497044,0.01875900829013353,0.019846005178325233,0.019678767575210004,False,False,True
2024-05-08,2024-01-01,-0.0109493022296495,0.004076273142776092,0.0014574532765684173,0.0013615079897710586,0.015025575372425593,0.012406755506217917,0.012310810219420558,False,False,True
2024-05-09,2024-01-01,0.0209719132026831,0.0046585633834206105,0.0013841108100642648,0.0013597871227369219,0.01631334981926249,0.019587802392618835,0.01961212607994618,True,True,False
2024-05-10,2024-01-01,-0.0415772053324584,-0.002964289335043206,0.001067601064040987,0.0013720104682633466,0.0386129159974152,0.04264480639649939,0.042949215800721745,True,False,True
2024-05-11,2024-01-01,0.0006223095933592,0.0010217369283683747,0.0016894353896607416,0.0013700430029705802,0.00039942733500917464,0.0010671257963015416,0.0007477334096113802,True,True,False
2024-05-12,2024-01-01,0.0058730050389395,-0.0011094198624516307,0.0012688768901409258,0.0013642361783801104,0.00698242490139113,0.004604128148798574,0.004508768860559389,False,True,False
2024-05-13,2024-01-01,0.0070535395949453,-0.0015507906851824282,0.0012176149283056915,0.0013550772451388434,0.008604330280127729,0.005835924666639608,0.005698462349806456,False,True,False
2024-05-14,2024-01-01,-0.0231242265994413,0.004601388220459521,0.0012064232500704098,0.0013489447848735589,0.02772561481990082,0.02433064984951171,0.02447317138431486,False,False,True
2024-05-15,2024-01-01,0.0541097308304401,0.004517311692413196,0.0015059752917357416,0.0013497882174640986,0.04959241913802691,0.05260375553870436,0.052759942612976,True,True,False
2024-05-16,2024-01-01,-0.0302679692830679,-0.0020192503676013697,0.0007385056864491702,0.0013568356977612757,0.02824871891546653,0.03100647496951707,0.031624804980829174,True,False,True
2024-05-17,2024-01-01,0.0505877475709917,0.002207954690910557,0.0015781373967362134,0.0013588876069422404,0.048379792880081145,0.04900961017425549,0.04922885996404946,True,True,False
2024-05-18,2024-01-01,0.0093177817352887,0.0010511996249028125,0.000773609253107176,0.0013604443989762077,0.008266582110385888,0.008544172482181525,0.007957337336312494,True,True,False
2024-05-19,2024-01-01,-0.0163646468279689,0.0023696160733246065,0.0011850707212683902,0.0013610902295344202,0.018734262901293507,0.017549717549237287,0.01772573705750332,False,False,True
2024-05-20,2024-01-01,0.1927222347574988,0.0008728085813805889,0.001439302948667585,0.001362871777010817,0.19184942617611822,0.1912829318088312,0.191359362980488,True,True,False
2024-05-21,2024-01-01,0.0342418734747271,-0.0033294597568347345,-0.0006369513556624328,0.0014142730109673902,0.03757133323156183,0.03487882483038953,0.03282760046375971,False,False,False
2024-05-22,2024-01-01,-0.0137478678115652,0.011581097694816484,0.0009423425924025152,0.0014707226265436375,0.02532896550638168,0.014690210403967714,0.015218590438108836,False,False,True
2024-05-23,2024-01-01,0.010625410415868,0.008153537558834755,0.001415171346887776,0.0015159013513735668,0.0024718728570332447,0.009210239068980223,0.009109509064494432,True,True,False
2024-05-24,2024-01-01,-0.0132363353922039,0.003803652632011897,0.0011704392219083779,0.001554667503569922,0.017039988024215795,0.014406774614112277,0.01479100289577382,False,False,True
2024-05-25,2024-01-01,0.0059840068378917,0.0007129092853660416,0.0014077553979354026,0.00159031788973913,0.005271097552525658,0.004576251439956297,0.00439368894815257,True,True,False
2024-05-26,2024-01-01,0.0204470662744948,0.005172385409886425,0.001216492711973927,0.0016249422434538865,0.015274680864608373,0.01923057356252087,0.018822124031040912,True,True,True
2024-05-27,2024-01-01,0.0172794424510793,0.0001905736543386181,0.0010733593001917806,0.0016699218102139207,0.017088868796740684,0.01620608315088752,0.01560952064086538,True,True,True
2024-05-28,2024-01-01,-0.0132966077560304,-0.0016446468480130186,0.0011053972680648175,0.0017252568542661967,0.011651960908017381,0.014402005024095218,0.015021864610296597,True,False,False
2024-05-29,2024-01-01,-0.0200663204424245,0.0007797973918894053,0.0014088688674056325,0.001788308594235378,0.020846117834313903,0.021475189309830132,0.021854629036659877,False,False,False
2024-05-30,2024-01-01,-0.0043438931992773,0.011727790196394326,0.0014750463967241004,0.0018366763524031008,0.016071683395671627,0.0058189395960014005,0.006180569551680401,False,False,False
2024-05-31,2024-01-01,0.0035168216840502,0.0007864555017288675,0.0013185660865971235,0.0018952535923399407,0.0027303661823213326,0.0021982555974530762,0.0016215680917102593,True,True,True
2024-06-01,2024-01-01,0.0141414858929598,0.0022866630253903135,0.0012410270298674456,0.0019528501016222396,0.011854822867569486,0.012900458863092355,0.012188635791337561,True,True,True
2024-06-02,2024-01-01,-0.0084713592788412,0.004561275376722222,0.0011359522311369902,0.0020025024516837435,0.01303263465556342,0.00960731150997819,0.010473861730524944,False,False,False
2024-06-03,2024-01-01,-0.0038368778068711,0.0003539053343805342,0.0013607558380650745,0.0020408130105264172,0.0041907831412516345,0.005197633644936175,0.005877690817397517,False,False,False
2024-06-04,2024-01-01,0.0122469312179258,-0.0005797082502072436,0.0013141182705235731,0.0020884854613383167,0.012826639468133044,0.010932812947402226,0.010158445756587482,False,True,True
2024-06-05,2024-01-01,0.0135724332602356,0.0058368252406722195,0.0011544674815363704,0.002123975977872694,0.007735608019563381,0.01241796577869923,0.011448457282362906,True,True,True
2024-06-06,2024-01-01,-0.0136261576231963,0.00959178008795895,0.0011418710098404748,0.002167788671545399,0.02321793771115525,0.014768028633036775,0.0157939462947417,False,False,False
2024-06-07,2024-01-01,-0.0348873435868477,0.000828397163738418,0.0014119636092045837,0.002194299818460269,0.03571574075058612,0.03629930719605228,0.037081643405307965,False,False,False
2024-06-08,2024-01-01,0.0006308874002707,0.005420280062711148,0.0016221057513294721,0.002215592502996647,0.004789392662440448,0.0009912183510587722,0.0015847051027259472,True,True,True
2024-06-09,2024-01-01,0.0067791895442455,0.0003724929977368147,0.0012687261208060405,0.0022404406803680403,0.0064066965465086854,0.005510463423439459,0.00453874886387746,True,True,True
2024-06-10,2024-01-01,-0.0105740141462939,0.00016551315098257448,0.0012086962944208369,0.0022250854552116474,0.010739527297276475,0.011782710440714737,0.012799099601505548,False,False,False
2024-06-11,2024-01-01,-0.0459230801241771,0.0030723285190915645,0.0013813933239949369,0.0021984915053074204,0.048995408643268665,0.047304473448172034,0.048121571629484515,False,False,False
2024-06-12,2024-01-01,0.0175189588895707,-0.0015175399118275738,0.001731686491534844,0.0021707779876005318,0.019036498801398273,0.015787272398035856,0.015348180901970168,False,True,True
2024-06-13,2024-01-01,-0.0253781259700659,-0.004415761556221433,0.0011007982954924743,0.002143350298959938,0.020962364413844466,0.026478924265558375,0.02752147626902584,True,False,False
2024-06-14,2024-01-01,0.0031680114306817,0.012388649954988019,0.0015282951329234375,0.00211336945056365,0.009220638524306319,0.0016397162977582625,0.00105464198011805,True,True,True
2024-06-15,2024-01-01,0.0245031389962142,0.002696223980801794,0.0012441269683863044,0.002082851465757272,0.021806915015412404,0.023259012027827895,0.022420287530456925,True,True,True
2024-06-16,2024-01-01,0.0154292950024756,0.0012625178184983037,0.0010329254016488076,0.00204949184490621,0.014166777183977297,0.014396369600826794,0.01337980315756939,True,True,True
2024-06-17,2024-01-01,-0.0301567894111786,0.0005803258148266491,0.0011238916965024726,0.002017621971647887,0.03073711522600525,0.03128068110768108,0.032174411382826486,False,False,False
2024-06-18,2024-01-01,-0.0078879296439143,-0.0007589279229156109,0.0015761718820241832,0.0019854535841633074,0.00712900172099869,0.009464101525938483,0.009873383228077608,True,False,False
2024-06-19,2024-01-01,0.0217201308079895,0.0010448030805707245,0.0013536325033512322,0.001956393094971622,0.020675327727418775,0.020366498304638266,0.019763737713017877,True,True,True
2024-06-20,2024-01-01,-0.0135588051570033,0.0026821349600971147,0.001060154436144398,0.0019254713418038172,0.016240940117100415,0.014618959593147697,0.015484276498807117,False,False,False
2024-06-21,2024-01-01,0.0014208618736464,0.004401048641055082,0.0014114240106680464,0.001890431100213911,0.002980186767408682,9.437862978353652e-06,0.00046956922656751104,True,True,True
2024-06-22,2024-01-01,-0.0060471414567271,0.002007298010617612,0.0012618430570541948,0.0018525073387138766,0.008054439467344712,0.007308984513781295,0.007899648795440977,False,False,False
2024-06-23,2024-01-01,-0.021804213777727,-0.003632430976525868,0.0013361463082716195,0.0018197574480986961,0.01817178280120113,0.02314036008599862,0.023623971225825696,True,False,False
2024-06-24,2024-01-01,-0.0199950952085157,-0.0008747308242998289,0.0014924290917363134,0.0017853901207117411,0.019120364384215868,0.02148752430025201,0.02178048532922744,True,False,False
2024-06-25,2024-01-01,0.0133639639573988,0.004951209114542424,0.0014739160059379101,0.0017454659564253307,0.008412754842856376,0.01189004795146089,0.01161849800097347,True,True,True
2024-06-26,2024-01-01,-0.0075262265552398,-0.0010699586843343756,0.001142781359745355,0.0017016127168228334,0.006456267870905424,0.008669007914985155,0.009227839272062633,True,False,False
2024-06-27,2024-01-01,0.0223545777563241,-7.484024364861242e-05,0.0013511897223944433,0.0016589911386646387,0.022429417999972712,0.02100338803392966,0.020695586617659464,False,True,True
2024-06-28,2024-01-01,-0.0206585403173926,-0.0012527786619353804,0.0010542258527781417,0.001628427236566284,0.01940576165545722,0.021712766170170743,0.022286967553958884,True,False,False
2024-06-29,2024-01-01,-0.0001980690546736,0.004797446136257585,0.0014818749267287224,0.0015965777295281808,0.004995515190931186,0.0016799439814023224,0.0017946467842017808,False,False,True
2024-06-30,2024-01-01,0.0177651821018385,-0.0014922281514877349,0.0012776873863379968,0.0015594410792817495,0.019257410253326234,0.016487494715500504,0.01620574102255675,False,True,False
2024-07-01,2024-07-01,0.0021708806286613,0.003727232574868533,0.0014614879398178186,0.0014765490860815752,0.0015563519462072329,0.0007093926888434815,0.0006943315425797249,True,True,False
2024-07-02,2024-07-01,-0.006972219484192,0.0016546244494394478,0.0016565220393675384,0.001456899718120204,0.008626843933631449,0.008628741523559538,0.008429119202312204,False,False,True
2024-07-03,2024-07-01,-0.0361314903773488,0.001612304862142575,0.0017708593740206888,0.0014322408475531416,0.037743795239491375,0.03790234975136949,0.03756373122490194,False,False,True
2024-07-04,2024-07-01,-0.0723962352015197,0.0011632265112350745,0.0021352963904383176,0.0014068348035332426,0.07355946171275478,0.07453153159195802,0.07380307000505296,False,False,True
2024-07-05,2024-07-01,-0.0238738959799771,0.002313159889223092,0.002588593889053483,0.0013742435428255367,0.026187055869200192,0.026462489869030582,0.025248139522802634,False,False,True
2024-07-06,2024-07-01,0.02944034650036,-0.0008520944593495678,0.001981929892552922,0.0013291915498688568,0.030292440959709566,0.02745841660780708,0.028111154950491143,False,True,False
2024-07-07,2024-07-01,-0.0456088255871778,-0.002905862095486125,0.0013153819189914396,0.0012883764514497213,0.04270296349169167,0.04692420750616924,0.04689720203862752,True,False,True
2024-07-08,2024-07-01,0.0304994595279348,-0.0003117070859319747,0.0022537429801657463,0.0012500228547184385,0.030811166613866774,0.028245716547769053,0.02924943667321636,False,True,False
2024-07-09,2024-07-01,0.0150066406647426,-0.0052536362787995,0.0013024660362056534,0.001216453092234556,0.0202602769435421,0.013704174628536946,0.013790187572508043,False,True,False
2024-07-10,2024-07-01,0.0124625914690821,0.00289020318680299,0.001495888095725241,0.001195954760472572,0.009572388282279111,0.010966703373356859,0.011266636708609529,True,True,False
2024-07-11,2024-07-01,-0.0006085771524413,0.001312655505987702,0.0015279914313708657,0.001184349442763358,0.001921232658429002,0.002136568583812166,0.001792926595204658,False,False,True
2024-07-12,2024-07-01,0.0109110552797455,0.007209533446197238,0.0016912937544113086,0.0011707076320195174,0.0037015218335482627,0.009219761525334193,0.009740347647725984,True,True,False
2024-07-13,2024-07-01,0.0137325653549433,-0.0009472675758805675,0.0015472758362658468,0.0011613505188641413,0.014679832930823868,0.012185289518677454,0.01257121483607916,False,True,False
2024-07-14,2024-07-01,0.0210501063255437,0.001019854615382276,0.0015119780647033063,0.001158441601259194,0.02003025171016142,0.019538128260840393,0.019891664724284504,True,True,False
2024-07-15,2024-07-01,0.0756682020158721,0.0009047054164045391,0.0014205495074694477,0.0011646604998843042,0.07476349659946756,0.07424765250840265,0.0745035415159878,True,True,False
2024-07-16,2024-07-01,-0.0131934692337787,0.002671921187454948,0.0007377951439575328,0.0011815711468736994,0.01586539042123365,0.013931264377736233,0.0143750403806524,False,False,True
2024-07-17,2024-07-01,-0.0159026492788078,0.00265517309463944,0.0018486637547958243,0.0012001990194803014,0.01855782237344724,0.017751313033603625,0.017102848298288103,False,False,True
2024-07-18,2024-07-01,0.011067820433664,0.0022664648175370825,0.0018826735824241706,0.0012089202471533534,0.008801355616126917,0.009185146851239829,0.009858900186510646,True,True,False
2024-07-19,2024-07-01,0.0231962408316115,0.0019716927442658475,0.001545197613557894,0.0012227992297004393,0.02122454808734565,0.021651043218053605,0.02197344160191106,True,True,False
2024-07-20,2024-07-01,0.003868103950767,-0.001444838802506339,0.001393637805238913,0.0012401671531429518,0.005312942753273339,0.0024744661455280872,0.0026279367976240484,False,True,False
2024-07-21,2024-07-01,0.0049186148294897,0.004680596514832123,0.0016353486592357502,0.0012539590968908107,0.00023801831465757733,0.00328326617025395,0.0036646557325988893,True,True,False
2024-07-22,2024-07-01,-0.0271971379688548,-0.0005622350544563608,0.0016222217433950138,0.0012696181190229522,0.02663490291439844,0.028819359712249814,0.028466756087877753,True,False,True
2024-07-23,2024-07-01,0.0120845503393425,-0.0004426205433396375,0.0020236199938202474,0.001281576531040446,0.012527170882682136,0.010060930345522252,0.010802973808302054,False,True,False
2024-07-24,2024-07-01,-0.0418313233075695,-0.0008203240823529676,0.0015325852627668655,0.0013048415937624448,0.04101099922521653,0.04336390857033637,0.043136164901331944,True,False,True
2024-07-25,2024-07-01,-0.0485298682550389,0.011881771400216097,0.0022064682989061954,0.0013412376447737653,0.06041163965525499,0.05073633655394509,0.04987110589981266,False,False,True
2024-07-26,2024-07-01,0.0319818858809268,0.0010490355670935217,0.0022903253505151427,0.0013773303921770924,0.030932850313833277,0.029691560530411654,0.030604555488749706,True,True,False
2024-07-27,2024-07-01,-0.0086519921268697,-0.00038705467793670066,0.0012836780619559075,0.0014100578821275968,0.008264937448932998,0.009935670188825607,0.010062050008997295,True,False,True
2024-07-28,2024-07-01,0.0073459266368078,0.0004595139666191991,0.0017916657113805116,0.0014486033390193982,0.0068864126701886005,0.005554260925427289,0.005897323297788402,True,True,False
2024-07-29,2024-07-01,0.0150008369453575,-0.0025933628160678484,0.0015919433043142697,0.0014814616479413094,0.017594199761425348,0.01340889364104323,0.01351937529741619,False,True,False
2024-07-30,2024-07-01,-0.0126098739284646,0.0006386801890421995,0.0014960731783605077,0.0015140183743091254,0.013248554117506799,0.014105947106825107,0.014123892302773725,False,False,True
2024-07-31,2024-07-01,-0.0144485731069756,0.0021122971083752913,0.001841306190312994,0.001540413614595702,0.016560870215350892,0.016289879297288593,0.015988986721571303,False,False,True
2024-08-01,2024-07-01,-0.0092010154293183,0.005251126998524213,0.0018643056436513693,0.0015594121723760447,0.014452142427842513,0.011065321072969668,0.010760427601694345,False,False,True
2024-08-02,2024-07-01,-0.0673268561939628,0.004336253884925132,0.001798600617177416,0.0015763039952578568,0.07166311007888793,0.06912545681114021,0.06890316018922066,False,False,False
2024-08-03,2024-07-01,-0.0276714924971649,0.004166201174156988,0.0025252169633822557,0.0015765224449422448,0.03183769367132189,0.030196709460547155,0.029248014942107145,False,False,False
2024-08-04,2024-07-01,-0.0747357863109038,-0.003140510579487005,0.0020294974225122213,0.0015677067773712191,0.0715952757314168,0.07676528373341603,0.07630349308827503,True,False,False
2024-08-05,2024-07-01,-0.1002057529020338,0.004411845094110797,0.002617640411973986,0.0015311124060086157,0.1046175979961446,0.10282339331400779,0.10173686530804242,False,False,True
2024-08-06,2024-07-01,0.0171758521997595,-0.0041261753256574395,0.002936174202447486,0.0014863556357493997,0.02130202752541694,0.014239677997312013,0.0156894965640101,False,True,False
2024-08-07,2024-07-01,-0.0496739477861684,-0.006149975431381297,0.0014686473337455958,0.0014440080725657127,0.0435239723547871,0.051142595119913994,0.05111795585873411,True,False,True
2024-08-08,2024-07-01,0.1484058064900366,0.0013320398731226663,0.0023042932460231643,0.0013909194866652303,0.14707376661691393,0.14610151324401344,0.14701488700337137,True,True,False
2024-08-09,2024-07-01,-0.0312125006130008,-0.006135212788930892,-0.00017142631525080107,0.0013506804336871443,0.025077287824069906,0.03104107429775,0.03256318104668794,True,True,True
2024-08-10,2024-07-01,0.004009971491242,0.004617781030699798,0.002073695789877738,0.0013029813847135639,0.0006078095394577978,0.0019362757013642626,0.0027069901065284365,True,True,False
2024-08-11,2024-07-01,-0.0217510547062883,-0.002325703663845114,0.0016340251168672298,0.0012539822567607093,0.01942535104244319,0.02338507982315553,0.02300503696304901,True,False,True
2024-08-12,2024-07-01,0.0670437834865365,0.007431261131710776,0.0019553683704847838,0.0012088860122072068,0.059612522354825725,0.06508841511605172,0.0658348974743293,True,True,False
2024-08-13,2024-07-01,-0.0076199408330632,-0.0026734909403845603,0.0008455827941733534,0.0011664822065808695,0.00494644989267864,0.008465523627236553,0.00878642303964407,True,False,True
2024-08-14,2024-07-01,-0.0150747139307076,0.012223702546672774,0.0017788627128261334,0.0011328842776160216,0.027298416477380374,0.016853576643533732,0.016207598208323622,False,False,True
2024-08-15,2024-07-01,-0.0348592259183506,-0.0037058124523462123,0.0018723076774611132,0.0011120989523701389,0.031153413466004386,0.03673153359581171,0.03597132487072074,True,False,True
2024-08-16,2024-07-01,0.0089875833552688,-0.00018018324390407228,0.002119326558915919,0.0010764591788885777,0.009167766599172874,0.006868256796352882,0.007911124176380223,False,True,False
2024-08-17,2024-07-01,0.0082371057266581,-0.005403429630420089,0.0015712338183834036,0.001046553163867679,0.013640535357078189,0.006665871908274696,0.007190552562790421,False,True,False
2024-08-18,2024-07-01,-0.0004550300004183,0.005132808419958647,0.001580573410908504,0.001013196404900564,0.005587838420376947,0.002035603411326804,0.001468226405318864,False,False,True
2024-08-19,2024-07-01,0.0091641582536232,-0.004008421628708058,0.001689375983891256,0.0009751177939386445,0.013172579882331257,0.0074747822697319435,0.008189040459684554,False,True,False
2024-08-20,2024-07-01,-0.0243428154484458,-0.004129204357551288,0.00156910028209407,0.0009435797209220876,0.020213611090894514,0.025911915730539872,0.02528639516936789,True,False,True
2024-08-21,2024-07-01,0.0226529933357029,-0.001293812030552784,0.0019879379046994256,0.0009124511043011242,0.023946805366255684,0.020665055431003474,0.021740542231401774,False,True,False
2024-08-22,2024-07-01,-0.003208978571182,-0.0008029535303877818,0.0014004906617426126,0.0008862447627883081,0.0024060250407942183,0.0046094692329246125,0.004095223333970308,True,False,True
2024-08-23,2024-07-01,0.0539451873202012,0.008076350546637296,0.0017236794011442132,0.0008747198595078102,0.045868836773563904,0.052221507919056984,0.05307046746069339,True,True,False
2024-08-24,2024-07-01,0.0017879260896347,-0.004708633467434737,0.0010093832354642783,0.000871334859730239,0.006496559557069437,0.0007785428541704218,0.000916591229904461,False,True,False
2024-08-25,2024-07-01,-0.0073055568779081,0.011332849645606376,0.0016612919557629435,0.0008854296882196836,0.018638406523514478,0.008966848833671043,0.008190986566127784,False,False,True
2024-08-26,2024-07-01,-0.0246683332519281,-0.0026326191856649067,0.0017751479578347975,0.000925377403606708,0.022035714066263194,0.0264434812097629,0.02559371065553481,True,False,True
2024-08-27,2024-07-01,-0.0830234009249578,0.007604473829778439,0.001991986453678642,0.0009533283964069049,0.09062787475473624,0.08501538737863644,0.08397672932136471,False,False,True
2024-08-28,2024-07-01,0.0283435197336019,0.003019956014626431,0.0027214444169940057,0.000982352609427427,0.02532356371897547,0.025622075316607894,0.02736116712417447,True,True,False
2024-08-29,2024-07-01,0.0001491832578726,-0.0022556745869482617,0.0013292187791703737,0.0009856409443273343,0.0024048578448208615,0.0011800355212977737,0.0008364576864547343,False,True,False
2024-08-30,2024-07-01,-0.0011747515310726,-0.008017239260217654,0.0016815172190162272,0.0009978548348877246,0.006842487729145054,0.0028562687500888273,0.0021726063659603246,True,False,True
2024-08-31,2024-07-01,-0.0049204665057699,-0.0032610983213880655,0.0016984609172062046,0.0010089740856812249,0.0016593681843818345,0.006618927422976105,0.005929440591451125,True,False,True
2024-09-01,2024-07-01,-0.0340143494895172,-0.0017362655203514575,0.0017451290217716906,0.001025785906132698,0.03227808396916574,0.03575947851128889,0.035040135395649895,True,False,True
2024-09-02,2024-07-01,0.0454239489464123,0.00731775738811021,0.002108828027251337,0.0010233196888794639,0.03810619155830209,0.04331512091916096,0.04440062925753284,True,True,False
2024-09-03,2024-07-01,-0.0463257767220719,0.0044225190647496585,0.0011157950473885232,0.0010315443645648919,0.05074829578682156,0.04744157176946043,0.047357321086636796,False,False,True
2024-09-04,2024-07-01,0.0117215760329034,0.004453630696642497,0.0022626476153857654,0.0010449286321842022,0.007267945336260902,0.009458928417517633,0.010676647400719198,True,True,False
2024-09-05,2024-07-01,-0.0331728310509111,0.0021929316422253766,0.0015372627891797183,0.0010673887119976144,0.03536576269313648,0.03471009384009082,0.03424021976290872,False,False,True
2024-09-06,2024-07-01,-0.0607588810067132,-0.003424342321349792,0.002098142432532451,0.0010811834823380244,0.05733453868536341,0.06285702343924565,0.06184006448905122,True,False,True
2024-09-07,2024-07-01,0.0225870068255586,0.005552475688576374,0.0024432092507918413,0.0010857096586458438,0.017034531136982226,0.02014379757476676,0.021501297166912757,True,True,False
2024-09-08,2024-07-01,0.0101955577303636,-0.0017150502817459509,0.0014011498591373016,0.0010963083394358694,0.01191060801210955,0.008794407871226298,0.009099249390927731,False,True,False
2024-09-09,2024-07-01,0.0266353529204719,-0.00038263121856163063,0.001556006913654624,0.001106679286329818,0.027017984139033533,0.02507934600681728,0.025528673634142084,False,True,False
2024-09-10,2024-07-01,0.0131859707258841,-0.0013312048280181292,0.0013507974063016411,0.0011279718347669224,0.014517175553902228,0.011835173319582459,0.012057998891117177,False,True,False
2024-09-11,2024-07-01,-0.0208151558012874,0.00024715744556574946,0.001518839237776219,0.0011422896969375596,0.021062313246853148,0.02233399503906362,0.02195744549822496,False,False,True
2024-09-12,2024-07-01,0.0093767825950588,0.0022597815523805647,0.0019439288859565678,0.0011560812277837495,0.007117001042678235,0.0074328537091022315,0.00822070136727505,True,True,False
2024-09-13,2024-07-01,0.03379882152498,0.0006729757086315921,0.001566456092248879,0.0011518344980214303,0.033125845816348407,0.03223236543273112,0.03264698702695857,True,True,False
2024-09-14,2024-07-01,-0.0094247243451863,0.002974799425395796,0.0012610671395333938,0.0011460720637456135,0.012399523770582097,0.010685791484719695,0.010570796408931913,False,False,True
2024-09-15,2024-07-01,-0.0403947159096873,0.0017621959555429011,0.0018015136565683197,0.0011446357485221054,0.042156911865230205,0.04219622956625562,0.041539351658209406,False,False,True
2024-09-16,2024-07-01,-0.011036044683605,-0.0005017603665242042,0.0021887004946156974,0.0011427400815449402,0.010534284317080797,0.013224745178220698,0.012178784765149941,True,False,True
2024-09-17,2024-07-01,0.0202258537536954,0.002408888953356879,0.001821526655981088,0.0011630471879808838,0.017816964800338522,0.01840432709771431,0.019062806565714515,True,True,False
2024-09-18,2024-07-01,0.0119661559264923,0.001247466890371256,0.0014306738986813805,0.001181343925339096,0.010718689036121044,0.010535482027810919,0.010784812001153204,True,True,False
2024-09-19,2024-07-01,0.0400987594795603,0.005454018432012937,0.0015340535778240326,0.0012000852244438312,0.03464474104754736,0.03856470590173627,0.03889867425511647,True,True,False
2024-09-20,2024-07-01,0.0390789079427971,-0.003186082261884203,0.0011824577871091197,0.0012238038366478494,0.0422649902046813,0.03789645015568798,0.03785510410614925,False,True,False
2024-09-21,2024-07-01,0.021391493792606,-0.005679905910314011,0.0011951756079220386,0.00125430285829371,0.02707139970292001,0.02019631818468396,0.02013719093431229,False,True,False
2024-09-22,2024-07-01,-0.0126133143610031,0.002201751684336302,0.0014163865947285444,0.0012891182673275187,0.0148150660453394,0.014029700955731644,0.013902432628330618,False,False,True
2024-09-23,2024-07-01,0.0254306362219802,0.007335091878200077,0.0018414402388169202,0.0013068494226265112,0.018095544343780124,0.02358919598316328,0.02412378679935369,True,True,False
2024-09-24,2024-07-01,0.0021931251720292,0.0027941853968007748,0.0013657919193634227,0.0013326826491038655,0.0006010602247715747,0.0008273332526657774,0.0008604425229253347,True,True,False
2024-09-25,2024-07-01,-0.0282427592184791,0.004130388511437207,0.001656187288264288,0.0013448682140578066,0.032373147729916306,0.029898946506743386,0.029587627432536904,False,False,True
2024-09-26,2024-07-01,0.0204743394714863,0.0036026298044413044,0.0020367868271023715,0.0013624393064317175,0.016871709667044994,0.018437552644383928,0.019111900165054582,True,True,False
2024-09-27,2024-07-01,0.0242005488851217,0.0003058888005286022,0.0014276790120419198,0.001393659950513622,0.023894660084593098,0.02277286987307978,0.02280688893460808,True,True,False
2024-09-28,2024-07-01,-0.0068109232324214,-0.0011505758181148645,0.0013810306313616857,0.0014378647662920206,0.005660347414306535,0.008191953863783085,0.00824878799871342,True,False,True
2024-09-29,2024-07-01,-0.0067943504267269,0.006773435600538948,0.0017688792867865907,0.0014749271447599157,0.013567786027265848,0.00856322971351349,0.008269277571486815,False,False,True
2024-09-30,2024-07-01,-0.0211646623399097,0.0027163903086040364,0.0017686399140836126,0.0015047374938985678,0.023881052648513736,0.02293330225399331,0.022669399833808265,False,False,True
2024-10-01,2024-07-01,-0.0592154768107168,-0.004588798731434876,0.0019481686179640247,0.0015252523053579591,0.054626678079281926,0.06116364542868083,0.06074072911607476,True,False,True
2024-10-02,2024-07-01,-0.0341740089829495,0.004520648801434993,0.0024238436345964415,0.0015484444052948074,0.038694657784384495,0.03659785261754594,0.035722453388244306,False,False,True
2024-10-03,2024-07-01,-0.0065280833824232,0.0023715284023233816,0.0021107422387338045,0.0015631838191186916,0.008899611784746582,0.008638825621157005,0.008091267201541892,False,False,False
2024-10-04,2024-07-01,0.0276631744529336,0.0004807290379386807,0.001765036735356546,0.0015667581053475223,0.02718244541499492,0.02589813771757705,0.026096416347586075,True,True,True
2024-10-05,2024-07-01,0.0003469822452661,-0.0018188676089692427,0.001337746459392532,0.0015729942084445254,0.0021658498542353427,0.000990764214126432,0.0012260119631784254,False,True,True
2024-10-06,2024-07-01,0.0100702132553796,0.0024040717923097627,0.0016793077938949319,0.0015907390946086144,0.007666141463069836,0.008390905461484667,0.008479474160770984,True,True,True
2024-10-07,2024-07-01,-0.0074432160600884,0.0019429579878997014,0.0015578489315344142,0.0016137542389017341,0.009386174047988102,0.009001064991622815,0.009056970298990134,False,False,False
2024-10-08,2024-07-01,0.0074507451299583,0.004801374742582087,0.001776677562878932,0.001630645228174678,0.0026493703873762134,0.005674067567079368,0.005820099901783622,True,True,True
2024-10-09,2024-07-01,-0.0293287055660089,0.004175780640392493,0.0015905388796871984,0.001646774240670874,0.033504486206401396,0.030919244445696097,0.030975479806679772,False,False,False
2024-10-10,2024-07-01,0.0065762664129611,0.005244538178700462,0.0020502425298442005,0.0016453528607066148,0.0013317282342606377,0.0045260238831169,0.0049309135522544855,True,True,True
2024-10-11,2024-07-01,0.0220883624622885,-0.004419177841187253,0.001601448518789207,0.001637092163806056,0.026507540303475755,0.02048691394349929,0.020451270298482444,False,True,True
2024-10-12,2024-07-01,0.0164209091440155,-0.002851411861457835,0.0014074234793308162,0.0016258955719449305,0.019272321005473332,0.015013485664684682,0.014795013572070567,False,True,True
2024-10-13,2024-07-01,-0.0035720204155448,0.001155688185532262,0.0014784177269426767,0.0016270049751458608,0.004727708601077062,0.005050438142487477,0.005199025390690661,False,False,False
2024-10-14,2024-07-01,0.0653338748397864,0.005427022297874321,0.0017283709583533178,0.0016206395136935865,0.059906852541912074,0.06360550388143307,0.06371323532609281,True,True,True
2024-10-15,2024-07-01,-0.0087024727214237,0.0005767379586876305,0.0008669714766269999,0.001623158387165074,0.00927921068011133,0.009569444198050699,0.010325631108588773,False,False,False
2024-10-16,2024-07-01,0.0019493612019787,0.006150033225865981,0.0017924385148374922,0.001629365068386719,0.004200672023887282,0.00015692268714120774,0.0003199961335919809,True,True,True
2024-10-17,2024-07-01,-0.0026152226716711,0.003314506983556235,0.0016594962213252909,0.001620374352459253,0.005929729655227336,0.004274718892996391,0.004235597024130353,False,False,False
2024-10-18,2024-07-01,0.0143144756065001,0.0015643937798253823,0.0017162688380009236,0.0016071075901453156,0.012750081826674718,0.012598206768499176,0.012707368016354784,True,True,True
2024-10-19,2024-07-01,0.0026896065896979,-0.002838544801046588,0.001504713361899317,0.001598276954661751,0.005528151390744488,0.0011848932277985832,0.0010913296350361491,False,True,True
2024-10-20,2024-07-01,0.0368892732801733,0.001928857482782434,0.0016500218234872309,0.0015917623157931495,0.03496041579739087,0.03523925145668607,0.03529751096438015,True,True,True
2024-10-21,2024-07-01,-0.0293667755138252,0.002215707755780974,0.0012225510439965279,0.0015971173009528847,0.03158248326960617,0.030589326557821726,0.030963892814778085,False,False,False
2024-10-22,2024-07-01,-0.0170741046805968,0.0025978552619271957,0.0020507571805680417,0.001610167501140358,0.019671959942523996,0.01912486186116484,0.01868427218173716,False,False,False
2024-10-23,2024-07-01,-0.0424008619191603,0.0035011298498741766,0.0018971888676840194,0.0016340782453022214,0.04590199176903448,0.04429805078684432,0.04403494016446252,False,False,False
2024-10-24,2024-07-01,0.0101230200357702,0.007840317451765515,0.0022135500026872596,0.0016473705252610046,0.002282702584004684,0.00790947003308294,0.008475649510509194,True,True,True
2024-10-25,2024-07-01,-0.0388891339875734,-0.0022120883877523594,0.0015570375923375569,0.0016565119901346727,0.03667704559982104,0.040446171579910956,0.04054564597770807,True,False,False
2024-10-26,2024-07-01,0.0179270817610592,-0.0010537058895546303,0.0021696474744389385,0.001655708601696022,0.01898078765061383,0.01575743428662026,0.016271373159363178,False,True,True
2024-10-27,2024-07-01,0.0106216194528503,-0.003859583317806604,0.001459575650897907,0.001648787296595422,0.014481202770656903,0.009162043801952392,0.008972832156254877,False,True,True
2024-10-28,2024-07-01,0.0237066548795719,-0.0018975418185643452,0.001550732274227373,0.001647701966638738,0.025604196698136242,0.022155922605344526,0.02205895291293316,False,True,True
2024-10-29,2024-07-01,0.028303906880938,0.001837859849757868,0.0013873802912204357,0.0016494689514325997,0.02646604703118013,0.026916526589717563,0.0266544379295054,True,True,True
2024-10-30,2024-07-01,0.0073598755547625,0.007271532401021609,0.0013298658275918947,0.0016661125261240276,8.834315374089095e-05,0.006030009727170605,0.005693763028638473,True,True,True
2024-10-31,2024-07-01,-0.0532756469278883,0.005741645696786731,0.001591723892972748,0.0016835999181835702,0.059017292624675026,0.054867370820861044,0.05495924684607187,False,False,False
2024-11-01,2024-07-01,-0.0015556957718574,0.005180846519727365,0.0023497063013763167,0.0016843734514381406,0.006736542291584765,0.0039054020732337165,0.003240069223295541,False,False,False
2024-11-02,2024-07-01,-0.0082873580612795,0.0010173729449861513,0.0017030775409248634,0.0016816048418435102,0.009304731006265651,0.009990435602204363,0.00996896290312301,False,False,False
2024-11-03,2024-07-01,-0.0139070078190473,-0.00029586579763240064,0.0017870542303998565,0.001681939943942892,0.013611142021414899,0.015694062049447156,0.01558894776299019,True,False,False
2024-11-04,2024-07-01,-0.0241810430593077,0.00047418946695232975,0.001857506585170138,0.0016619974202244764,0.02465523252626003,0.026038549644477837,0.025843040479532176,False,False,False
2024-11-05,2024-07-01,0.0106900232425022,0.0006704033436040788,0.0019858786711284965,0.0016365446715287369,0.010019619898898121,0.008704144571373704,0.009053478570973463,True,True,True
2024-11-06,2024-07-01,0.1244581246510063,-0.0030540853201331936,0.001549949545166017,0.0016111070046927194,0.1275122099711395,0.12290817510584028,0.12284701764631357,False,True,True
2024-11-07,2024-07-01,0.0629242340854889,-0.0032708411152018026,0.00012777959116808905,0.001607457705285623,0.0661950752006907,0.06279645449432081,0.06131677638020328,False,True,True
2024-11-08,2024-07-01,0.0230389269495134,0.010324933738260522,0.0008971593382622247,0.0016118563273366715,0.012713993211252878,0.022141767611251174,0.02142707062217673,True,True,True
2024-11-09,2024-07-01,0.0569989847173546,0.0032759645745303045,0.0013960825092025522,0.0016236626262435563,0.0537230201428243,0.05560290220815205,0.05537532209111105,True,True,True
2024-11-10,2024-07-01,0.0192219704256506,0.0012133560877409398,0.0009712799953903664,0.0016397289592380473,0.01800861433790966,0.018250690430260234,0.017582241466412553,True,True,True
2024-11-11,2024-07-01,0.0574937768198808,0.005824687898557293,0.0014434365161311222,0.0016700492780363342,0.051669088921323506,0.056050340303749675,0.05582372754184446,True,True,True
2024-11-12,2024-07-01,-0.0380926778784183,0.007926335719117578,0.0009651426643731205,0.001714563071326956,0.04601901359753588,0.03905782054279142,0.039807240949745255,False,False,False
2024-11-13,2024-07-01,-0.016530228997185,0.008434096223508028,0.002159878876534135,0.0017650212510659288,0.02496432522069303,0.018690107873719133,0.018295250248250926,False,False,False
2024-11-14,2024-07-01,-0.0418616132465307,0.0011336836297186638,0.0018904407472835642,0.0018094798333883773,0.04299529687624936,0.04375205399381426,0.04367109307991907,False,False,False
2024-11-15,2024-07-01,0.0144140359188835,0.0025836321125623685,0.0022067718261088573,0.0018525219673218168,0.011830403806321131,0.012207264092774641,0.012561513951561682,True,True,True
2024-11-16,2024-07-01,0.0097431529401841,0.0005044044641810239,0.0015034039078145865,0.0018956703581896467,0.009238748476003077,0.008239749032369514,0.007847482581994454,True,True,True
2024-11-17,2024-07-01,-0.0183872543710441,0.0007658393600905448,0.0015617190992741946,0.0019403570967954722,0.019153093731134645,0.019948973470318297,0.02032761146783957,False,False,False
2024-11-18,2024-07-01,0.0429809389017701,-0.0022209176284212237,0.0019135579167799766,0.0019746486825567336,0.04520185653019132,0.041067380984990125,0.041006290219213364,False,True,True
2024-11-19,2024-07-01,-0.0300737934362199,-0.001720967750911477,0.0011463693876933726,0.0020081711227899848,0.028352825685308423,0.03122016282391327,0.032081964559009885,True,False,False
2024-11-20,2024-07-01,-0.0125976235988853,0.00261626647844305,0.0020595322130577795,0.0020315688084426996,0.01521389007732835,0.014657155811943079,0.014629192407327999,False,False,False
2024-11-21,2024-07-01,0.0940261363883798,0.006663833800784632,0.0018412648079294933,0.002059987087428136,0.08736230258759517,0.0921848715804503,0.09196614930095166,True,True,True
2024-11-22,2024-07-01,-0.0087630622398965,0.002317557848638688,0.0005081333052299247,0.0021009115398936866,0.011080620088535189,0.009271195545126426,0.010863973779790186,False,False,False
2024-11-23,2024-07-01,0.0193968491093918,0.011708200977588066,0.0017931977495767681,0.0021410002232626303,0.007688648131803732,0.01760365135981503,0.017255848886129167,True,True,True
2024-11-24,2024-07-01,-0.0095881433097468,0.004180419394167271,0.0014414947343318449,0.0021902127204332183,0.013768562703914071,0.011029638044078645,0.011778356030180018,False,False,False
2024-11-25,2024-07-01,0.0148302844242782,0.0034118500832223085,0.0018034220096697386,0.0022427838261795865,0.011418434341055892,0.013026862414608462,0.012587500598098614,True,True,True
2024-11-26,2024-07-01,-0.0254945044570557,0.003927643899546071,0.001498323928766953,0.0022958539906402318,0.02942214835660177,0.02699282838582265,0.02779035844769593,False,False,False
2024-11-27,2024-07-01,0.099422879963656,0.007071488369836914,0.0020023118881802478,0.0023140794223396083,0.09235139159381908,0.09742056807547575,0.09710880054131639,True,True,True
2024-11-28,2024-07-01,-0.021173767078749,-0.0024859704582515115,0.0004408381056983711,0.0023336064947009827,0.01868779662049749,0.021614605184447373,0.023507373573449983,True,False,False
2024-11-29,2024-07-01,0.0038222295331866,-0.0019084483397637073,0.0019482723031920878,0.0023395143063276785,0.0057306778729503075,0.001873957229994512,0.0014827152268589213,False,True,True
2024-11-30,2024-07-01,0.0312261340871189,-0.0009902334967215598,0.001636202108210922,0.0023309518485661947,0.03221636758384046,0.02958993197890798,0.028895182238552707,False,True,True
2024-12-01,2024-07-01,0.0014733272945559,0.00897121909938698,0.0012931748413427006,0.002324822757072736,0.00749789180483108,0.00018015245321319944,0.0008514954625168359,True,True,True
2024-12-02,2024-07-01,-0.0180446172642572,0.0034313860759677957,0.0016652638196186173,0.002303947842490426,0.021476003340224994,0.019709881083875815,0.020348565106747624,False,False,False
2024-12-03,2024-07-01,-0.0064449882448404,0.010223837056257295,0.0019093224477100914,0.002291411780185068,0.016668825301097694,0.008354310692550491,0.008736400025025468,False,False,False
2024-12-04,2024-07-01,0.0609326024489504,0.00407127908304292,0.0017641801172928156,0.002289355692292123,0.056861323365907476,0.05916842233165758,0.058643246756658274,True,True,True
2024-12-05,2024-07-01,-0.0078938142728541,-0.003410282912635798,0.0009218836954193805,0.0023091230283658762,0.004483531360218302,0.00881569796827348,0.010202937301219975,True,False,False
2024-12-06,2024-07-01,0.0511156708983855,0.006715067997578575,0.0017823386744548024,0.0023233996910821232,0.044400602900806926,0.0493333322239307,0.048792271207303374,True,True,True
2024-12-07,2024-07-01,-0.000778349321664,0.004461029754918893,0.001044869529860516,0.0023438004875948855,0.005239379076582893,0.001823218851524516,0.0031221498092588854,False,False,False
2024-12-08,2024-07-01,0.0007524841828581,0.0023762315172217996,0.0016933310512900542,0.0023701982447124964,0.0016237473343636995,0.0009408468684319542,0.0016177140618543963,True,True,True
2024-12-09,2024-07-01,-0.0716513546415676,-0.0012230176738896865,0.0016744156204308554,0.0023851357469264,0.07042833696767792,0.07332577026199846,0.07403649038849401,True,False,False
2024-12-10,2024-07-01,-0.0233567948436148,0.012912850397052877,0.002579300180455166,0.0023987390273700372,0.036269645240667676,0.025936095024069968,0.025755533870984837,False,False,False
2024-12-11,2024-07-01,0.0553407164605033,-0.0032365260002651807,0.001975582050438,0.002408352653672308,0.05857724246076848,0.0533651344100653,0.052932363806830994,False,True,True
2024-12-12,2024-07-01,0.0131181517779301,8.256472256728967e-05,0.0009916009692495786,0.0024007223232844713,0.013035587055362811,0.012126550808680522,0.010717429454645629,True,True,True
2024-12-13,2024-07-01,0.0072374516384092,0.0024078351039590364,0.0015196381113445066,0.0023936394136073796,0.004829616534450164,0.0057178135270646935,0.004843812224801821,True,True,True
2024-12-14,2024-07-01,-0.0109429307084631,0.0017213440088604138,0.001593368022838022,0.002383534397668104,0.012664274717323514,0.012536298731301123,0.013326465106131204,False,False,False
2024-12-15,2024-07-01,0.0215943994403782,-0.003111060381839227,0.0018204445286493735,0.0023706369643845754,0.024705459822217425,0.019773954911728828,0.019223762475993625,False,True,True
2024-12-16,2024-07-01,0.008992996976429,0.00927265400867096,0.001413717437476209,0.0023592182419175474,0.00027965703224195997,0.007579279538952791,0.006633778734511452,True,True,True
2024-12-17,2024-07-01,-0.025257761688468,0.008609959412376883,0.0015712035955812499,0.002357590385341083,0.033867721100844884,0.026828965284049253,0.027615352073809083,False,False,False
2024-12-18,2024-07-01,-0.0689454538053996,0.0050278576092056045,0.0019994572110074256,0.0023272285011572648,0.0739733114146052,0.07094491101640703,0.07127268230655687,False,False,False
2024-12-19,2024-07-01,-0.055505627938045,0.0012385743007037658,0.0025455011187944217,0.0022945043011758487,0.056744202238748764,0.05805112905683942,0.05780013223922085,False,False,False
2024-12-20,2024-07-01,0.0159820477858556,-0.0066604968430792125,0.0023773707503327883,0.002253023258871673,0.02264254462893481,0.01360467703552281,0.013729024526983925,False,True,True
2024-12-21,2024-07-01,-0.0389716259177805,0.0033644396501569343,0.0014836151199831816,0.002200398307530701,0.04233606556793743,0.040455241037763684,0.0411720242253112,False,False,False
2024-12-22,2024-07-01,-0.0178853095444867,0.002850298683130823,0.002170661370640956,0.0021418755632478313,0.020735608227617525,0.020055970915127657,0.020027185107734533,False,False,False
2024-12-23,2024-07-01,0.0421811628403108,0.0007851819769191542,0.0019072747370310979,0.002085825445032299,0.04139598086339165,0.040273888103279705,0.0400953373952785,True,True,True
2024-12-24,2024-07-01,0.0223270479135351,-0.0051353079095319,0.0011561969968552335,0.0020370281540475,0.027462355823067,0.02117085091667987,0.0202900197594876,False,True,True
2024-12-25,2024-07-01,0.000339498844893,0.0043222363293324625,0.0014045210585671942,0.001973060202177268,0.003982737484439463,0.0010650222136741943,0.001633561357284268,True,True,True
2024-12-26,2024-07-01,-0.0463780722395097,0.0018268536014715679,0.0016795653960081122,0.0019131224693291662,0.04820492584098127,0.04805763763551781,0.04829119470883887,False,False,False
2024-12-27,2024-07-01,-0.0006930895737473,0.003504141688511338,0.0022634411912312957,0.0018415567363608996,0.004197231262258638,0.002956530764978596,0.0025346463101081997,False,False,False
2024-12-28,2024-07-01,0.020723061501503,-0.0014837270261986646,0.0016922753507589347,0.0017760722795052302,0.022206788527701665,0.019030786150744064,0.01894698922199777,False,True,True
2024-12-29,2024-07-01,-0.0142408201061546,0.0009994162925981555,0.0014244429098479365,0.001715872955740258,0.015240236398752756,0.01566526301600254,0.015956693061894858,False,False,False
2024-12-30,2024-07-01,0.0020537760301735,0.005529324179346293,0.0018616899443205318,0.0016808937935018906,0.0034755481491727932,0.00019208608585296835,0.00037288223667160956,True,True,True
2024-12-31,2024-07-01,-0.0071090729967826,0.00038654442860597163,0.0016580253235437983,0.0016547863452512376,0.007495617425388572,0.008767098320326398,0.008763859342033838,False,False,False
2025-01-01,2025-01-01,0.0062932370211097,0.001286711587226673,0.0020836870643045047,0.0016937669084807786,0.005006525433883027,0.004209549956805196,0.004599470112628921,True,True,True
2025-01-02,2025-01-01,0.0291898931220861,0.0005835141695757532,0.001954855916150139,0.0016564564775348747,0.028606378952510347,0.02723503720593596,0.027533436644551226,True,True,True
2025-01-03,2025-01-01,0.0445087552408929,-0.0015867402838927742,0.0017303591156131782,0.001619808743430263,0.04609549552478567,0.04277839612527972,0.04288894649746264,False,True,False
2025-01-04,2025-01-01,0.0146177194821659,-0.004182974135257574,0.0015790085978443606,0.0015886509038215218,0.018800693617423474,0.01303871088432154,0.013029068578344379,False,True,False
2025-01-05,2025-01-01,-0.006452957745802,0.0022506839834530684,0.0018684608728259005,0.0015554739391087616,0.008703641729255068,0.0083214186186279,0.008008431684910762,False,False,True
2025-01-06,2025-01-01,0.014998902607803,0.0024893257283044854,0.002077257382663769,0.0015200437170073838,0.012509576879498515,0.012921645225139231,0.013478858890795616,True,True,False
2025-01-07,2025-01-01,-0.0832383540130119,0.0028649816665677194,0.0018703773749236985,0.0014920003142275104,0.08610333567957962,0.0851087313879356,0.08473035432723941,False,False,True
2025-01-08,2025-01-01,-0.0163379513348587,0.008156593157957899,0.0028227813461422268,0.0014724721144105987,0.0244945444928166,0.019160732681000926,0.017810423449269298,False,False,True
2025-01-09,2025-01-01,-0.0321371309124017,0.002910815617926014,0.0021842254089308173,0.0014612997901418173,0.035047946530327716,0.03432135632133252,0.03359843070254352,False,False,True
2025-01-10,2025-01-01,0.0149278960122813,0.0023131803081820343,0.0023276006814794857,0.0014414734239313301,0.012614715704099267,0.012600295330801814,0.01348642258834997,True,True,False
2025-01-11,2025-01-01,0.0045073690346848,-0.004395097068369126,0.0018734202708210325,0.001439298015681975,0.008902466103053926,0.0026339487638637675,0.003068071019002825,False,True,False
2025-01-12,2025-01-01,-0.0049559787574557,-0.002169547274870229,0.001968781996449512,0.0014408072160022026,0.0027864314825854714,0.006924760753905213,0.006396785973457903,True,False,True
2025-01-13,2025-01-01,-0.0399428555879884,-0.002943940025920311,0.002063194087035481,0.0014343927989054484,0.03699891556206809,0.04200604967502388,0.04137724838689385,True,False,True
2025-01-14,2025-01-01,0.0281246440183362,0.002321319413159869,0.002404300992058789,0.0014170925587827163,0.02580332460517633,0.02572034302627741,0.026707551459553485,True,True,False
2025-01-15,2025-01-01,0.0703707271588793,-0.0033915418244763428,0.0017462064709582214,0.0014044074430254803,0.07376226898335565,0.06862452068792109,0.06896631971585383,False,True,False
2025-01-16,2025-01-01,-0.0412087620517692,0.003405062429916504,0.0013264973021562647,0.00140905085739749,0.04461382448168571,0.042535259353925464,0.04261781290916669,False,False,True
2025-01-17,2025-01-01,0.050104191710977,0.007293676841916667,0.0024083695325880627,0.0014162478722482023,0.04281051486906033,0.047695822178388934,0.0486879438387288,True,True,False
2025-01-18,2025-01-01,-0.0484491750950794,6.37704180992695e-06,0.0015343944816682182,0.0014237421012315479,0.048455552136889325,0.04998356957674762,0.04987291719631095,False,False,True
2025-01-19,2025-01-01,-0.0292895823600196,0.005309370712431385,0.0024794090148974146,0.0014279877277941124,0.034598953072450984,0.03176899137491701,0.03071757008781371,False,False,True
2025-01-20,2025-01-01,0.0215244039106148,0.002610763022503813,0.0023069829862005396,0.0014306979620216527,0.018913640888110986,0.01921742092441426,0.02009370594859315,True,True,False
2025-01-21,2025-01-01,0.0150611093472303,0.00436117568378577,0.0018080607949766923,0.001437874756947684,0.01069993366344453,0.013253048552253607,0.013623234590282616,True,True,False
2025-01-22,2025-01-01,-0.0262010809846258,-0.0030827585974527918,0.0018654731593900785,0.0014440399837090685,0.023118322387173006,0.028066554144015876,0.027645120968334866,True,False,True
2025-01-23,2025-01-01,0.0291614049469708,0.0009973129197436475,0.0022687490981485297,0.0014397691637282474,0.028164092027227153,0.02689265584882227,0.027721635783242552,True,True,False
2025-01-24,2025-01-01,-0.0075446286690764,-0.004812111605161808,0.0017349633132769605,0.0014347636720022938,0.0027325170639145918,0.00927959198235336,0.008979392341078694,True,False,True
2025-01-25,2025-01-01,0.0023310081774501,0.00266329888899598,0.0020844590509668153,0.0014245033312585175,0.0003322907115458798,0.00024654912648328477,0.0009065048461915825,True,True,False
2025-01-26,2025-01-01,-0.0244584448571102,-0.002051344203926866,0.0019941117024077806,0.0014209143290369465,0.022407100653183337,0.026452556559517983,0.025879359186147147,True,False,True
2025-01-27,2025-01-01,-0.0176796950571722,0.009461157173734545,0.002252549605620164,0.0014103006064032791,0.027140852230906745,0.019932244662792364,0.019089995663575478,False,False,True
2025-01-28,2025-01-01,-0.0320259233300908,5.269168060856224e-05,0.0021900450093183896,0.0014176763513799597,0.03207861501069936,0.03421596833940919,0.03344359968147076,False,False,True
2025-01-29,2025-01-01,0.0116623860973306,0.002213833558214198,0.002328117531996868,0.0014173263626155595,0.009448552539116403,0.009334268565333733,0.010245059734715041,True,True,False
2025-01-30,2025-01-01,0.0432961927853559,0.0034720433389158964,0.0019050897255527487,0.0014233926061771225,0.039824149446440006,0.041391103059803154,0.04187280017917878,True,True,False
2025-01-31,2025-01-01,0.0155444971538927,0.00039286875204616405,0.0015919389968335068,0.001436998248722967,0.015151628401846536,0.013952558157059192,0.014107498905169732,True,True,False
2025-02-01,2025-01-01,-0.0545548996150467,-0.0021390977999533036,0.0018591839714282475,0.0014530962671876586,0.052415801815093394,0.05641408358647495,0.05600799588223436,True,False,True
2025-02-02,2025-01-01,-0.0800543410095646,0.0026589462202653903,0.002544939834696713,0.001463656051596088,0.08271328722982998,0.08259928084426131,0.08151799706116068,False,False,True
2025-02-03,2025-01-01,0.0055334537401428,0.0042329014564982765,0.0028004946759981495,0.001471630005480987,0.0013005522836445236,0.0027329590641446506,0.004061823734661813,True,True,False
2025-02-04,2025-01-01,-0.0518328743900328,-0.004742140280399628,0.0019694396650815323,0.0014765385267845516,0.04709073410963317,0.053802314055114334,0.05330941291681735,True,False,True
2025-02-05,2025-01-01,0.019278535576469,0.008429299101838275,0.0025167184538399563,0.001460497273314456,0.010849236474630725,0.016761817122629044,0.017818038303154544,True,True,False
2025-02-06,2025-01-01,-0.0356477941573779,-0.006861110677622432,0.001833942754865275,0.001453660572376425,0.028786683479755465,0.03748173691224317,0.037101454729754325,True,False,True
2025-02-07,2025-01-01,-0.0246204715170877,-0.0051070649696887994,0.0023582951425256326,0.0014237367262946287,0.0195134065473989,0.026978766659613334,0.026044208243382327,True,False,True
2025-02-08,2025-01-01,0.0038506311160004,-0.002715014076241918,0.002259292737348814,0.0013970608897566172,0.006565645192242318,0.001591338378651586,0.002453570226243783,False,True,False
2025-02-09,2025-01-01,-0.0013627424019899,0.007616749765766393,0.001979721446830675,0.001378837067299508,0.008979492167756294,0.003342463848820575,0.0027415794692894077,False,False,True
2025-02-10,2025-01-01,0.0123427150611084,0.001293395258329146,0.0020273841248621078,0.0013517842753363158,0.011049319802779255,0.010315330936246293,0.010990930785772084,True,True,False
2025-02-11,2025-01-01,-0.0219395367343481,0.005592008955395638,0.0018953900189356229,0.0013208561988940191,0.02753154568974374,0.023834926753283723,0.023260392933242117,False,False,True
2025-02-12,2025-01-01,0.0515295242142033,-0.004341093147171298,0.0022270334893261584,0.0012969279645542132,0.0558706173613746,0.04930249072487714,0.05023259624964909,False,True,False
2025-02-13,2025-01-01,-0.0222877945570125,-0.005574553795298413,0.0015168860114999432,0.0012740732402371706,0.016713240761714085,0.02380468056851244,0.02356186779724967,True,False,True
2025-02-14,2025-01-01,0.0187559013063003,0.005270881641280684,0.0022253194634248275,0.0012500570141445045,0.013485019665019617,0.016530581842875473,0.017505844292155796,True,True,False
2025-02-15,2025-01-01,-0.0119334723914974,0.00017390436049289173,0.0018366384596742084,0.0012232839686213803,0.01210737675199029,0.013770110851171607,0.013156756360118779,False,False,True
2025-02-16,2025-01-01,-0.0112282253106436,0.004540317357084903,0.0021284333764963565,0.0012006299469047759,0.015768542667728504,0.013356658687139956,0.012428855257548378,False,False,True
2025-02-17,2025-01-01,0.0299941094195936,6.441509669901442e-05,0.0021262410505936977,0.0011823645845146918,0.029929694322894586,0.027867868368999904,0.02881174483507891,True,True,False
2025-02-18,2025-01-01,-0.026925068435387,0.0017928401184561732,0.0017244733622639957,0.0011738768463082474,0.028717908553843173,0.028649541797650998,0.028098945281695247,False,False,True
2025-02-19,2025-01-01,0.0173946176249897,-0.00047165189495893705,0.002273225694664642,0.0011593734071311114,0.017866269519948637,0.015121391930325058,0.016235244217858588,False,True,False
2025-02-20,2025-01-01,0.0090639006569519,0.00022855549962131272,0.0018498915782383788,0.0011363603067762727,0.008835345157330587,0.007214009078713522,0.007927540350175628,True,True,False
2025-02-21,2025-01-01,-0.0294596976664606,-0.005583834452496276,0.0019242812431928792,0.0011111483117696554,0.023875863213964323,0.03138397890965348,0.030570845978230253,True,False,True
2025-02-22,2025-01-01,0.0392433450900127,0.0028062763982399314,0.0023010502445144727,0.0010978137725104386,0.03643706869177277,0.03694229484549823,0.03814553131750226,True,True,False
2025-02-23,2025-01-01,0.020723733255699,-0.0015964465104540586,0.001637170341348033,0.0011121854113546096,0.02232017976615306,0.019086562914350968,0.019611547844344393,False,True,False
2025-02-24,2025-01-01,-0.108988016445359,0.005784542986511899,0.0018082690609461474,0.0011297157195274755,0.11477255943187091,0.11079628550630516,0.11011773216488648,False,False,True
2025-02-25,2025-01-01,-0.0080470158533699,0.010161660313080051,0.00307366858910789,0.0011431313380845065,0.01820867616644995,0.01112068444247779,0.009190147191454407,False,False,True
2025-02-26,2025-01-01,-0.0650226092166886,-0.00399402629670459,0.0021067125132777395,0.00115320711013102,0.06102858291998402,0.06712932172996634,0.06617581632681963,True,False,True
2025-02-27,2025-01-01,-0.0111382325807387,0.0007038453790083074,0.0026458294004184195,0.0011546047999488294,0.011842077959747007,0.01378406198115712,0.01229283738068753,False,False,True
2025-02-28,2025-01-01,-0.0293123225189934,-0.004365633584515707,0.00213102835387688,0.00115833281056788,0.02494668893447769,0.03144335087287028,0.03047065532956128,True,False,True
2025-03-01,2025-01-01,-0.0095008323824028,0.0016122588317644747,0.0022999541187256126,0.001154941098879281,0.011113091214167274,0.011800786501128412,0.01065577348128208,False,False,True
2025-03-02,2025-01-01,0.1367162989594763,-0.006530323795226476,0.0021107614156627413,0.001152060627407173,0.14324662275470276,0.13460553754381355,0.13556423833206913,False,True,False
2025-03-03,2025-01-01,-0.148478553086045,-0.0052466414101814945,0.0006859210837147393,0.0011624128076873892,0.1432319116758635,0.14916447416975973,0.14964096589373238,True,False,True
2025-03-04,2025-01-01,0.0113914329678728,0.010764031028777168,0.003442887802322413,0.001157934877621308,0.0006274019390956308,0.007948545165550387,0.010233498090251491,True,True,False
2025-03-05,2025-01-01,0.0331620535661045,0.0016987481111645014,0.0019251601845222098,0.0011401366305049767,0.03146330545494,0.031236893381582292,0.032021916935599526,True,True,False
2025-03-06,2025-01-01,-0.0176185942519219,-0.0037670738091661717,0.0016875953525900217,0.0011333116874764227,0.01385152044275573,0.019306189604511925,0.018751905939398322,True,False,True
2025-03-07,2025-01-01,-0.0288263002911428,0.0029087683565682185,0.002183018432089321,0.0011267847999364815,0.031735068647711015,0.03100931872323212,0.02995308509107928,False,False,True
2025-03-08,2025-01-01,0.029230046295678,0.0087735354996714,0.0022983749607571142,0.0011153006563809531,0.020456510796006598,0.026931671334920883,0.028114745639297046,True,True,False
2025-03-09,2025-01-01,-0.0844879547132616,-0.01039757923386548,0.001733791383624215,0.001114347525251079,0.07409037547939612,0.08622174609688582,0.08560230223851269,True,False,True
2025-03-10,2025-01-01,-0.0765850096399072,0.0037415378852645193,0.0028327384088055684,0.0010916192303382657,0.08032654752517172,0.07941774804871278,0.07767662887024547,False,False,True
2025-03-11,2025-01-01,0.0315361794588049,0.004920668950089099,0.0027706614973688156,0.001063348168216613,0.0266155105087158,0.028765517961436084,0.03047283129058829,True,True,False
2025-03-12,2025-01-01,-0.0056579072025392,0.0003495268139391491,0.0017153819678377886,0.0010358645507075129,0.006007434016478349,0.0073732891703769884,0.006693771753246713,False,False,True
2025-03-13,2025-01-01,-0.0241034464809859,-0.01172376842842803,0.0020646791674846696,0.0010065455895692267,0.012379678052557871,0.02616812564847057,0.02510999207055513,True,False,True
2025-03-14,2025-01-01,0.0249590356668014,0.004051965908766495,0.0022510495534032366,0.0009783955668070381,0.020907069758034906,0.022707986113398162,0.02398064009999436,True,True,False
2025-03-15,2025-01-01,0.0146256082363029,-0.0062057271544391085,0.0017750631630243062,0.0009459774204318697,0.020831335390742008,0.012850545073278593,0.013679630815871029,False,True,False
2025-03-16,2025-01-01,-0.0257869993813297,-0.004001656152492518,0.0018693972340092931,0.0009086284126392531,0.02178534322883718,0.02765639661533899,0.026695627793968953,True,False,True
2025-03-17,2025-01-01,0.0209638317957441,0.007621656368702445,0.002264862266989678,0.0008954373575374271,0.013342175427041657,0.018698969528754425,0.020068394438206676,True,True,False
2025-03-18,2025-01-01,0.0028752044215358,0.0030133025133545275,0.0018146402323534782,0.0008837274055544367,0.00013809809181872766,0.0010605641891823217,0.001991477015981363,True,True,False
2025-03-19,2025-01-01,0.0647879694248063,0.006139149789248327,0.0019840968491434655,0.0008852880175386886,0.05864881963555797,0.06280387257566283,0.06390268140726761,True,True,False
2025-03-20,2025-01-01,-0.036763069286021,-0.0073442174276583914,0.0013852572657187868,0.0008938768193368008,0.02941885185836261,0.03814832655173979,0.0376569461053578,True,False,True
2025-03-21,2025-01-01,-0.0087040616573061,0.01073549449402409,0.002365129378550311,0.0009053564555237311,0.019439556151330188,0.01106919103585641,0.00960941811282983,False,False,True
2025-03-22,2025-01-01,0.0077310363032974,-0.004514604475227283,0.0021057061395777267,0.0009222749240890451,0.012245640778524684,0.005625330163719674,0.006808761379208356,False,True,False
2025-03-23,2025-01-01,0.0127580150266914,-0.0027575077004049434,0.0019400616360899612,0.0009131434274893839,0.015515522727096344,0.010817953390601438,0.011844871599202016,False,True,False
2025-03-24,2025-01-01,0.0359945337704157,-0.0013388203073606412,0.00188999891953023,0.0009357490542537725,0.03733335407777634,0.03410453485088547,0.035058784716161924,False,True,False
2025-03-25,2025-01-01,-0.0046762656718711,0.0022034021393936673,0.0016637896353866506,0.0009527768367496342,0.006879667811264768,0.006340055307257751,0.005629042508620735,False,False,True
2025-03-26,2025-01-01,-0.0283276159971436,-0.002029330993516893,0.002056696616585173,0.0009628894712536533,0.026298285003626708,0.030384312613728773,0.029290505468397253,True,False,True
2025-03-27,2025-01-01,-0.0034003312052732,0.007026718891007113,0.002292075589213869,0.0009682035341733791,0.010427050096280314,0.005692406794487069,0.004368534739446579,False,False,True
2025-03-28,2025-01-01,-0.053364344956677,-0.004191854860975385,0.002051427495651759,0.0009812252446441262,0.04917249009570162,0.05541577245232876,0.05434557020132113,True,False,True
2025-03-29,2025-01-01,-0.0359707263542667,0.006137110722636857,0.0025338826868727816,0.0009777571959714978,0.042107837076903555,0.03850460904113948,0.0369484835502382,False,False,True
2025-03-30,2025-01-01,-0.0115478848595749,0.004603055916903955,0.002371215212583185,0.0009861642316632965,0.016150940776478856,0.013919100072158085,0.012534049091238196,False,False,True
2025-03-31,2025-01-01,0.0095566241384896,-0.00783147048680775,0.002130398431784333,0.0010092813239969008,0.01738809462529735,0.007426225706705267,0.008547342814492698,False,True,False
2025-04-01,2025-01-01,0.0449752536292133,0.004355597980848209,0.0019227324811436554,0.0010277714496720464,0.04061965564836509,0.04305252114806964,0.04394748217954125,True,True,False
2025-04-02,2025-01-01,-0.0578214204858413,-0.0006447710946965244,0.0015763598858808511,0.001054301739783051,0.05717664939114478,0.05939778037172216,0.05887572222562435,True,False,True
2025-04-03,2025-01-01,0.0113205730578602,0.0016144076010762827,0.0025724362962728075,0.0010764328834181173,0.009706165456783917,0.008748136761587392,0.010244140174442083,True,True,False
2025-04-04,2025-01-01,-0.0001663338644721,-0.004010455880423784,0.0019129415403667228,0.0011003436076646872,0.0038441220159516837,0.002079275404838823,0.0012666774721367873,True,False,True
2025-04-05,2025-01-01,-0.0051571403729591,0.006395157076954785,0.002014012713723827,0.0011194237453873144,0.011552297449913885,0.007171153086682928,0.006276564118346414,False,False,True
2025-04-06,2025-01-01,-0.1269372274204262,-0.0008713696921349089,0.002065663366524856,0.0011453648793799003,0.1260658577282913,0.12900289078695107,0.12808259229980612,True,False,True
2025-04-07,2025-01-01,-0.0136276264354058,0.008707356246430686,0.0032502844435609414,0.001150496609111431,0.022334982681836486,0.016877910878966743,0.01477812304451723,False,False,True
2025-04-08,2025-01-01,-0.0531672377311657,-0.00577350597501969,0.002162493483500184,0.0011524693071014553,0.04739373175614601,0.05532973121466588,0.054319707038267155,True,False,True
2025-04-09,2025-01-01,0.1327537447707503,-0.0007110978415708206,0.002530769424855153,0.0011380551144563687,0.1334648426123211,0.13022297534589516,0.13161568965629394,False,True,False
2025-04-10,2025-01-01,-0.0872408556308775,-0.007890957312107996,0.0007300684447997809,0.0011427333273327186,0.0793498983187695,0.08797092407567728,0.08838358895821022,True,False,True
2025-04-11,2025-01-01,0.0293139115784086,0.009736857502629342,0.002846698218024449,0.001140803890445045,0.019577054075779258,0.02646721336038415,0.028173107687963557,True,True,False
2025-04-12,2025-01-01,0.0487373862671638,-0.009246238589675621,0.0017435625762324703,0.0011413577619865103,0.057983624856839416,0.04699382369093133,0.04759602850517729,False,True,False
2025-04-13,2025-01-01,-0.0285013442727031,0.0038529631637461087,0.0015354931810203452,0.0011413702907022874,0.03235430743644921,0.030036837453723444,0.02964271456340539,False,False,True
2025-04-14,2025-01-01,0.0163364054418753,0.0048494014167963255,0.002287411633294979,0.0011338354899990291,0.011487004025078972,0.01404899380858032,0.01520256995187627,True,True,False
2025-04-15,2025-01-01,-0.0210365321819735,0.00582623310525016,0.0018608038355464257,0.001131615399414859,0.02686276528722366,0.022897336017519924,0.022168147581388357,False,False,True
2025-04-16,2025-01-01,-0.0066265168094518,-0.0045660402112971945,0.0022170895228998708,0.0011207443393885497,0.002060476598154605,0.008843606332351671,0.00774726114884035,True,False,True
2025-04-17,2025-01-01,0.0028153970667488,-0.0023491443597918413,0.0020825142909914563,0.0011088123481634016,0.005164541426540641,0.0007328827757573436,0.0017065847185853984,False,True,False
2025-04-18,2025-01-01,0.0040291614561782,0.006918138350861415,0.00198803709872194,0.0011029873714038262,0.0028889768946832152,0.00204112435745626,0.002926174084774374,True,True,False
2025-04-19,2025-01-01,0.0151034024506335,0.0007401572394906941,0.00197549238543696,0.001104734462611238,0.014363245211142805,0.013127910065196539,0.01399866798802226,True,True,False
2025-04-20,2025-01-01,-0.0157531213047934,0.0012790884740319672,0.0018678691899148157,0.0011080674238804922,0.01703220977882537,0.017620990494708215,0.01686118872867389,False,False,True
2025-04-21,2025-01-01,-0.0049006079777363,-0.0010505423448113223,0.002166678317532092,0.0011063780712435279,0.003850065632924978,0.007067286295268392,0.006006986048979828,True,False,True
2025-04-22,2025-01-01,0.1124221622672112,0.0019265260138815255,0.002065037991547573,0.0011071393386589737,0.11049563625332968,0.11035712427566363,0.11131502292855223,True,True,False
2025-04-23,2025-01-01,0.0220633269058807,-0.013179526292165816,0.0009219782791946144,0.001119505577816586,0.035242853198046514,0.021141348626686086,0.020943821328064115,False,True,False
2025-04-24,2025-01-01,-0.0146275379262544,0.00846582795309568,0.0017872513049014898,0.0011336498469725147,0.02309336587935008,0.016414789231155892,0.015761187773226916,False,False,True
2025-04-25,2025-01-01,0.0094940421607507,0.00223093538681373,0.002157555746277841,0.0011490523091418812,0.00726310677393697,0.007336486414472859,0.008344989851608819,True,True,False
2025-04-26,2025-01-01,0.0197279195086672,0.007270314015981489,0.0019249970996020756,0.0011653742091751113,0.01245760549268571,0.017802922409065124,0.018562545299492087,True,True,False
2025-04-27,2025-01-01,-0.0159264582223607,-0.003051088609216878,0.0018218305699832502,0.0012109119753423477,0.012875369613143822,0.017748288792343952,0.017137370197703047,True,False,True
2025-04-28,2025-01-01,0.0033392455309573,0.015878861476071458,0.0021679980726579864,0.0012600852164001085,0.012539615945114158,0.0011712474582993137,0.0020791603145571915,True,True,False
2025-04-29,2025-01-01,0.0001800329175905,0.0036850930745198273,0.0019850252281991354,0.0013119420105352025,0.003505060156929327,0.0018049923106086354,0.0011319090929447025,True,True,False
2025-04-30,2025-01-01,-0.0030015237962643,-0.005498680821274857,0.00201261187199724,0.0013316564725272947,0.002497157025010557,0.00501413566826154,0.004333180268791595,True,False,True
2025-05-01,2025-01-01,0.0253354836005152,-0.002478698739358724,0.002044426074515705,0.0013724203210568051,0.027814182339873924,0.023291057525999494,0.023963063279458394,False,True,False
2025-05-02,2025-01-01,0.0018955454880142,-0.0006978750760358659,0.0017691120121255623,0.0014106617977548998,0.002593420564050066,0.00012643347588863776,0.0004848836902593002,False,True,False
2025-05-03,2025-01-01,-0.0048125718303572,0.002364763965501791,0.0019936684070421605,0.0014371862849562119,0.0071773357958589915,0.0068062402373993604,0.006249758115313413,False,False,True
2025-05-04,2025-01-01,-0.0137664612124958,0.002630449969113437,0.0020623586951688086,0.0014713261135379109,0.016396911181609235,0.015828819907664608,0.01523778732603371,False,False,True
2025-05-05,2025-01-01,0.0061391722086467,0.004225417174561695,0.0021496387782908776,0.0015015781295603338,0.0019137550340850044,0.003989533430355822,0.004637594079086366,True,True,False
2025-05-06,2025-01-01,-0.0025333800408158,0.0024232002732866883,0.001956959230391442,0.0015346715447532024,0.004956580314102488,0.004490339271207242,0.004068051585569003,False,False,True
2025-05-07,2025-01-01,-0.0019177229274721,0.006985666055580964,0.00203875014285069,0.001570814972464437,0.008903388983053064,0.0039564730703227895,0.0034885378999365366,False,False,True
2025-05-08,2025-01-01,0.2179876908621854,-0.0017242196744808112,0.0020342647738658005,0.001606489236658064,0.2197119105366662,0.21595342608831958,0.21638120162552732,False,True,False
2025-05-09,2025-01-01,0.0629919569669184,-0.00028917831394677045,-0.00010473475585603964,0.0016783942484766387,0.06328113528086517,0.06309669172277443,0.06131356271844175,False,False,True
2025-05-10,2025-01-01,0.1010081191206844,0.004748595309257753,0.0013768370310132203,0.0017535402794371026,0.09625952381142665,0.09963128208967117,0.0992545788412473,True,True,True
2025-05-11,2025-01-01,-0.0279523631204536,0.006211560471105221,0.0010306821149095975,0.0018480138204004326,0.03416392359155882,0.028983045235363197,0.029800376940854034,False,False,False
2025-05-12,2025-01-01,-0.0055134569041194,0.013469035474357183,0.0022765031021945046,0.0019377580193221085,0.018982492378476584,0.0077899600063139045,0.007451214923441508,False,False,False
2025-05-13,2025-01-01,0.0735988233044782,0.005054739677201411,0.002074522865464261,0.002004488883071236,0.06854408362727679,0.07152430043901394,0.07159433442140696,True,True,True
2025-05-14,2025-01-01,-0.026142916834695,0.010140212814514746,0.0012993226693124465,0.0020825335982188322,0.036283129649209746,0.027442239504007447,0.028225450432913832,False,False,False
2025-05-15,2025-01-01,-0.0242163860411442,0.003091055935850449,0.0022606646220684258,0.002157452363997824,0.027307441976994647,0.026477050663212626,0.02637383840514202,False,False,False
2025-05-16,2025-01-01,-0.0041460225082118,-0.001329208694045178,0.002255548474053416,0.002221862790056421,0.0028168138141666218,0.006401570982265216,0.006367885298268221,True,False,False
2025-05-17,2025-01-01,-0.0238707053594419,-0.0013175752205088368,0.0020576291596667725,0.0022801094663800216,0.02255313013893306,0.02592833451910867,0.02615081482582192,True,False,False
2025-05-18,2025-01-01,0.0090797569001714,0.0072161437551444925,0.0022472455942372884,0.0023312368033983144,0.001863613145026908,0.0068325113059341126,0.006748520096773086,True,True,True
2025-05-19,2025-01-01,0.0123819905958946,0.005903839302640295,0.0019295865722336089,0.0023786297580699594,0.006478151293254305,0.010452404023660992,0.01000336083782464,True,True,True
2025-05-20,2025-01-01,-0.0019744259043442,0.004887925323188663,0.001893079529845804,0.0024261063220158887,0.006862351227532863,0.0038675054341900036,0.004400532226360089,False,False,False
2025-05-21,2025-01-01,0.0111617037332287,-0.0008613357085138346,0.002033137248582571,0.0024741718233576983,0.012023039441742534,0.00912856648464613,0.008687531909871002,False,True,True
2025-05-22,2025-01-01,0.0438066638646603,-0.0006924777261281092,0.0019071262141341463,0.0025225353121775367,0.0444991415907884,0.041899537650526154,0.04128412855248276,False,True,True
2025-05-23,2025-01-01,-0.051691806751355,0.006911789711710899,0.0015877441325333847,0.0025704415024638085,0.0586035964630659,0.05327955088388838,0.054262248253818805,False,False,False
2025-05-24,2025-01-01,0.0016641371061119,0.006714764568557519,0.002513015704570963,0.0026114049470419756,0.0050506274624456185,0.0008488785984590631,0.0009472678409300755,True,True,True
2025-05-25,2025-01-01,0.0083447759096089,0.008645316905756765,0.0020061125589731464,0.0026549382538000777,0.00030054099614786403,0.006338663350635754,0.005689837655808824,True,True,True
2025-05-26,2025-01-01,0.0048493952128894,0.004384717536452628,0.0019325221687437333,0.0026972730274001794,0.0004646776764367722,0.0029168730441456667,0.0021521221854892206,True,True,True
2025-05-27,2025-01-01,0.0385827049796951,0.006893461771914353,0.00196710289503833,0.0027272725767655574,0.03168924320778074,0.036615602084656765,0.035855432402929543,True,True,True
2025-05-28,2025-01-01,0.0071883456573902,0.0009646101289039364,0.0016395480126679077,0.002761483785111935,0.006223735528486264,0.005548797644722292,0.004426861872278265,True,True,True
2025-05-29,2025-01-01,-0.0184765741906497,0.002458806701162951,0.0019408104084890133,0.0027474379685628225,0.02093538089181265,0.020417384599138715,0.021224012159212522,False,False,False
2025-05-30,2025-01-01,-0.0390142992616211,-0.0003172280489721138,0.0021949447971103403,0.0027263014250225584,0.03869707121264899,0.04120924405873144,0.04174060068664366,True,False,False
2025-05-31,2025-01-01,-0.0003384269794335,-0.0026394094806248946,0.002396918100961794,0.0026661401898317753,0.002300982501191395,0.002735345080395294,0.003004567169265275,True,False,False
2025-06-01,2025-01-01,0.0028385555483263,0.0017029522118980147,0.0020225964412068287,0.0026172305888662764,0.0011356033364282854,0.0008159591071194715,0.00022132495946002376,True,True,True
2025-06-02,2025-01-01,0.0279272933933878,0.006862077210328981,0.0019866674564834137,0.002575030546970819,0.02106521618305882,0.025940625936904386,0.025352262846416982,True,True,True
2025-06-03,2025-01-01,-0.005299816803046,0.0037002274421905736,0.001743231125453188,0.002515544710023041,0.009000044245236573,0.007043047928499188,0.007815361513069042,False,False,False
2025-06-04,2025-01-01,0.0059240773649142,0.006907733465584707,0.002063473911502126,0.002465074338191256,0.000983656100670507,0.003860603453412074,0.003459003026722944,True,True,True
2025-06-05,2025-01-01,-0.07373849813037,-0.0003961170216007289,0.0019588367204922976,0.002421286352973206,0.07334238110876928,0.0756973348508623,0.07615978448334321,True,False,False
2025-06-06,2025-01-01,0.0252077728580455,0.005481264117334129,0.0027314634324272936,0.002368209101915107,0.01972650874071137,0.022476309425618207,0.02283956375613039,True,True,True
2025-06-07,2025-01-01,0.0199058008651182,0.004651869412946065,0.0017788299423050252,0.002325754176835973,0.015253931452172135,0.018126970922813176,0.01758004668828223,True,True,True
2025-06-08,2025-01-01,-0.0062213450636542,-0.0003869444076918724,0.0018168096113020914,0.002284715471427091,0.005834400655962327,0.008038154674956291,0.008506060535081291,True,False,False
2025-06-09,2025-01-01,0.0679985889011709,-0.000531967526414535,0.0020739861069440355,0.002241454614591863,0.06853055642758543,0.06592460279422686,0.06575713428657903,False,True,True
2025-06-10,2025-01-01,0.0492260477403638,-0.0006583795239869501,0.001355017766443372,0.002207666350941362,0.04988442726435075,0.047871029973920426,0.04701838138942244,False,True,True
2025-06-11,2025-01-01,-0.014212913244583,-0.005134444232056955,0.0015282360215201443,0.0021786254307079606,0.009078469012526045,0.015741149266103146,0.01639153867529096,True,False,False
2025-06-12,2025-01-01,-0.0438914169742269,0.00980376962847939,0.002149262976775172,0.002144779496366468,0.053695186602706294,0.04604067995100208,0.04603619647059337,False,False,False
2025-06-13,2025-01-01,-0.0272679741474511,0.00927641673811477,0.0024448486865730097,0.0021199768472100543,0.03654439088556587,0.02971282283402411,0.029387950994661155,False,False,False
2025-06-14,2025-01-01,-0.0178492888460873,0.00042128648487244655,0.00228515240292727,0.002090081175598035,0.018270575330959746,0.02013444124901457,0.019939370021685332,False,False,False
2025-06-15,2025-01-01,0.0052865056109254,0.0033598037321194386,0.002190928939161333,0.002056767185502009,0.0019267018788059614,0.003095576671764067,0.003229738425423391,True,True,True
2025-06-16,2025-01-01,-0.0024470263889081,0.000941964555815551,0.001965216074010646,0.002024871562642299,0.003388990944723651,0.004412242462918745,0.004471897951550399,False,False,False
2025-06-17,2025-01-01,-0.0117466139320362,-0.0037778114274001793,0.002037907165848556,0.0019824287735612364,0.007968802504636021,0.013784521097884755,0.013729042705597435,True,False,False
2025-06-18,2025-01-01,0.0053928018250346,-0.005315377749151194,0.002129815252067178,0.0019373215666094847,0.010708179574185794,0.0032629865729674216,0.003455480258425115,False,True,True
2025-06-19,2025-01-01,-0.0010489829382142,0.0037889069607170214,0.0019640220367974598,0.001898145724604136,0.004837889898931222,0.0030130049750116596,0.002947128662818336,False,False,False
2025-06-20,2025-01-01,-0.0453469766213401,0.0027685391010459,0.002024443784971748,0.0018686709417663548,0.048115515722386,0.04737142040631185,0.04721564756310646,False,False,False
2025-06-21,2025-01-01,-0.0443685487628289,0.009167219216998906,0.00245644858271058,0.001835188500264384,0.0535357679798278,0.04682499734553948,0.046203737263093285,False,False,False
2025-06-22,2025-01-01,-0.0314203906894213,0.0005865647256483144,0.002451970497265708,0.0017956826228387977,0.032006955415069614,0.033872361186687,0.03321607331226009,False,False,False
2025-06-23,2025-01-01,0.0868910668308287,-0.0004966883317550723,0.002324858905938384,0.001745654012079814,0.08738775516258378,0.08456620792489032,0.08514541281874889,False,True,True
2025-06-24,2025-01-01,0.0108116145545347,-0.007658588196607981,0.001172748962673439,0.001706865660319073,0.01847020275114268,0.009638865591861261,0.009104748894215628,False,True,True
2025-06-25,2025-01-01,-0.0117231957893073,0.0027202027948086483,0.0018990468321901698,0.0016688916806368312,0.01444339858411595,0.013622242621497471,0.013392087469944133,False,False,False
2025-06-26,2025-01-01,-0.0013076347482894,0.0036785275928294036,0.002130015081545634,0.0016470596039064747,0.004986162341118804,0.003437649829835034,0.002954694352195875,False,False,False
2025-06-27,2025-01-01,0.0031952591093227,0.002630687343257946,0.0020294442022092854,0.0016196233260970558,0.000564571766064754,0.0011658149071134146,0.0015756357832256442,True,True,False
2025-06-28,2025-01-01,0.0054633492473277,0.005661995323318071,0.0019839609056755943,0.0016025298212429305,0.00019864607599037049,0.003479388341652106,0.0038608194260847696,True,True,False
2025-06-29,2025-01-01,0.0261993107869851,0.005985027268978298,0.001961646766126357,0.0015925957239884456,0.0202142835180068,0.02423766402085874,0.024606715062996654,True,True,False
2025-06-30,2025-01-01,-0.0057960166076853,-0.004187260318442515,0.0017597894327953298,0.0015791891921764438,0.0016087562892427845,0.007555806040480629,0.007375205799861744,True,False,True
2025-07-01,2025-07-01,-0.0324443142255167,-0.003789301807696928,0.0015532123572185052,0.001464281311517041,0.02865501241781977,0.0339975265827352,0.03390859553703374,True,False,True
2025-07-02,2025-07-01,0.0688100528844413,-0.000660286566326438,0.001686766145308416,0.0014336298802136759,0.06947033945076773,0.06712328673913288,0.06737642300422762,False,True,False
2025-07-03,2025-07-01,0.0076504506660057,-0.000915281371046388,0.0009392689555494527,0.0014301103971333339,0.008565732037052088,0.006711181710456247,0.006220340268872366,False,True,False
2025-07-04,2025-07-01,-0.0318366578514969,0.01133439881499677,0.0016246170482785462,0.0014318588344542293,0.043171056666493665,0.03346127489977545,0.03326851668595113,False,False,True
2025-07-05,2025-07-01,0.0034927864441578,0.0066856327784803205,0.0017424955780307248,0.001430934151441049,0.0031928463343225207,0.001750290866127075,0.002061852292716751,True,True,False
2025-07-06,2025-07-01,0.0214344619354172,0.000747360437032652,0.0013395196190972294,0.0014288867481845786,0.02068710149838455,0.02009494231631997,0.020005575187232623,True,True,False
2025-07-07,2025-07-01,-0.0109765818424891,-0.004279130336976002,0.0013024870741110595,0.0014282873028739862,0.0066974515055130985,0.01227906891660016,0.012404869145363087,True,False,True
2025-07-08,2025-07-01,0.0285066063553804,0.002623815912713473,0.0016163891155339773,0.0014296572071534545,0.025882790442666927,0.02689021723984642,0.027076949148226944,True,True,False
2025-07-09,2025-07-01,0.0593658499976477,-0.0005411988479157178,0.001269867868909537,0.0014349722506061945,0.059907048845563415,0.05809598212873816,0.057930877747041504,False,True,False
2025-07-10,2025-07-01,0.066431758275212,-0.0002956389477088606,0.0011572649144728233,0.0014490662180768345,0.06672739722292086,0.06527449336073918,0.06498269205713517,False,True,False
2025-07-11,2025-07-01,0.0010291624108509,-3.169373009507528e-05,0.0012759312072178773,0.0014848841703877138,0.0010608561409459754,0.0002467687963669772,0.00045572175953681373,False,True,False
2025-07-12,2025-07-01,-0.0050626049172374,0.011710761704037495,0.0017213515070752554,0.0015344824943128148,0.016773366621274894,0.006783956424312655,0.006597087411550215,False,False,True
2025-07-13,2025-07-01,0.0103459666973226,0.005906378245660548,0.0015343048943185144,0.0015845792324547063,0.004439588451662053,0.008811661803004085,0.008761387464867895,True,True,True
2025-07-14,2025-07-01,0.0134500895731117,0.002022115652610548,0.0013429873647394514,0.0016185440026707419,0.011427973920501152,0.01210710220837225,0.011831545570440959,True,True,True
2025-07-15,2025-07-01,0.0419927268661559,0.0030828418317459323,0.0013676173106832177,0.0016528290984679796,0.038909885034409966,0.04062510955547268,0.04033989776768792,True,True,True
2025-07-16,2025-07-01,0.073766027928803,-0.0017767536611572468,0.0012143108364709014,0.001696641721969394,0.07554278158996025,0.0725517170923321,0.0720693862068336,False,True,True
2025-07-17,2025-07-01,0.0312256783134627,-0.004561406140673506,0.0011229287167722629,0.0017561849829153874,0.035787084454136205,0.030102749596690438,0.02946949333054731,False,True,True
2025-07-18,2025-07-01,0.0207754996538493,0.006235780165557814,0.0015346977964191828,0.0018205433494729425,0.014539719488291487,0.01924080185743012,0.01895495630437636,True,True,True
2025-07-19,2025-07-01,0.0130338436231816,0.010150897971858683,0.0015066830702113484,0.001884736384806038,0.002882945651322917,0.011527160552970251,0.011149107238375562,True,True,True
2025-07-20,2025-07-01,0.045670446382074,0.005736956455662058,0.0014539907604630032,0.001940829368239047,0.03993348992641194,0.044216455621611,0.04372961701383495,True,True,True
2025-07-21,2025-07-01,0.0010373538968471,0.0054237397391817994,0.001197782482098781,0.0020053016406614424,0.0043863858423347,0.0001604285852516809,0.0009679477438143424,True,True,True
2025-07-22,2025-07-01,-0.0037800761075303,0.004464131512806975,0.0015713521572927151,0.002076022916168122,0.008244207620337275,0.005351428264823015,0.005856099023698422,False,False,False
2025-07-23,2025-07-01,-0.03185843128317,0.0033263455474989863,0.0014826769475597438,0.002133373733410629,0.035184776830668986,0.03334110823072974,0.03399180501658063,False,False,False
2025-07-24,2025-07-01,0.021572560819185,0.002097801517597377,0.0016165533888229684,0.002182034805109528,0.01947475930158762,0.01995600743036203,0.01939052601407547,True,True,True
2025-07-25,2025-07-01,0.0051944987325842,0.00027495326560451373,0.0012154597487007536,0.00224108542458577,0.004919545466979687,0.003979038983883447,0.0029534133079984304,True,True,True
2025-07-26,2025-07-01,0.0037907536475187,0.006993882227164976,0.0014775193513712319,0.0022919047966400907,0.003203128579646276,0.0023132342961474685,0.0014988488508786094,True,True,True
2025-07-27,2025-07-01,0.0357755730955098,0.006952749285127695,0.0014795922615078547,0.0023402948493604315,0.028822823810382106,0.03429598083400195,0.03343527824614937,True,True,True
2025-07-28,2025-07-01,-0.0226619903849364,-0.0003584501544934575,0.001255142480139963,0.002397840490973575,0.022303540230442943,0.023917132865076362,0.025059830875909975,True,False,False
2025-07-29,2025-07-01,0.0015918602984175,0.0034437841629118885,0.0017344359228210053,0.002444084660178945,0.0018519238644943885,0.00014257562440350528,0.000852224361761445,True,True,True
2025-07-30,2025-07-01,0.003887439502314,0.00635734804993119,0.0014231338186820892,0.002483856653210068,0.0024699085476171897,0.002464305683631911,0.0014035828491039321,True,True,True
2025-07-31,2025-07-01,-0.0292773089332145,0.0015234318235486613,0.0014246693280881761,0.0025140031703865906,0.030800740756763163,0.030701978261302675,0.03179131210360109,False,False,False
2025-08-01,2025-07-01,-0.0563587413975232,0.0017977410583817942,0.0016329315520778765,0.0025373890183588706,0.05815648245590499,0.05799167294960107,0.05889613041588207,False,False,False
2025-08-02,2025-07-01,-0.0274124781544009,0.0061791884961753495,0.0017259572280476426,0.0025485222314692163,0.03359166665057625,0.029138435382448542,0.029961000385870115,False,False,False
2025-08-03,2025-07-01,0.0308417096817741,0.00224414870996521,0.001427842303894066,0.0025505087938638617,0.02859756097180889,0.029413867377880036,0.02829120088791024,True,True,True
2025-08-04,2025-07-01,0.0633637143885297,0.0020876918937088856,0.001151940321552728,0.0025518155575775556,0.06127602249482081,0.06221177406697697,0.060811898830952144,True,True,True
2025-08-05,2025-07-01,-0.028794587423448,0.001684141945074217,0.001183811515246627,0.0025526470406229285,0.030478729368522216,0.029978398938694625,0.03134723446407093,False,False,False
2025-08-06,2025-07-01,0.019939990563959,0.006719894025661631,0.0018981586608908976,0.0025311647925984216,0.013220096538297367,0.0180418319030681,0.017408825771360575,True,True,True
2025-08-07,2025-07-01,0.0625434951126753,-0.0044241895278291365,0.0013260209920870933,0.002503699656391863,0.06696768464050444,0.061217474120588214,0.06003979545628344,False,True,True
2025-08-08,2025-07-01,0.0244034224492999,-0.0002659778767642488,0.0011301558740719978,0.002480770213126025,0.02466940032606415,0.0232732665752279,0.021922652236173876,False,True,True
2025-08-09,2025-07-01,0.0632817474990321,0.00969240028346832,0.0015336378974879822,0.002458433445847494,0.053589347215563785,0.06174810960154412,0.06082331405318461,True,True,True
2025-08-10,2025-07-01,-0.0022003353011864,0.007687332623684082,0.0011793087459826812,0.0024302000617393432,0.009887667924870482,0.0033796440471690814,0.004630535362925743,False,False,False
2025-08-11,2025-07-01,-0.0064056374200328,0.0019289653147159702,0.0016499220201677616,0.0023982859146787147,0.00833460273474877,0.008055559440200562,0.008803923334711514,False,False,False
2025-08-12,2025-07-01,0.0861038246341501,0.002649837588121334,0.0015131051880342865,0.002364675295094827,0.08345398704602877,0.08459071944611582,0.08373914933905527,True,True,True
2025-08-13,2025-07-01,0.0360169423925045,0.004983353441554166,0.0009026021792942035,0.002360694216119144,0.031033588950950333,0.03511434021321029,0.03365624817638535,True,True,True
2025-08-14,2025-07-01,-0.0437546896560291,0.006516743443129596,0.0014715712635152713,0.0023583563755819282,0.05027143309915869,0.04522626091954437,0.046113046031611024,False,False,False
2025-08-15,2025-07-01,-0.0237849107507586,0.00687831341364639,0.0018921895474679842,0.0023461279184731646,0.030663224164404992,0.025677100298226584,0.026131038669231766,False,False,False
2025-08-16,2025-07-01,-0.0031100515039045,-0.0009005868935412519,0.0014772017976175317,0.0023291734053591546,0.002209464610363248,0.004587253301522032,0.005439224909263655,True,False,False
2025-08-17,2025-07-01,0.0106392660767449,-0.001085940637845036,0.0013446055055158861,0.0023032826968052995,0.011725206714589936,0.009294660571229013,0.0083359833799396,False,True,True
2025-08-18,2025-07-01,-0.0359393795176645,0.001441221377720416,0.0013793061934370804,0.0022859809956044903,0.03738060089538492,0.037318685711101585,0.03822536051326899,False,False,False
2025-08-19,2025-07-01,-0.055429681352263,0.00600751682948281,0.0017166172373195264,0.0022648792738248808,0.06143719818174581,0.05714629858958253,0.05769456062608788,False,False,False
2025-08-20,2025-07-01,0.0640821595131264,-0.0011791996798719948,0.001693362609532761,0.0022342932140207504,0.0652613591929984,0.06238879690359364,0.06184786629910565,False,True,True
2025-08-21,2025-07-01,-0.0256755138555492,-0.00324979929589757,0.0008901415619923481,0.002218359576453624,0.02242571455965163,0.02656565541754155,0.027893873432002825,True,False,False
2025-08-22,2025-07-01,0.143999156447339,0.007882411612107214,0.0018241780439501457,0.0022171347482458077,0.13611674483523178,0.14217497840338883,0.14178202169909318,True,True,True
2025-08-23,2025-07-01,-0.0114374484188449,0.0022622164224646393,0.0005677308425722421,0.0022436409373220692,0.01369966484130954,0.012005179261417143,0.01368108935616697,False,False,False
2025-08-24,2025-07-01,0.0007447783980119,0.00900655114950626,0.0019826135812846275,0.0022586660166213496,0.00826177275149436,0.0012378351832727274,0.0015138876186094495,True,True,True
2025-08-25,2025-07-01,-0.0850815193572845,-0.00034966080699823225,0.0015195024355101766,0.0022599332681612384,0.08473185855028627,0.08660102179279468,0.08734145262544574,True,False,False
2025-08-26,2025-07-01,0.0520099702106291,0.009601604473584777,0.0019808244038178467,0.0022557757191792554,0.042408365737044325,0.050029145806811254,0.04975419449144985,True,True,True
2025-08-27,2025-07-01,-0.021092323933093,-0.006175938124066509,0.0008204465809063891,0.00225401017426623,0.014916385809026489,0.021912770513999386,0.02334633410735923,True,False,False
2025-08-28,2025-07-01,0.0008404036496352,0.009918111551497641,0.0016461998042479917,0.002237238203156506,0.009077707901862441,0.0008057961546127917,0.0013968345535213058,True,True,True
2025-08-29,2025-07-01,-0.0326201696512723,-0.0005915456409669173,0.0014191618632662174,0.0022194411035894026,0.03202862401030538,0.034039331514538515,0.0348396107548617,True,False,False
2025-08-30,2025-07-01,0.0032110086092389,-0.0015437847228018248,0.0016295226021552055,0.0021871199426445106,0.004754793332040725,0.0015814860070836943,0.0010238886665943892,False,True,True
2025-08-31,2025-07-01,0.0036271528440883,-0.005048722786416125,0.0013936857389039337,0.002156342510751819,0.008675875630504426,0.0022334671051843663,0.0014708103333364807,False,True,True
2025-09-01,2025-07-01,-0.0172092256059805,0.01076064799543119,0.0014679174081112557,0.002127713493213057,0.02796987360141169,0.018677143014091756,0.019336939099193557,False,False,False
2025-09-02,2025-07-01,0.0025253408344354,0.0049020960269746195,0.0016275109218381147,0.0020767179120253013,0.0023767551925392193,0.0008978299125972854,0.0004486229224100989,True,True,True
2025-09-03,2025-07-01,0.0289047089926124,0.0009487118556510749,0.0013780695600364835,0.0020182240827136323,0.027955997136961324,0.027526639432575915,0.026886484909898766,True,True,True
2025-09-04,2025-07-01,-0.0340745526006821,-0.003954507629369358,0.0013006887364273424,0.0019796190104922665,0.030120044971312744,0.035375241337109446,0.03605417161117437,True,False,False
2025-09-05,2025-07-01,0.0019179157066675,0.0028796615123110507,0.00177982653569167,0.0019484900945147862,0.0009617458056435507,0.00013808917097582994,3.05743878472862e-05,True,True,True
2025-09-06,2025-07-01,-0.0076031268674086,0.010130962240266493,0.0014011629181653745,0.0019212703118698263,0.017734089107675093,0.009004289785573974,0.009524397179278426,False,False,False
2025-09-07,2025-07-01,0.0072774230812113,-0.0007347111298619557,0.001477101276058198,0.0018922960999656082,0.008012134211073255,0.005800321805153102,0.005385126981245691,False,True,True
2025-09-08,2025-07-01,0.0006328430576436,0.0061953251121179415,0.0013949104430751047,0.0018747193611538188,0.005562482054474341,0.0007620673854315047,0.001241876303510219,True,True,True
2025-09-09,2025-07-01,0.000224981899441,-0.0005838144893940728,0.0014881155408264283,0.0018747406763352905,0.0008087963888350727,0.0012631336413854283,0.0016497587768942905,False,True,True
2025-09-10,2025-07-01,0.0093070563723149,0.0017095124792967542,0.0014684893915283112,0.0018602298707915224,0.007597543893018146,0.007838566980786589,0.0074468265015233785,True,True,True
2025-09-11,2025-07-01,0.0257722786138756,-0.003365214406466898,0.0014166597252345005,0.001852979870672382,0.029137493020342495,0.024355618888641097,0.023919298743203216,False,True,True
2025-09-12,2025-07-01,0.0569377731731017,0.0024126001428313453,0.001349351029711235,0.0018126288315841398,0.05452517303027035,0.055588422143390465,0.05512514434151756,True,True,True
2025-09-13,2025-07-01,-0.0099817496932739,-0.003341025795276898,0.001196160150150606,0.0017856822932001651,0.0066407238979970026,0.011177909843424505,0.011767431986474066,True,False,False
2025-09-14,2025-07-01,-0.0125492237170872,0.003708715062153461,0.0017317724949822188,0.0017577236740113507,0.01625793877924066,0.014280996212069418,0.014306947391098552,False,False,False
2025-09-15,2025-07-01,-0.0179576071325368,0.001292757091340078,0.0015456104045340532,0.0017508243848516046,0.019250364223876878,0.019503217537070856,0.019708431517388405,False,False,False
2025-09-16,2025-07-01,-0.0051373497885001,0.010864946414354034,0.0015236075903925757,0.0017319046205596053,0.016002296202854135,0.006660957378892675,0.0068692544090597045,False,False,False
2025-09-17,2025-07-01,0.019799637873646,0.004234279572307379,0.0014097068133435454,0.001715675559500216,0.015565358301338622,0.018389931060302456,0.018083962314145784,True,True,True
2025-09-18,2025-07-01,-0.00061280568255,-0.0009707296824545807,0.0012954486453855274,0.0017023400651576257,0.0003579239999045807,0.0019082543279355275,0.0023151457477076256,True,False,False
2025-09-19,2025-07-01,-0.0259268092841883,-1.9222119726951172e-05,0.0015202343336613085,0.001697321880136013,0.02590758716446135,0.02744704361784961,0.027624131164324314,True,False,False
2025-09-20,2025-07-01,0.0025383233086928,-0.0013490271508088442,0.0016496564901248977,0.0016853146114116013,0.003887350459501644,0.0008886668185679022,0.0008530086972811986,False,True,True
2025-09-21,2025-07-01,-0.0069019835114078,0.0003442791890339975,0.0013935453142883462,0.0016683044852858829,0.007246262700441798,0.008295528825696147,0.008570287996693684,False,False,False
2025-09-22,2025-07-01,-0.0558151631765529,0.0038880026944368494,0.001506898088027681,0.0016524258868203087,0.05970316587098975,0.05732206126458058,0.05746758906337321,False,False,False
2025-09-23,2025-07-01,-0.0088923685444762,0.005218971204972335,0.0018056442700399254,0.0016305182665748577,0.014111339749448535,0.010698012814516124,0.010522886811051058,False,False,False
2025-09-24,2025-07-01,-0.0028891265593804,-0.00279425228664728,0.0013313635528918609,0.0016056758532661444,9.487427273312038e-05,0.004220490112272261,0.0044948024126465445,True,False,False
2025-09-25,2025-07-01,-0.0686499014554498,-0.0014138305625313909,0.0014125515570231203,0.0015863252681004203,0.06723607089291841,0.07006245301247292,0.07023622672355022,True,False,False
2025-09-26,2025-07-01,0.0433142421918351,0.0010772612885837736,0.0018993536177330434,0.0015590876367077766,0.04223698090325133,0.041414888574102054,0.04175515455512732,True,True,False
2025-09-27,2025-07-01,-0.0042691314988442,0.000415941951209399,0.001007323136908054,0.0015438545459080877,0.004685073450053599,0.0052764546357522545,0.005812986044752288,False,False,True
2025-09-28,2025-07-01,0.0305620316949308,0.0019763422399000606,0.0015944453779579478,0.0015284507127745505,0.02858568945503074,0.028967586316972854,0.02903358098215625,True,True,False
2025-09-29,2025-07-01,0.0183184024417619,-0.0002927614636554234,0.0013253691874680943,0.0015221799496672446,0.01861116390541732,0.016993033254293806,0.016796222492094653,False,True,False
2025-09-30,2025-07-01,-0.0169263675513909,0.004122150491235084,0.0014760511966899542,0.0015180862594081665,0.02104851804262598,0.018402418748080854,0.018444453810799066,False,False,True
2025-10-01,2025-07-01,0.0494830890547679,0.0013286312612596236,0.0016485349260084725,0.0015089958274830868,0.04815445779350828,0.04783455412875943,0.04797409322728481,True,True,False
2025-10-02,2025-07-01,0.031442884912465,-0.0010744425751373931,0.0011228571137234264,0.0015081853503318024,0.03251732748760239,0.03032002779874157,0.029934699562133193,False,True,False
2025-10-03,2025-07-01,0.0060042858069202,0.004634496407843396,0.0014042665064324784,0.0015017320875173764,0.0013697893990768035,0.004600019300487722,0.004502553719402823,True,True,False
2025-10-04,2025-07-01,-0.0056863954888657,0.002279624245777847,0.0015336065465572572,0.0014942661451329887,0.007966019734643547,0.007220002035422958,0.007180661633998688,False,False,True
2025-10-05,2025-07-01,0.0058419321731117,-0.0007054814425199699,0.0015370393811656702,0.0014868203745384918,0.006547413615631669,0.004304892791946029,0.004355111798573208,False,True,False
2025-10-06,2025-07-01,0.0381688799649984,0.003008813070137034,0.001386168538646266,0.0014843428939783432,0.03516006689486137,0.03678271142635214,0.03668453707102006,True,True,False
2025-10-07,2025-07-01,-0.0504759307690095,0.005428253331367385,0.0012446782106035471,0.0014896500283221824,0.05590418410037688,0.051720608979613045,0.05196558079733168,False,False,True
2025-10-08,2025-07-01,0.017185685016793,0.005337325136361128,0.0018963983884382899,0.0014792215191895765,0.011848359880431873,0.015289286628354711,0.015706463497603424,True,True,False
2025-10-09,2025-07-01,-0.0350081093558963,-0.002201153267657576,0.001206669021870515,0.0014664484517687673,0.03280695608823873,0.036214778377766814,0.03647455780766507,True,False,True
2025-10-10,2025-07-01,-0.1204205719128932,-0.001219862077062883,0.0016998634969551164,0.0014603309904014762,0.11920070983583031,0.12212043540984831,0.12188090290329467,True,False,True
2025-10-11,2025-07-01,-0.0240429366333599,0.0035817533962648894,0.00212681495860546,0.0014342787827884142,0.02762469002962479,0.02616975159196536,0.025477215416148315,False,False,True
2025-10-12,2025-07-01,0.110332982804562,-0.000642918693024365,0.001221795946613672,0.0014193298265649755,0.11097590149758636,0.10911118685794832,0.10891365297799702,False,True,False
2025-10-13,2025-07-01,0.019460066119904,-0.0066536060452079705,0.0006146521102917652,0.0014299764504934669,0.02611367216511197,0.018845414009612236,0.018030089669410533,False,True,False
2025-10-14,2025-07-01,-0.0282785479644077,0.0030763169112704067,0.0017149402722862414,0.0014454168031378329,0.03135486487567811,0.02999348823669394,0.029723964767545533,False,False,True
2025-10-15,2025-07-01,-0.0334397226413459,0.006843486813145118,0.0018536232197965963,0.0014491000039530031,0.040283209454491015,0.035293345861142494,0.034888822645298904,False,False,True
2025-10-16,2025-07-01,-0.023249158708877,-0.0011223379956008406,0.001613561580504334,0.0014684165816153205,0.02212682071327616,0.024862720289381336,0.024717575290492323,True,False,True
2025-10-17,2025-07-01,-0.0159690574399135,0.00045650071383591105,0.0014967159006985748,0.0014736884096723077,0.016425558153749412,0.017465773340612074,0.017442745849585807,False,False,True
2025-10-18,2025-07-01,0.0150780081819774,0.01308427191055318,0.001467791972380517,0.0014779586031099649,0.001993736271424221,0.013610216209596883,0.013600049578867436,True,True,False
2025-10-19,2025-07-01,0.0242403791737586,-0.0026640965838738554,0.001256648945745985,0.0014743468411714076,0.026904475757632457,0.022983730228012617,0.022766032332587192,False,True,False
2025-10-20,2025-07-01,-0.0009760969295927,-0.013289455871542063,0.0013077658471233556,0.0014700079405734912,0.012313358941949362,0.0022838627767160554,0.002446104870166191,True,False,True
2025-10-21,2025-07-01,-0.0261246814971964,0.0015610750073305154,0.0015989019228289409,0.001469755328372431,0.027685756504526916,0.02772358342002534,0.02759443682556883,False,False,True
2025-10-22,2025-07-01,-0.0177059637541527,0.006556045407439672,0.0016901984804702757,0.0014532217024346632,0.024262009161592372,0.019396162234622975,0.019159185456587364,False,False,True
2025-10-23,2025-07-01,0.0125794417244853,0.003643461052339698,0.0015148989262338802,0.001427065106760296,0.008935980672145603,0.01106454279825142,0.011152376617725003,True,True,False
2025-10-24,2025-07-01,0.0203683813713873,0.0015303424487185175,0.0013029389416584502,0.0014035688568784673,0.018838038922668783,0.01906544242972885,0.018964812514508832,True,True,False
2025-10-25,2025-07-01,0.0048044835972824,0.0008427699764543151,0.00135698316565044,0.0013808035660870244,0.003961713620828085,0.00344750043163196,0.0034236800311953754,True,True,False
2025-10-26,2025-07-01,0.0517313300830826,-0.0011377699806558615,0.0015139519544266013,0.0013573318177336562,0.05286910006373846,0.050217378128656,0.05037399826534895,False,True,False
2025-10-27,2025-07-01,-0.0091070912289757,-0.003970156209373509,0.0011834834675542687,0.0013305756186475773,0.005136935019602192,0.01029057469652997,0.010437666847623279,True,False,True
2025-10-28,2025-07-01,-0.0334600812276828,0.005347867532624749,0.0017106032678317097,0.0013161967607650208,0.03880794876030755,0.03517068449551451,0.03477627798844782,False,False,True
2025-10-29,2025-07-01,-0.0198152243343238,0.008660958100067225,0.0017003488232757717,0.001292882320152108,0.028476182434391026,0.021515573157599572,0.02110810665447591,False,False,True
2025-10-30,2025-07-01,-0.0253571179726164,0.0020039332857822206,0.0014565738551846298,0.0012755628239361771,0.02736105125839862,0.02681369182780103,0.026632680796552576,False,False,True
2025-10-31,2025-07-01,0.0112252539206727,0.00150256380629598,0.0015044309902547616,0.001284780383605194,0.00972269011437672,0.00972082293041794,0.009940473537067507,True,True,False
2025-11-01,2025-07-01,0.0070462958256252,-0.000310437964100454,0.001295653355665736,0.0013030256302625474,0.0073567337897256545,0.005750642469959464,0.005743270195362653,False,True,False
2025-11-02,2025-07-01,0.0095181865857223,0.0019018362957295546,0.0014471359776402183,0.0013045749618165873,0.007616350289992746,0.008071050608082081,0.008213611623905713,True,True,False
2025-11-03,2025-07-01,-0.0789440386423853,-0.005131923173798259,0.0014467930738436203,0.0013018771801719536,0.07381211546858704,0.08039083171622892,0.08024591582255726,True,False,True
2025-11-04,2025-07-01,-0.0859819964061128,-0.004382162356871956,0.002024934480293668,0.0012938484347688453,0.08159983404924084,0.08800693088640647,0.08727584484088165,True,False,True
2025-11-05,2025-07-01,0.040271429297028,0.00464731233757008,0.0017803211594937711,0.0012808456059123022,0.03562411695945791,0.03849110813753422,0.038990583691115695,True,True,False
2025-11-06,2025-07-01,-0.032965748389768,0.0005685549540431676,0.0008922374313058576,0.001277199302130032,0.03353430334381117,0.033857985821073855,0.03424294769189803,False,False,True
2025-11-07,2025-07-01,0.0371478368701485,0.0028517556062041113,0.0017360136121891087,0.0012749583659935608,0.034296081263944386,0.03541182325795939,0.03587287850415494,True,True,False
2025-11-08,2025-07-01,-0.0101665177432751,-2.0787673061498438e-05,0.0011827390300402053,0.001273727875578263,0.010145730070213601,0.011349256773315304,0.011440245618853363,True,False,True
2025-11-09,2025-07-01,0.0535956501822953,-0.0024980663692759247,0.0016581347965502345,0.0012631561032045411,0.05609371655157122,0.051937515385745064,0.052332494079090755,False,True,False
2025-11-10,2025-07-01,-0.0039527975796244,-0.007420715946105614,0.0011630798738358602,0.0012595956276368967,0.003467918366481214,0.00511587745346026,0.005212393207261297,True,False,True
2025-11-11,2025-07-01,-0.0429254457249836,0.00942620810113516,0.0017044299022659455,0.0012608934492556872,0.05235165382611876,0.04462987562724954,0.04418633917423929,False,False,True
2025-11-12,2025-07-01,-0.0006406464052173,0.008355737289587818,0.0017557933781660476,0.0012551390295422074,0.008996383694805118,0.0023964397833833475,0.0018957854347595073,False,False,True
2025-11-13,2025-07-01,-0.0528368529003577,0.0002852212808079251,0.001290936635648837,0.0012456094438411016,0.05312207418116563,0.05412778953600654,0.054082462344198806,False,False,True
2025-11-14,2025-07-01,-0.0398951830750481,-0.0009269722851824955,0.0017358952910230354,0.0012243802708116528,0.03896821078986561,0.041631078366071134,0.041119563345859755,True,False,True
2025-11-15,2025-07-01,0.0202480809960996,0.0007810416053738272,0.0015292711788226746,0.0011907232286240458,0.019467039390725773,0.018718809817276926,0.019057357767475556,True,True,False
2025-11-16,2025-07-01,-0.0233004500512777,-0.007589011692325145,0.0011914419417363158,0.0011506251239171612,0.015711438358952556,0.024491891993014017,0.02445107517519486,True,False,True
2025-11-17,2025-07-01,-0.0220859889442177,-0.0014851135374812988,0.0016515973409472694,0.0011092402839505849,0.020600875406736403,0.02373758628516497,0.023195229228168288,True,False,True
2025-11-18,2025-07-01,0.0325471721339232,0.0014461750136305748,0.0016057962291718263,0.0010757895981739368,0.031100997120292625,0.03094137590475137,0.031471382535749264,True,True,False
2025-11-19,2025-07-01,-0.0319913143828485,1.1635103526166663e-05,0.0012156999290077112,0.0010522323863762274,0.03200294948637467,0.033207014311856214,0.03304354676922473,False,False,True
2025-11-20,2025-07-01,-0.0632777812683677,0.005158652453910753,0.0017803453100078623,0.0010289666145129187,0.06843643372227845,0.06505812657837556,0.06430674788288061,False,False,True
2025-11-21,2025-07-01,-0.0233345900550919,0.002271409219726083,0.0018141909215149982,0.0009996250889961651,0.02560599927481798,0.025148780976606895,0.024334215144088064,False,False,True
2025-11-22,2025-07-01,0.0006899532357182,7.134671004296357e-05,0.0013857172332709955,0.0009684263525908107,0.0006186065256752365,0.0006957639975527954,0.00027847311687261066,True,True,False
2025-11-23,2025-07-01,0.0123097673630836,-0.007812879880228996,0.0013303999942132073,0.0009350024511395834,0.020122647243312596,0.010979367368870393,0.011374764911944018,False,True,False
2025-11-24,2025-07-01,0.0539096427091589,-0.0007302418668213941,0.0013965998825393648,0.0009213434395783504,0.05463988457598029,0.05251304282661953,0.05298829926958055,False,True,False
2025-11-25,2025-07-01,0.0017688477411781,-7.934383784062712e-06,0.0011986499509807579,0.0009341009681362335,0.0017767821249621628,0.0005701977901973422,0.0008347467730418666,False,True,False
2025-11-26,2025-07-01,0.0236231364789525,0.004887317473402491,0.0016584478619363766,0.0009426136630471182,0.018735819005550006,0.021964688617016122,0.02268052281590538,True,True,False
2025-11-27,2025-07-01,-0.0043826285579375,0.001558027255131298,0.0014000564887045738,0.0009562357728772168,0.0059406558130687985,0.005782685046642074,0.005338864330814717,False,False,True
2025-11-28,2025-07-01,0.0058921738820569,0.0038920961988178483,0.0015717912641222721,0.0009632020364405158,0.002000077683239052,0.004320382617934628,0.004928971845616385,True,True,False
2025-11-29,2025-07-01,-0.0133954691501885,-0.0021906530454321197,0.0014088786615862544,0.0009696981288761949,0.01120481610475638,0.014804347811774756,0.014365167279064695,True,False,True
2025-11-30,2025-07-01,0.0001428111751458,-0.000609828911065825,0.0015345476775295835,0.0009502435718367409,0.000752640086211625,0.0013917365023837834,0.0008074323966909408,False,True,False
2025-12-01,2025-07-01,-0.0641431700353459,-0.0039716647671386735,0.0013908688957701882,0.0009294317087679688,0.060171505268207234,0.06553403893111609,0.06507260174411388,True,False,True
2025-12-02,2025-07-01,0.0706204955824862,0.0029009054291592325,0.0018457076361684012,0.0009198358859576586,0.06771959015332697,0.0687747879463178,0.06970065969652854,True,True,False
2025-12-03,2025-07-01,0.0645883839006948,-0.00360297711689858,0.000835934101001959,0.0009208876870749567,0.06819136101759338,0.06375244979969284,0.06366749621361983,False,True,False
2025-12-04,2025-07-01,-0.0179395530127798,0.004560211967410794,0.0012506986324255604,0.0009400086922859463,0.022499764980190594,0.01919025164520536,0.018879561705065745,False,False,True
2025-12-05,2025-07-01,-0.0350582170653738,0.007212051838597416,0.0018698278354454016,0.0009623156530994632,0.04227026890397122,0.036928044900819204,0.03602053271847326,False,False,True
2025-12-06,2025-07-01,0.0052158216323647,0.0009817590065154518,0.0016858160819433823,0.000973400465358075,0.0042340626258492485,0.003530005550421318,0.004242421167006625,True,True,False
2025-12-07,2025-07-01,0.006938339672927,-0.0008515700255351207,0.0012991681541797387,0.0009888903093653407,0.007789909698462121,0.0056391715187472605,0.005949449363561659,False,True,False
2025-12-08,2025-07-01,0.0208722449759519,-9.474523109582328e-06,0.001398808574187244,0.0010116197021617665,0.020881719499061483,0.019473436401764656,0.019860625273790133,False,True,False
2025-12-09,2025-07-01,0.0626894655346446,0.0028433444620861196,0.0013559516054801898,0.001032919148457984,0.05984612107255849,0.06133351392916442,0.061656546386186624,True,True,False
2025-12-10,2025-07-01,0.0012872624094455,-0.0022796285775493657,0.00110597359184705,0.0010701446057357227,0.0035668909869948657,0.00018128881759845003,0.0002171178037097773,False,True,False
2025-12-11,2025-07-01,-0.0265632747802294,-0.00208337805946784,0.0016761390724488545,0.0011186449163404243,0.02447989672076156,0.028239413852678256,0.027681919696569825,True,False,True
2025-12-12,2025-07-01,-0.0472294070775402,0.008090120986485715,0.0017060866970215857,0.0011664083658794223,0.055319528064025916,0.048935493774561786,0.04839581544341962,False,False,True
2025-12-13,2025-07-01,0.0105450340230184,0.012725887028538182,0.0016798371021614891,0.0012088126757089338,0.0021808530055197825,0.00886519692085691,0.009336221347309466,True,True,False
2025-12-14,2025-07-01,-0.018000022559953,-0.004298207321823663,0.001193024519244904,0.0012527278114075014,0.013701815238129338,0.019193047079197906,0.019252750371360504,True,False,True
2025-12-15,2025-07-01,-0.0315009433483649,0.0016176202988517142,0.0015472527027836369,0.001284297739049326,0.03311856364721662,0.03304819605114854,0.03278524108741423,False,False,True
2025-12-16,2025-07-01,-7.412718940891239e-07,-0.003351624716049026,0.0016029421633693543,0.0013171124220449169,0.003350883444154937,0.0016036834352634434,0.001317853693939006,True,False,True
2025-12-17,2025-07-01,-0.044793940674319,-0.007145002212418568,0.0013622245909583972,0.0013442954254524685,0.037648938461900434,0.046156165265277396,0.04613823609977147,True,False,True
2025-12-18,2025-07-01,-0.0015308565372549,0.0004786810627193938,0.0017584044035262162,0.0013629978468685977,0.002009537599974294,0.0032892609407811162,0.0028938543841234977,False,False,True
2025-12-19,2025-07-01,0.053377404806266,0.010224075476296782,0.0013775207986249244,0.0013782354004547852,0.04315332932996922,0.05199988400764108,0.051999169405811216,True,True,False
2025-12-20,2025-07-01,-0.0001303517168058,0.000523783260929159,0.001121094422712754,0.0014007134805906006,0.000654134977734959,0.0012514461395185539,0.0015310651973964005,False,False,True
2025-12-21,2025-07-01,0.0080707251074885,0.0023021751575028255,0.0016360072653600545,0.0014246113824388446,0.005768549949985675,0.0064347178421284455,0.006646113725049655,True,True,False
2025-12-22,2025-07-01,0.0014858543703297,0.0027144067372505696,0.0014851257865898116,0.0014650098449820075,0.0012285523669208695,7.28583739888428e-07,2.0844525347692546e-05,True,True,False
2025-12-23,2025-07-01,-0.0142044776209103,0.0016090850211565096,0.00149064594739684,0.0014922909377974834,0.01581356264206681,0.01569512356830714,0.015696768558707785,False,False,True
2025-12-24,2025-07-01,-0.0060010809047303,0.0033744993631618834,0.0015572898704754728,0.0014940798819220362,0.009375580267892184,0.007558370775205773,0.007495160786652336,False,False,True
2025-12-25,2025-07-01,-0.0142623305044392,0.0010780318469845742,0.0014511673622442521,0.0014901538596207074,0.015340362351423775,0.015713497866683454,0.015752484364059908,False,False,True
2025-12-26,2025-07-01,0.0076340306642646,0.0002959003235719136,0.0014937593982208195,0.001496583904424233,0.007338130340692686,0.00614027126604378,0.006137446759840367,True,True,False
2025-12-27,2025-07-01,0.007605816960053,-0.000567922829664046,0.0013574874419874678,0.0014994809079652324,0.008173739789717046,0.006248329518065533,0.006106336052087768,False,True,False
2025-12-28,2025-07-01,0.0001932919094582,0.0037851413303062373,0.0014477585000924862,0.0015055220880069399,0.0035918494208480372,0.0012544665906342864,0.0013122301785487398,True,True,False
2025-12-29,2025-07-01,-0.0047581689172321,0.0007634944664489686,0.0015084011163396399,0.001505675291646979,0.005521663383681069,0.00626657003357174,0.006263844208879079,False,False,True
2025-12-30,2025-07-01,0.0125670254808933,0.0021306224666712563,0.0015243980227429787,0.0014956499139266418,0.010436403014222044,0.01104262745815032,0.011071375566966659,True,True,False
2025-12-31,2025-07-01,-0.0014737583994245,-0.0026758298594420616,0.0013814870618370292,0.001486504777386949,0.0012020714600175617,0.002855245461261529,0.0029602631768114486,True,False,True
2026-01-01,2026-01-01,0.0112424222326923,0.001352861176717479,0.0007625895494040064,0.001305726721092999,0.00988956105597482,0.010479832683288294,0.0099366955115993,True,True,False
2026-01-02,2026-01-01,0.0413373405106669,0.002366024785875287,0.0006374585883709313,0.0013131702400069488,0.03897131572479161,0.04069988192229597,0.04002417027065995,True,True,False
2026-01-03,2026-01-01,0.0004784477757022,0.0025178490835020776,0.0003694052809153216,0.0013179523625748066,0.0020394013077998777,0.00010904249478687841,0.0008395045868726065,True,True,False
2026-01-04,2026-01-01,0.0047323606085025,0.004219990537107295,0.0007625718933008583,0.0013233252425242363,0.0005123700713952047,0.003969788715201641,0.0034090353659782637,True,True,False
2026-01-05,2026-01-01,0.0271976430989517,0.002467208558893638,0.0006971190169069863,0.0013410548501197825,0.024730434540058063,0.026500524082044716,0.02585658824883192,True,True,False
2026-01-06,2026-01-01,0.0216409128643892,0.00017231500735149564,0.0004934022098888697,0.0013609005073535782,0.021468597857037704,0.02114751065450033,0.020280012357035623,True,True,False
2026-01-07,2026-01-01,-0.0391701662449691,0.002748161219408579,0.000560074705428085,0.0013946832973519413,0.04191832746437768,0.039730240950397185,0.04056484954232104,False,False,True
2026-01-08,2026-01-01,-0.0197235562903691,0.005453660368325009,0.001112321172459945,0.0014251867708494766,0.02517721665869411,0.020835877462829045,0.021148743061218576,False,False,False
2026-01-09,2026-01-01,-0.0068726868383446,1.4673935779600062e-05,0.0008957332100504384,0.0014340574805521299,0.0068873607741242,0.007768420048395038,0.00830674431889673,False,False,False
2026-01-10,2026-01-01,-0.0002111946466314,-0.0014163217244527327,0.0007912866096648618,0.0014344755648856998,0.0012051270778213328,0.0010024812562962617,0.0016456702115170997,True,False,False
2026-01-11,2026-01-01,0.0118379526377343,-0.0032447324091672827,0.0007408836928022614,0.001430085975356549,0.015082685046901582,0.011097068944932039,0.010407866662377752,False,True,True
2026-01-12,2026-01-01,-0.0085158819358567,0.002864159067426063,0.0006336600063780616,0.0014274208282614542,0.011380041003282763,0.009149541942234763,0.009943302764118155,False,False,False
2026-01-13,2026-01-01,0.0743033960400323,0.0009812053266292735,0.0008269659993064851,0.0014285670808813807,0.07332219071340303,0.07347643004072582,0.07287482895915093,True,True,True
2026-01-14,2026-01-01,0.0098212702399587,-0.0029122515304987545,5.60814616765024e-05,0.0014499242736281134,0.012733521770457456,0.009765188778282198,0.008371345966330587,False,True,True
2026-01-15,2026-01-01,-0.0112144405799193,0.00915140060735458,0.0006972739936773331,0.0014771124070867049,0.02036584118727388,0.011911714573596632,0.012691552987006005,False,False,False
2026-01-16,2026-01-01,-0.0065174797361006,0.005844900528461646,0.0008493795671544529,0.0015026653315308863,0.012362380264562246,0.007366859303255053,0.008020145067631487,False,False,False
2026-01-17,2026-01-01,0.0040607350780228,0.0003192309178662372,0.0007901031675765366,0.0015243577769908801,0.003741504160156563,0.0032706319104462635,0.00253637730103192,True,True,True
2026-01-18,2026-01-01,-0.0083734299173297,0.001351593681676293,0.0006998256712927754,0.0015473275308461902,0.009725023599005993,0.009073255588622476,0.009920757448175891,False,False,False
2026-01-19,2026-01-01,-0.0288119710509715,0.004830627352879948,0.0008206882366925577,0.0015684543432764935,0.03364259840385145,0.029632659287664058,0.030380425394247994,False,False,False
2026-01-20,2026-01-01,-0.0787716435291594,0.0005582381983984945,0.0009997640322141129,0.0015809668428746176,0.0793298817275579,0.0797714075613735,0.08035261037203402,False,False,False
2026-01-21,2026-01-01,0.0147483737227156,0.0018570649613522837,0.00144383513887504,0.0015728941064203838,0.012891308761363317,0.01330453858384056,0.013175479616295217,True,True,True
2026-01-22,2026-01-01,-0.0098250398575463,-0.0036917638002397874,0.0005581089572233205,0.0015716311755881456,0.006133276057306513,0.010383148814769622,0.011396671033134445,True,False,False
2026-01-23,2026-01-01,0.0012283041671792,0.004307393188554204,0.0008425690232227382,0.0015646663967140016,0.0030790890213750043,0.00038573514395646167,0.00033636222953480174,True,True,True
2026-01-24,2026-01-01,-0.0015290325215363,-0.0006538998213623294,0.0007273848010108487,0.0015555574635771625,0.0008751327001739707,0.002256417322547149,0.0030845899851134626,True,False,False
2026-01-25,2026-01-01,-0.0450491892642863,-0.002206034028903221,0.0007553209801936968,0.0015406260049747457,0.042843155235383075,0.04580451024447999,0.046589815269261044,True,False,False
2026-01-26,2026-01-01,0.0392608386243862,0.002118227649606955,0.0011532790526919707,0.0015110373154455052,0.03714261097477925,0.03810755957169423,0.0377498013089407,True,True,True
2026-01-27,2026-01-01,0.0327200793408197,0.0014897306580928741,0.000353838738380486,0.0014817777840248722,0.031230348682726825,0.032366240602439214,0.031238301556794825,True,True,True
2026-01-28,2026-01-01,-0.0051629472421628,0.0022990238639689765,0.00046689682701759087,0.0014722014414496752,0.0074619711061317765,0.005629844069180392,0.006635148683612476,False,False,False
2026-01-29,2026-01-01,-0.0626535923808434,0.0032302123368152438,0.0008103392936209001,0.001474956077462705,0.06588380471765864,0.0634639316744643,0.06412854845830611,False,False,False
2026-01-30,2026-01-01,-0.04110995634679,0.006992908207558306,0.0013089188783932805,0.0014693943420839824,0.04810286455434831,0.04241887522518328,0.04257935068887399,False,False,False
2026-01-31,2026-01-01,-0.0952064106653859,-0.0010865188876931435,0.0010770486568797996,0.00145402058165258,0.09411989177769275,0.0962834593222657,0.09666043124703848,True,False,False
2026-02-01,2026-01-01,-0.0724418417956253,0.004298307509656304,0.0015874940030636893,0.001414794098510667,0.0767401493052816,0.07402933579868898,0.07385663589413596,False,False,False
2026-02-02,2026-01-01,0.0336829937702269,-0.0015199316510212727,0.001347847897969115,0.0013688681952127792,0.03520292542124817,0.03233514587225778,0.03231412557501412,False,True,False
2026-02-03,2026-01-01,-0.0498208536644421,-0.006894465540032148,0.000390953711079568,0.0013028263454270264,0.04292638812440995,0.050211807375521667,0.051123680009869124,True,False,True
2026-02-04,2026-01-01,-0.0377339920590358,-0.005784861891099776,0.0012236266988005307,0.0012225976470206911,0.03194913016793602,0.03895761875783633,0.03895658970605649,True,False,True
2026-02-05,2026-01-01,-0.1501378221559437,-0.0022602513027700968,0.0010584434164207508,0.0011401895070890884,0.1478775708531736,0.15119626557236446,0.15127801166303279,True,False,True
2026-02-06,2026-01-01,0.1326816155325108,0.002434733471411413,0.0020905791347960775,0.001034642617767614,0.13024688206109938,0.13059103639771472,0.13164697291474317,True,True,False
2026-02-07,2026-01-01,0.0131639648811063,-0.008118932346420275,-0.0005631502723372958,0.000941099492064922,0.021282897227526576,0.013727115153443594,0.012222865389041377,False,False,False
2026-02-08,2026-01-01,-0.0008545012256375,0.007520014063252244,0.0007067124707930317,0.0008563359809512138,0.008374515288889745,0.0015612136964305318,0.0017108372065887138,False,False,True
2026-02-09,2026-01-01,0.0070877777560895,0.0009425851268299339,0.0007627836514639082,0.0007797326994040808,0.006145192629259566,0.006324994104625592,0.006308045056685419,True,True,False
2026-02-10,2026-01-01,-0.0399655277788513,-0.0028674133447331067,0.0006692754140785474,0.0007288938817593973,0.03709811443411819,0.04063480319292984,0.04069442166061069,True,False,True
2026-02-11,2026-01-01,-0.039057290792405,-0.004763631263119578,0.0011114544098040976,0.0006677736741237554,0.03429365952928542,0.040168745202209095,0.03972506446652875,True,False,True
2026-02-12,2026-01-01,0.0032563467246882,0.01512672947850088,0.001072938758393211,0.0006020616397908617,0.01187038275381268,0.002183407966294989,0.0026542850848973384,True,True,False
2026-02-13,2026-01-01,0.0521775888127771,-0.0020793218875473423,0.0006871067357693691,0.0005348392083866361,0.05425691070032444,0.05149048207700773,0.05164274960439046,False,True,False
2026-02-14,2026-01-01,0.0182972524088378,-0.01116678599440255,0.0002679687948999839,0.0004725826837732931,0.02946403840324035,0.018029283613937817,0.017824669725064506,False,True,False
2026-02-15,2026-01-01,-0.0575101798907715,-0.004881305061259085,0.0006082810662246725,0.0004265221202061236,0.052628874829512416,0.058118460956996174,0.05793670201097762,True,False,True
2026-02-16,2026-01-01,0.0162126445688217,0.0035537996168643754,0.0012780617321770044,0.0003609000351165513,0.012658844951957324,0.014934582836644696,0.015851744533705147,True,True,False
2026-02-17,2026-01-01,-0.0028646768590002,-0.004270103774985818,0.0005545911621803592,0.00028663951828414454,0.0014054269159856176,0.003419268021180559,0.0031513163772843448,True,False,True
2026-02-18,2026-01-01,-0.0191849831887831,-0.00249291031406483,0.0007771226572347969,0.00021210238584199468,0.01669207287471827,0.019962105846017895,0.019397085574625095,True,False,True
2026-02-19,2026-01-01,-0.0029545280189438,0.006309737573874942,0.0009173364400210657,0.0001548493281965811,0.009264265592818743,0.003871864458964866,0.0031093773471403815,False,False,True
2026-02-20,2026-01-01,0.0106874437135671,-0.0036169992531856505,0.0007554046325743454,0.00010848574535834554,0.014304442966752751,0.009932039080992756,0.010578957968208756,False,True,False
2026-02-21,2026-01-01,0.0023945100352251,-0.003840165532120689,0.000642172258292533,9.164090935315033e-05,0.006234675567345789,0.001752337776932567,0.00230286912587195,False,True,False
2026-02-22,2026-01-01,-0.008071629067117,-0.0007449646383180977,0.0007268804691943786,9.81590519737504e-05,0.007326664428798902,0.008798509536311378,0.00816978811909075,True,False,True
2026-02-23,2026-01-01,-0.052253954366616,0.011523260263511487,0.000816577314847155,9.530551843357055e-05,0.06377721463012749,0.053070531681463154,0.05234925988504957,False,False,True
2026-02-24,2026-01-01,-0.0013653038868562,-0.0032418391817649224,0.0012136362986075225,9.797386103761632e-05,0.0018765352949087224,0.0025789401854637226,0.0014632777478938163,True,False,True
2026-02-25,2026-01-01,0.1088298804587177,-0.006156907541909888,0.0007211580396968085,0.00011279953571307743,0.11498678800062759,0.10810872241902089,0.10871708092300462,False,True,False
2026-02-26,2026-01-01,-0.0135476242419575,-0.003711442785938334,-0.00025426011041293495,0.00018221494852379552,0.009836181456019166,0.013293364131544565,0.013729839190481296,True,True,True
2026-02-27,2026-01-01,-0.0473806553262763,0.008170018455818604,0.0009354227316673788,0.00021874183750715754,0.055550673782094905,0.048316078057943676,0.047599397163783454,False,False,True
2026-02-28,2026-01-01,0.0177591536999168,-0.001259930144094816,0.0011648263115692442,0.00024305337855556148,0.019019083844011617,0.016594327388347558,0.01751610032136124,False,True,False
2026-03-01,2026-01-01,-0.0132230119419588,-0.007188141169127114,0.0005445062398027224,0.00026993700987883846,0.006034870772831687,0.013767518181761524,0.01349294895183764,True,False,True
2026-03-02,2026-01-01,0.0454869720388642,-0.0005767495320024448,0.0008746381338972226,0.00029350604560098785,0.04606372157086664,0.04461233390496697,0.04519346599326321,False,True,False
2026-03-03,2026-01-01,-0.0219507138600431,0.006501235313390113,0.00031829251303026825,0.0003358283196870672,0.028451949173433213,0.022269006373073368,0.022286542179730168,False,False,True
2026-03-04,2026-01-01,0.0724927895935458,0.0021798889421010305,0.0009695954818040701,0.0003837032437508051,0.07031290065144477,0.07152319411174173,0.07210908634979499,True,True,False
2026-03-05,2026-01-01,-0.0258169591716161,-0.00649928304767952,6.467747687037692e-05,0.00045238842014590317,0.019317676123936582,0.025881636648486476,0.026269347591762002,True,False,True
2026-03-06,2026-01-01,-0.04482236094062,0.009863468169659424,0.0010206875760173913,0.0005070760495793123,0.05468582911027942,0.04584304851663739,0.04532943699019931,False,False,True
2026-03-07,2026-01-01,-0.0046977994352843,0.001390897777186401,0.001135466551212507,0.0005492877878342154,0.006088697212470701,0.005833265986496807,0.005247087223118515,False,False,True
2026-03-08,2026-01-01,-0.0166800970807893,-0.0013953158101464751,0.0007528144061685586,0.0006056939560580716,0.015284781270642825,0.01743291148695786,0.01728579103684737,True,False,True
2026-03-09,2026-01-01,0.0290887939273352,-0.00116982895986402,0.0008927911432572964,0.0006573068884984644,0.03025862288719922,0.028196002784077905,0.028431487038836734,False,True,False
2026-03-10,2026-01-01,0.0221694030742092,0.005790925915109099,0.00046664180458315125,0.0007143142517794262,0.0163784771591001,0.021702761269626048,0.02145508882242977,True,True,False
2026-03-11,2026-01-01,0.0070947000468777,-0.0020540127973706036,0.0005570685206785134,0.0007768867846702175,0.009148712844248303,0.006537631526199187,0.0063178132622074825,False,True,False
2026-03-12,2026-01-01,0.01051046476813,-0.0033788126166008296,0.0006905842726810663,0.0008309978632955468,0.013889277384730829,0.009819880495448933,0.009679466904834453,False,True,False
2026-03-13,2026-01-01,0.0093709452414312,0.005488841278368594,0.0006479522462065158,0.0008871112953107963,0.003882103963062606,0.008722992995224685,0.008483833946120404,True,True,False
2026-03-14,2026-01-01,0.0021615561057222,0.0060008469830378965,0.0006609524399095073,0.000943741078271077,0.0038392908773156966,0.0015006036658126926,0.0012178150274511229,True,True,False
2026-03-15,2026-01-01,0.0383339656822552,0.0013941165565123277,0.0007266982339466467,0.0010039390895298498,0.03693984912574287,0.03760726744830856,0.03733002659272535,True,True,False
2026-03-16,2026-01-01,0.0797711118907251,-0.00015931536358675027,0.0003910670884818758,0.0010852275537135464,0.07993042725431185,0.07938004480224323,0.07868588433701156,False,True,False
2026-03-17,2026-01-01,-0.014087655809712,0.002216710290228156,3.4883887457409844e-05,0.0011755670083072511,0.016304366099940154,0.014122539697169409,0.015263222818019251,False,False,True
2026-03-18,2026-01-01,-0.0493439161675397,0.004317827064961444,0.0009192260335331844,0.0012426001470263266,0.05366174323250114,0.050263142201072884,0.050586516314566024,False,False,True
2026-03-19,2026-01-01,-0.0300624656626087,0.00464432661272187,0.0011809990461483127,0.0013098824522248705,0.03470679227533057,0.031243464708757013,0.03137234811483357,False,False,True
2026-03-20,2026-01-01,0.0042449429393043,-0.003407223109154937,0.0009819763075655347,0.0013850670038987889,0.007652166048459237,0.0032629666317387654,0.0028598759354055113,False,True,False
2026-03-21,2026-01-01,-0.0325214182081725,0.004717738499582295,0.0006848671852774835,0.0014470348356878068,0.037239156707754795,0.03320628539344999,0.03396845304386031,False,False,False
2026-03-22,2026-01-01,-0.0113842712342945,0.007827114097622174,0.001043715802006465,0.001501127150014364,0.019211385331916672,0.012427987036300965,0.012885398384308864,False,False,False
2026-03-23,2026-01-01,0.04826854503462,-0.0036320601892169072,0.00082650843367111,0.001526935642400338,0.0519006052238369,0.04744203660094889,0.046741609392219656,False,True,True
2026-03-24,2026-01-01,0.0016533960130185,-0.007103966724928109,0.00029294839582303517,0.001557157578849217,0.008757362737946608,0.0013604476171954647,9.6238434169283e-05,False,True,True
2026-03-25,2026-01-01,0.0057137420984589,0.0032464514585307264,0.0007580359538149339,0.0015720635974715905,0.0024672906399281734,0.004955706144643966,0.004141678500987309,True,True,True
2026-03-26,2026-01-01,-0.0500193914202087,0.0055181134023886465,0.0006898350519768646,0.0015889701228537817,0.055537504822597346,0.050709226472185565,0.05160836154306248,False,False,False
2026-03-27,2026-01-01,-0.0331652329951767,0.0047565499350056386,0.0012001121025917204,0.0016051284450995047,0.03792178293018234,0.034365345097768424,0.034770361440276204,False,False,False
2026-03-28,2026-01-01,0.0007144214559386,0.0018920310456791635,0.0010133723826740433,0.0015983664438334792,0.0011776095897405635,0.00029895092673544324,0.0008839449878948792,True,True,True
2026-03-29,2026-01-01,-0.0050860216094505,0.006223689404504216,0.0007142416398244366,0.0016102939231567772,0.011309711013954716,0.005800263249274937,0.006696315532607277,False,False,False
2026-03-30,2026-01-01,0.0206577387569546,0.0003623003036457193,0.000790918289190958,0.0016151044531651452,0.020295438453308882,0.019866820467763644,0.019042634303789455,True,True,True
2026-03-31,2026-01-01,0.0401249131759802,-0.005455699629299919,0.000550439370734732,0.001616988935077133,0.04558061280528012,0.039574473805245466,0.03850792424090307,False,True,True
2026-04-01,2026-01-01,0.0161679456343519,-0.0007446828616434486,0.000387227267472149,0.0016243624846987695,0.016912628495995348,0.01578071836687975,0.01454358314965313,False,True,True
2026-04-02,2026-01-01,-0.0382863901294332,0.0031203908679105054,0.0006184724711525655,0.001626609073364764,0.041406780997343705,0.03890486260058576,0.039912999202797964,False,False,False
2026-04-03,2026-01-01,-0.0016857237407161,0.00657840216690533,0.0011000373862855553,0.0016148724393870977,0.00826412590762143,0.002785761127001655,0.003300596180103198,False,False,False
2026-04-04,2026-01-01,0.0058276003350983,0.002603145747959509,0.0007306136818594298,0.001602612753344926,0.0032244545871387914,0.0050969866532388705,0.004224987581753374,True,True,True
2026-04-05,2026-01-01,0.0211315321619729,0.0008234324868650841,0.0006865309345689027,0.0015859967655307047,0.020308099675107813,0.020445001227403996,0.019545535396442194,True,True,True
2026-04-06,2026-01-01,-0.0005851746946151,0.00031655828648530226,0.0005531838672527884,0.0015508903662417725,0.0009017329811004022,0.0011383585618678885,0.0021360650608568724,False,False,False
2026-04-07,2026-01-01,0.0635959844746982,-0.0016432074050812624,0.0007596125122432685,0.0015134963730860855,0.06523919187977947,0.06283637196245494,0.06208248810161212,False,True,True
2026-04-08,2026-01-01,-0.0229596926307168,-0.0060861975948096995,0.00015866595097333686,0.0015049785046596527,0.0168734950359071,0.023118358581690136,0.02446467113537645,True,False,False
2026-04-09,2026-01-01,-0.0005439378020498,0.009942689027970499,0.0009898984822189101,0.0015011298589539474,0.010486626830020298,0.0015338362842687101,0.0020450676610037476,False,False,False
2026-04-10,2026-01-01,0.0255828933923991,0.009038712805077297,0.0007311790977522139,0.0014937922615276356,0.016544180587321804,0.024851714294646887,0.024089101130871465,True,True,True
2026-04-11,2026-01-01,0.0179237372594489,0.003243521553587473,0.0005039499815487868,0.0015003896664118343,0.014680215705861425,0.01741978727790011,0.016423347593037065,True,True,True
2026-04-12,2026-01-01,-0.0407759547687319,-0.002325704360669695,0.0005943333424000318,0.0015146497478196448,0.03845025040806221,0.041370288111131935,0.04229060451655155,True,False,False
2026-04-13,2026-01-01,0.0814312455285828,0.005402491886242775,0.0011248506507535038,0.0015079196095670489,0.07602875364234003,0.0803063948778293,0.07992332591901576,True,True,True
2026-04-14,2026-01-01,-0.0199966057178824,-0.006953304384120881,-3.0405641421088394e-05,0.001514324315446426,0.013043301333761519,0.019966200076461313,0.021510930033328827,True,True,False
2026-04-15,2026-01-01,0.0155504172222062,0.0006861547060272929,0.0009744904086999648,0.0015094982455423418,0.014864262516178907,0.014575926813506236,0.014040918976663859,True,True,True
2026-04-16,2026-01-01,-0.0045739691858264,0.0036349288936306443,0.0005874019102201937,0.0015221686174045693,0.008208898079457044,0.005161371096046594,0.006096137803230969,False,False,False
2026-04-17,2026-01-01,0.0308376775588483,0.00836433209470383,0.0007889844502386487,0.0015542312343790575,0.022473345464144468,0.03004869310860965,0.02928344632446924,True,True,True
2026-04-18,2026-01-01,-0.0289009157270909,-0.0008393432400846154,0.00045732967349004403,0.0015901025857333565,0.028061572487006286,0.029358245400580945,0.030491018312824258,True,False,False
2026-04-19,2026-01-01,-0.0366567020847533,0.0068355101454596,0.0010237096828809942,0.0016162346734101695,0.0434922122302129,0.03768041176763429,0.03827293675816347,False,False,False
2026-04-20,2026-01-01,0.0222062929148116,0.002883266394570187,0.0010586384913344007,0.0016318754854470578,0.019323026520241413,0.0211476544234772,0.02057441742936454,True,True,True
2026-04-21,2026-01-01,0.0055105339914858,-0.006013526965873454,0.0005139772788317094,0.001639074547935229,0.011524060957359254,0.004996556712654091,0.003871459443550571,False,True,True
2026-04-22,2026-01-01,0.0206693669997179,-0.00013493006694606513,0.0007065597272476352,0.0016475765841098876,0.020804297066663965,0.019962807272470264,0.019021790415608014,False,True,True
2026-04-23,2026-01-01,-0.018759497216376,0.002712161615405135,0.0005568184102672249,0.001668118242549073,0.021471658831781135,0.019316315626643224,0.020427615458925075,False,False,False
2026-04-24,2026-01-01,-0.0067868908523571,0.00557594736002274,0.000924761505980606,0.0016935269530621968,0.01236283821237984,0.007711652358337706,0.008480417805419298,False,False,False
2026-04-25,2026-01-01,0.0013554991229898,-0.00048466028272765144,0.0007911583368658814,0.0017130025087836362,0.0018401594057174515,0.0005643407861239187,0.00035750338579383623,False,True,True
2026-04-26,2026-01-01,0.0219506915405935,0.007532407137322201,0.0007238764150520148,0.0017217326036178002,0.014418284403271298,0.021226815125541483,0.020228958936975697,True,True,True
2026-04-27,2026-01-01,-0.0281319251917032,0.0006825557951119097,0.0005421583621848917,0.001733900951397421,0.02881448098681511,0.02867408355388809,0.02986582614310062,False,False,False
2026-04-28,2026-01-01,-0.0059244064939814,0.003033872909277131,0.0010123772226586808,0.001721662578282478,0.00895827940325853,0.006936783716640081,0.007646069072263878,False,False,False
2026-04-29,2026-01-01,-0.015726215075442,-0.004108427118111932,0.000777632641103774,0.0017182654068979098,0.01161778795733007,0.016503847716545776,0.017444480482339913,True,False,False
2026-04-30,2026-01-01,0.0012582894176169,0.004899498571083905,0.0008808006054610051,0.0017147577890138542,0.0036412091534670054,0.0003774888121558949,0.00045646837139695423,True,True,True
2026-05-01,2026-01-01,0.0172155161359959,0.0005560769463510289,0.0007213344601933615,0.0017050065321038957,0.01665943918964487,0.016494181675802536,0.015510509603892003,True,True,True
2026-05-02,2026-01-01,0.009210161281538,0.005693403796857213,0.0005847330419772385,0.0016941706951586822,0.0035167574846807865,0.008625428239560761,0.007515990586379317,True,True,True
2026-05-03,2026-01-01,0.0023330170503976,-0.0012605303064414195,0.0006685383742508766,0.0016980459324815829,0.003593547356839019,0.0016644786761467233,0.000634971117916017,False,True,True
2026-05-04,2026-01-01,0.0106654243897104,0.0020505379373184415,0.0007253451099413904,0.0016795536473706001,0.00861488645239196,0.009940079279769011,0.0089858707423398,True,True,True
2026-05-05,2026-01-01,0.0063014249948132,0.0025977009512251196,0.0006442728528964732,0.0016734118592055252,0.00370372404358808,0.005657152141916726,0.004628013135607675,True,True,True
2026-05-06,2026-01-01,-0.0043963627204488,5.722117661297694e-05,0.0006896929713835479,0.0016730972258202897,0.004453583897061776,0.005086055691832347,0.006069459946269089,False,False,False
2026-05-07,2026-01-01,-0.0253931789610115,0.003885853132626597,0.0007850290108977474,0.001671610646962382,0.029279032093638094,0.026178207971909246,0.027064789607973882,False,False,False
2026-05-08,2026-01-01,0.0069243808086567,0.004328900094001524,0.0009701307452234615,0.0016502059008775929,0.002595480714655176,0.005954250063433238,0.005274174907779107,True,True,True
2026-05-09,2026-01-01,0.0085632272584021,-0.0006868455372876839,0.000661856817822287,0.0016354676238613639,0.009250072795689783,0.007901370440579814,0.006927759634540736,False,True,True
2026-05-10,2026-01-01,0.0181871981658452,-0.0007751675167783623,0.0006676431112112195,0.0016337761682224514,0.018962365682623564,0.01751955505463398,0.01655342199762275,False,True,True
2026-05-11,2026-01-01,-0.0125295714870474,0.00519550994781289,0.0005812419210264462,0.0016251119810489485,0.01772508143486029,0.013110813408073846,0.01415468346809635,False,False,False
2026-05-12,2026-01-01,-0.0276645159028021,0.0017357946840189243,0.0008667154012890051,0.0016114040700014338,0.029400310586821025,0.028531231304091107,0.029275919972803537,False,False,False
2026-05-13,2026-01-01,-0.0075032145747423,0.0012004762854563923,0.000985996625153111,0.001592027083689901,0.008703690860198692,0.008489211199895411,0.009095241658432202,False,False,False
2026-05-14,2026-01-01,0.0103466701157008,-0.0015259030018223748,0.0007919057870108526,0.0015772708991254169,0.011872573117523174,0.009554764328689947,0.008769399216575383,False,True,True
2026-05-15,2026-01-01,-0.0252554157471884,0.0028127665844982627,0.0006427913802220336,0.001566942840559941,0.028068182331686665,0.025898207127410436,0.02682235858774834,False,False,False
2026-05-16,2026-01-01,-0.0195998464875798,0.0016241644446242207,0.0009799514889531605,0.0015462803918171086,0.02122401093220402,0.02057979797653296,0.021146126879396907,False,False,False
2026-05-17,2026-01-01,-0.0239048710925214,0.000716912187236304,0.0009050492648697313,0.0015124327512191472,0.024621783279757704,0.024809920357391133,0.02541730384374055,False,False,False
2026-05-18,2026-01-01,0.0004093020694022,-0.0004939308658787843,0.0009476404851810165,0.0014832838281379583,0.0009032329352809843,0.0005383384157788165,0.0010739817587357584,False,True,True
2026-05-19,2026-01-01,-0.0087160468168363,-0.0004809596248339554,0.00072407535605318,0.001455477271694817,0.008235087192002345,0.00944012217288948,0.010171524088531118,True,False,False
2026-05-20,2026-01-01,0.0080662666857354,0.0041131856908398386,0.0008222737544766767,0.001432963008427304,0.003953080994895561,0.007243992931258723,0.006633303677308096,True,True,True
2026-05-21,2026-01-01,0.0020814671600175,0.0005740019689896038,0.0006631624908664724,0.0014155170224628795,0.0015074651910278963,0.0014183046691510278,0.0006659501375546207,True,True,True
2026-05-22,2026-01-01,-0.0313283983130853,-0.000555036716861439,0.0007273166876176411,0.0013952269038858976,0.03077336159622386,0.03205571500070294,0.0327236252169712,True,False,True
2026-05-23,2026-01-01,0.0248539835561001,0.0018354340021641737,0.0010295581405845937,0.001363079296379099,0.023018549553935924,0.023824425415515507,0.023490904259721,True,True,False
2026-05-24,2026-01-01,-0.0084867352791419,-0.0014913752761665196,0.0004938503355197767,0.001333998691686333,0.0069953600029753794,0.008980585614661677,0.009820733970828232,True,False,True
2026-05-25,2026-01-01,0.0063758359193346,0.001353153547345662,0.00083459964439041,0.0013010462918761187,0.005022682371988938,0.0055412362749441895,0.005074789627458481,True,True,False
2026-05-26,2026-01-01,-0.0191876365100467,0.0016586237679769363,0.0006786825369187393,0.001269425646278301,0.020846260278023637,0.01986631904696544,0.020457062156325,False,False,True
2026-05-27,2026-01-01,-0.02349746263809,0.002230427907563069,0.0009196297703211933,0.0012359295680837922,0.02572789054565307,0.024417092408411195,0.024733392206173793,False,False,True
2026-05-28,2026-01-01,-0.0072423699650027,-0.0009729813478032321,0.0009446886322355935,0.0012127173895440635,0.0062693886171994685,0.008187058597238294,0.008455087354546763,True,False,True
2026-05-29,2026-01-01,0.0022045653766489,0.0018247199346802332,0.0007926246368729061,0.0011837574961621894,0.0003798454419686667,0.001411940739775994,0.0010208078804867105,True,True,False
2026-05-30,2026-01-01,0.0037176024843394,0.0012188136705006927,0.0007177479568249765,0.00115248738479619,0.0024987888138387074,0.002999854527514424,0.0025651150995432102,True,True,False
2026-05-31,2026-01-01,-0.0074855220226166,0.00027697890758039147,0.0007096812391263967,0.0011190365420006261,0.007762500930196992,0.008195203261742997,0.008604558564617226,False,False,True
2026-06-01,2026-01-01,-0.0005589672711203,-0.003049505808635787,0.0008123817021269452,0.0010899694735099982,0.002490538537515487,0.001371348973247245,0.0016489367446302981,True,False,True
2026-06-02,2026-01-01,-0.0726354550544448,0.0004836693306281231,0.000741585152265551,0.001064454048425832,0.07311912438507293,0.07337704020671035,0.07369990910287062,False,False,True
2026-06-03,2026-01-01,-0.0247529768546153,0.004527013916041849,0.0014053428148926564,0.0010379401141662062,0.02927999077065715,0.02615831966950796,0.025790916968781507,False,False,True
2026-06-04,2026-01-01,-0.0232659832818467,0.0006107760634653403,0.0009226863343107797,0.0010021837359835979,0.02387675934531204,0.02418866961615748,0.024268167017830296,False,False,True
2026-06-05,2026-01-01,-0.106646586284433,5.444808100510683e-05,0.0009395146635639394,0.0009718390998582661,0.10670103436543811,0.10758610094799695,0.10761842538429127,False,False,True
2026-06-06,2026-01-01,-0.0076497180166932,0.0001004515147911523,0.0017061213127733544,0.0009307731663777087,0.007750169531484352,0.009355839329466554,0.008580491183070908,False,False,True
2026-06-07,2026-01-01,0.0749814902642485,-0.004268535271490139,0.0007461229686575626,0.0008984258166779592,0.07925002553573864,0.07423536729559094,0.07408306444757054,False,True,False
2026-06-08,2026-01-01,0.0022250520052251,-0.007311937303991387,5.314544196838972e-05,0.0008720169994876765,0.009536989309216487,0.00217190656325671,0.0013530350057374234,False,True,False
2026-06-09,2026-01-01,-0.031027979306495,0.0037442601878232354,0.000772702108762228,0.0008439320971791449,0.034772239494318236,0.03180068141525723,0.031871911403674145,False,False,True
2026-06-10,2026-01-01,-0.0107277878887691,0.0028390837880295297,0.0010258245801979037,0.0008111848676950171,0.01356687167679863,0.011753612468967004,0.011538972756464119,False,False,True
2026-06-11,2026-01-01,0.0321842671069263,-0.0022201338964740365,0.0008168277813029481,0.0007765120089709183,0.03440440100340034,0.03136743932562335,0.031407755097955375,False,True,False
2026-06-12,2026-01-01,-0.0042772916588651,-0.0027395004332233294,0.0004404410121557627,0.0007572976513231146,0.001537791225641771,0.004717732671020863,0.005034589310188215,True,False,True
2026-06-13,2026-01-01,0.00906044084014,0.007584060362316838,0.0008015731103734531,0.0007280464003821833,0.0014763804778231623,0.008258867729766547,0.008332394439757817,True,True,False
2026-06-14,2026-01-01,0.0264244112930258,0.0006800362240258248,0.0006556349371903093,0.0007014678822686636,0.025744375068999976,0.02576877635583549,0.025722943410757135,True,True,False
2026-06-15,2026-01-01,0.0407905361482761,-0.008893035574782123,0.0005036878190438869,0.0006768574165296826,0.04968357172305823,0.04028684832923222,0.04011367873174642,False,True,False
2026-06-16,2026-01-01,-0.0025421097280106,-0.0011236940381121297,0.00038473463933468905,0.0006664114823264429,0.0014184156898984703,0.0029268443673452892,0.0032085212103370427,True,False,True
2026-06-17,2026-01-01,-0.0237448269721118,0.009748772434221982,0.0007890383914211054,0.0006589880555693243,0.033493599406333785,0.024533865363532907,0.024403815027681124,False,False,True
2026-06-18,2026-01-01,-0.0219419697824059,0.0010944071743740355,0.000954999319138182,0.0006489880022322043,0.023036376956779934,0.022896969101544082,0.022590957784638103,False,False,True
2026-06-19,2026-01-01,0.0008475848259608,-0.0015774127112186704,0.0009251690852348935,0.0006329647654678111,0.0024249975371794705,7.758425927409341e-05,0.00021462006049298898,False,True,False
2026-06-20,2026-01-01,0.0165512920322867,0.0018625338528132313,0.0007202948467064158,0.0006159814136548201,0.014688758179473469,0.015830997185580283,0.01593531061863188,True,True,False
2026-06-21,2026-01-01,-0.0199625121689469,-0.0030298308394769227,0.0005915296064935077,0.0006055195108984662,0.016932681329469977,0.02055404177544041,0.020568031679845365,True,False,True
2026-06-22,2026-01-01,0.0128655097234846,-0.0034730514304686716,0.000935085446018165,0.0005928725755962752,0.01633856115395327,0.011930424277466434,0.012272637147888324,False,True,False
2026-06-23,2026-01-01,-0.0353742903934415,-0.0016355906467949118,0.0006109083158056003,0.0006034090382893622,0.03373869974664659,0.035985198709247095,0.03597769943173086,True,False,True
2026-06-24,2026-01-01,-0.0273272703631346,0.005870131779030979,0.0010725112904613895,0.0006161786695319016,0.03319740214216558,0.02839978165359599,0.0279434490326665,False,False,True
2026-06-25,2026-01-01,-0.0340190310408294,0.0037289093122920038,0.0009699565273863973,0.0006316860401685476,0.0377479403531214,0.0349889875682158,0.03465071708099795,False,False,True
2026-06-26,2026-01-01,0.0075404607137947,0.002769778677225149,0.0010350694145809577,0.0006694373613437003,0.004770682036569551,0.0065053912992137424,0.006871023352450999,True,True,False
2026-06-27,2026-01-01,-0.0031890021082193,-0.0037726295301280955,0.0006531245586997024,0.0007076259571342981,0.0005836274219087954,0.0038421266669190026,0.003896628065353598,True,False,True
2026-06-28,2026-01-01,-0.0007807711567662,0.0024715305304534568,0.0007767253722763478,0.0007291199275234489,0.003252301687219657,0.0015574965290425478,0.0015098910842896488,False,False,True
2026-06-29,2026-01-01,0.0253728914969133,-0.00414811810519698,0.000748011025147575,0.0007513187514198671,0.02952100960211028,0.024624880471765725,0.024621572745493432,False,True,False
2026-06-30,2026-01-01,-0.0252277988168425,-0.006796540904674924,0.0005082904213573769,0.000788058231411788,0.018431257912167577,0.025736089238199877,0.026015857048254286,True,False,True
