date,window_start,baseline_err,selected_err
2020-01-01,2020-01-01,0.006285100986421674,0.0021139191885418485
2020-01-02,2020-01-01,0.0312692911553117,0.03239541550219344
2020-01-03,2020-01-01,0.05391128253629495,0.048787263361708855
2020-01-04,2020-01-01,0.007164548578269186,0.006143842415179887
2020-01-05,2020-01-01,0.00024701057362224105,0.0019190958206810032
2020-01-06,2020-01-01,0.04103283479696601,0.04507548764080422
2020-01-07,2020-01-01,0.04435952088432961,0.04826162747371505
2020-01-08,2020-01-01,0.012031789881665582,0.012559648979104608
2020-01-09,2020-01-01,0.03353795136288988,0.028011436123910462
2020-01-10,2020-01-01,0.03600527324880794,0.03343734784226914
2020-01-11,2020-01-01,0.01775538939503995,0.01834304911608449
2020-01-12,2020-01-01,0.01945618418402914,0.01674899248612319
2020-01-13,2020-01-01,0.01388806483544893,0.009262040654384684
2020-01-14,2020-01-01,0.08136116853479251,0.08171919761726659
2020-01-15,2020-01-01,0.00378696088324858,0.005072976173963681
2020-01-16,2020-01-01,0.012210742797395892,0.011752031686495867
2020-01-17,2020-01-01,0.016331136122469683,0.019978691913646943
2020-01-18,2020-01-01,0.0012658809339825372,0.0009369203106925658
2020-01-19,2020-01-01,0.021530699868844573,0.028908540611426392
2020-01-20,2020-01-01,0.012813072074943203,0.008961418067039015
2020-01-21,2020-01-01,0.008171729006895136,0.0075345770194913935
2020-01-22,2020-01-01,0.010418174247431751,0.00990307537479865
2020-01-23,2020-01-01,0.03773413996486392,0.03438494684850829
2020-01-24,2020-01-01,0.004423524839928311,0.0016172802003358733
2020-01-25,2020-01-01,0.014875978478748409,0.01186964780018505
2020-01-26,2020-01-01,0.02597749748061591,0.02494021401853179
2020-01-27,2020-01-01,0.03374985574536763,0.03352299872771968
2020-01-28,2020-01-01,0.04961621413729845,0.04806639038722738
2020-01-29,2020-01-01,0.004626672535709834,0.007007653744811621
2020-01-30,2020-01-01,0.01724290424778756,0.017954760919906415
2020-01-31,2020-01-01,0.021322376897431283,0.019724236657211566
2020-02-01,2020-01-01,0.0033858621628309977,0.0018821504861146645
2020-02-02,2020-01-01,0.010639834583771313,0.008312778914723122
2020-02-03,2020-01-01,0.011029722892612163,0.008077428852717674
2020-02-04,2020-01-01,0.009272335498477585,0.014847620519137532
2020-02-05,2020-01-01,0.044527166102374345,0.04434999227581245
2020-02-06,2020-01-01,0.010387573995423793,0.009542296173402503
2020-02-07,2020-01-01,0.004152006386481093,0.0043717293340303845
2020-02-08,2020-01-01,0.004145939802701626,0.004015523141121469
2020-02-09,2020-01-01,0.024077395874770712,0.022930385733925775
2020-02-10,2020-01-01,0.026791711291190214,0.028319068143001492
2020-02-11,2020-01-01,0.033951519999952655,0.032803605516815326
2020-02-12,2020-01-01,0.011392510820812283,0.008587378681026499
2020-02-13,2020-01-01,0.013952971028555965,0.013006397271668413
2020-02-14,2020-01-01,0.003923872344674784,0.006453595192854291
2020-02-15,2020-01-01,0.049759828090875244,0.04385852092250881
2020-02-16,2020-01-01,0.0009709070148562499,0.0019801722558533776
2020-02-17,2020-01-01,0.032509446030768094,0.0278421843758722
2020-02-18,2020-01-01,0.048760415188161675,0.0443640521077334
2020-02-19,2020-01-01,0.05302229622163166,0.05305778752431189
2020-02-20,2020-01-01,0.0009496754697375111,0.0048087132344885805
2020-02-21,2020-01-01,0.004640844621429035,0.0047752098035171164
2020-02-22,2020-01-01,0.004489181375587863,0.004526065340967606
2020-02-23,2020-01-01,0.02221225643837025,0.024249999186383802
2020-02-24,2020-01-01,0.033890412285966766,0.030557663869504533
2020-02-25,2020-01-01,0.02961844214907677,0.034214109415084404
2020-02-26,2020-01-01,0.06039714176454777,0.05902904758876623
2020-02-27,2020-01-01,0.004147605065227343,0.006696746782784511
2020-02-28,2020-01-01,0.01855397160965592,0.015690834843933164
2020-02-29,2020-01-01,0.010092891961476228,0.01077827382092416
2020-03-01,2020-01-01,0.004490371235067238,0.007025739803998322
2020-03-02,2020-01-01,0.033206726484558156,0.03341347979572766
2020-03-03,2020-01-01,0.009503470071467322,0.011637094275941652
2020-03-04,2020-01-01,0.006511792922085813,0.006288376349608471
2020-03-05,2020-01-01,0.03729052549806613,0.03393538302050331
2020-03-06,2020-01-01,0.006125441791231329,0.002452858913244478
2020-03-07,2020-01-01,0.023547458905638235,0.025744240853306476
2020-03-08,2020-01-01,0.09282319604907299,0.09318545631807554
2020-03-09,2020-01-01,0.026494428064679946,0.02560136811958968
2020-03-10,2020-01-01,0.002000930415173732,0.0047748125201977345
2020-03-11,2020-01-01,0.002445329244474151,0.0020053078805438644
2020-03-12,2020-01-01,0.3764633305800333,0.3745088077572454
2020-03-13,2020-01-01,0.11768809888084952,0.11600036181037493
2020-03-14,2020-01-01,0.06461067092849943,0.06931361978828848
2020-03-15,2020-01-01,0.05036279383157843,0.038166849105231236
2020-03-16,2020-01-01,0.08376483609115663,0.07550472602636144
2020-03-17,2020-01-01,0.051493593478529685,0.041072370254916606
2020-03-18,2020-01-01,0.017494498598803934,0.0004139728715303326
2020-03-19,2020-01-01,0.17088276171438532,0.17940190150982813
2020-03-20,2020-01-01,0.00347644751413274,0.0014658685016021864
2020-03-21,2020-01-01,0.012936152957850142,0.004171838098457358
2020-03-22,2020-01-01,0.044444748688735325,0.06088697656154679
2020-03-23,2020-01-01,0.09667560221794426,0.09798823758054812
2020-03-24,2020-01-01,0.04331029873565505,0.046641260876764
2020-03-25,2020-01-01,0.024542954530937237,0.010455700285366331
2020-03-26,2020-01-01,0.013358619630680421,0.0021607213400362314
2020-03-27,2020-01-01,0.03496965350129265,0.03943514420722181
2020-03-28,2020-01-01,0.03250947784016464,0.03747732141495657
2020-03-29,2020-01-01,0.062203589825468225,0.05507825601772696
2020-03-30,2020-01-01,0.09229041392146249,0.08306517644409671
2020-03-31,2020-01-01,0.009812307208654919,0.0010564566368770766
2020-04-01,2020-01-01,0.04228447717167821,0.02458620330673642
2020-04-02,2020-01-01,0.011659864730338164,0.024718774550390163
2020-04-03,2020-01-01,0.004670785824317822,0.010953062429132018
2020-04-04,2020-01-01,0.009995070380854712,0.017086725335418322
2020-04-05,2020-01-01,0.022809113013291672,0.01445981696030182
2020-04-06,2020-01-01,0.05905971926894664,0.06833059042851773
2020-04-07,2020-01-01,0.020973304720301934,0.016087771958479546
2020-04-08,2020-01-01,0.025075615070355325,0.019858418011540792
2020-04-09,2020-01-01,0.017713841459429867,0.007864076762090938
2020-04-10,2020-01-01,0.06974690710583123,0.06215725188152497
2020-04-11,2020-01-01,0.005528066998941109,0.004104350207496216
2020-04-12,2020-01-01,0.005255997887661554,0.013066859722668175
2020-04-13,2020-01-01,0.017715524118781203,0.020098873055186768
2020-04-14,2020-01-01,0.00430521264210932,0.003311036191937282
2020-04-15,2020-01-01,0.025163518225739666,0.03197443808388463
2020-04-16,2020-01-01,0.07823598993060991,0.06912545557215016
2020-04-17,2020-01-01,0.003114676165786723,0.005731875631145633
2020-04-18,2020-01-01,0.01823981678028387,0.02059787649634367
2020-04-19,2020-01-01,0.023579450956525874,0.012823754864872739
2020-04-20,2020-01-01,0.0413347289037251,0.044976493619217815
2020-04-21,2020-01-01,0.001497637579778693,0.0032540414892951943
2020-04-22,2020-01-01,0.029939648671192046,0.03131264289781411
2020-04-23,2020-01-01,0.043780698655766906,0.04169236584325752
2020-04-24,2020-01-01,0.010781037557416131,0.013647831225748586
2020-04-25,2020-01-01,0.0014269859217508375,1.524067654586677e-05
2020-04-26,2020-01-01,0.0027484746155754993,0.011657469904114568
2020-04-27,2020-01-01,0.015079999236039006,0.01233961941482873
2020-04-28,2020-01-01,0.00168371755685467,0.0013307281334534612
2020-04-29,2020-01-01,0.12780143117844409,0.12444492633696282
2020-04-30,2020-01-01,0.012631239563702847,0.01862123330392692
2020-05-01,2020-01-01,0.023596572576621802,0.02184844475271972
2020-05-02,2020-01-01,0.007264367293377624,0.009970337751207627
2020-05-03,2020-01-01,0.0148535667825375,0.012223486227384273
2020-05-04,2020-01-01,0.004711222013988516,0.0014468423806154765
2020-05-05,2020-01-01,0.001882965542505959,0.006850846424015868
2020-05-06,2020-01-01,0.027143856117223242,0.027138321000342455
2020-05-07,2020-01-01,0.0735366733006157,0.07093094231782131
2020-05-08,2020-01-01,0.01173285226106175,0.01334457541240154
2020-05-09,2020-01-01,0.030870952449164633,0.027943572277818077
2020-05-10,2020-01-01,0.09239560097162297,0.0907207339870432
2020-05-11,2020-01-01,0.024170407830057042,0.020455950835761808
2020-05-12,2020-01-01,0.01633519327159011,0.020310099594314263
2020-05-13,2020-01-01,0.04534216471742137,0.05056522380240562
2020-05-14,2020-01-01,0.05068913820209481,0.04762560012870228
2020-05-15,2020-01-01,0.03907215219781664,0.043974513576358
2020-05-16,2020-01-01,0.002999236926262625,0.0026304137617604007
2020-05-17,2020-01-01,0.019525020958633444,0.027902231145760636
2020-05-18,2020-01-01,0.0030560111307374113,0.0034396374299509288
2020-05-19,2020-01-01,0.01180493164227249,0.0027924338637189154
2020-05-20,2020-01-01,0.016809067464184126,0.02401648522255837
2020-05-21,2020-01-01,0.04270133330114246,0.048709243690825306
2020-05-22,2020-01-01,0.011087316149086394,0.008122419367992118
2020-05-23,2020-01-01,0.003458739476973413,4.529853302306583e-05
2020-05-24,2020-01-01,0.05371805218092558,0.047911025062478386
2020-05-25,2020-01-01,0.008068111621833393,0.010286135727356167
2020-05-26,2020-01-01,0.012376745046012097,0.01079143317439933
2020-05-27,2020-01-01,0.04388262772596564,0.03710476241334015
2020-05-28,2020-01-01,0.040345328199319394,0.03453687311696729
2020-05-29,2020-01-01,0.00480737983744407,0.011283205320497064
2020-05-30,2020-01-01,0.031258993605452784,0.02499303412470007
2020-05-31,2020-01-01,0.032227041076122655,0.027640833703180802
2020-06-01,2020-01-01,0.0679082808806432,0.07219865485245226
2020-06-02,2020-01-01,0.0739675476458405,0.06596237617119614
2020-06-03,2020-01-01,0.01208523348605201,0.011165064443656954
2020-06-04,2020-01-01,0.014964585733240358,0.011195263678891516
2020-06-05,2020-01-01,0.012098719298947538,0.015588401403303441
2020-06-06,2020-01-01,0.005305495653226154,0.004243062580643101
2020-06-07,2020-01-01,0.002371720541016019,0.007737986251155836
2020-06-08,2020-01-01,0.0029975277971464,0.0008567199830712057
2020-06-09,2020-01-01,0.001118222622463673,0.00034607100469174774
2020-06-10,2020-01-01,0.010129310641072305,0.0048803320135790244
2020-06-11,2020-01-01,0.058288665442197324,0.05824201142228462
2020-06-12,2020-01-01,0.018095029331266832,0.014343690436459187
2020-06-13,2020-01-01,0.005343024926227859,0.0036578377554543234
2020-06-14,2020-01-01,0.012587478529970438,0.011437673008750874
2020-06-15,2020-01-01,0.0011918547369124486,0.003695154653058673
2020-06-16,2020-01-01,0.00465319400599477,0.006621812673726992
2020-06-17,2020-01-01,0.005357808939008056,0.008403944746053136
2020-06-18,2020-01-01,0.015229907982304614,0.01013934796545463
2020-06-19,2020-01-01,0.017222927135820965,0.015943958944583808
2020-06-20,2020-01-01,0.005046624114760885,0.002110650931629341
2020-06-21,2020-01-01,0.006646456984090688,0.005778706271117906
2020-06-22,2020-01-01,0.03782563498232788,0.03451576915517573
2020-06-23,2020-01-01,0.0074349553213076,0.004677457464338211
2020-06-24,2020-01-01,0.03323845079333823,0.03522478861148487
2020-06-25,2020-01-01,0.0067228583732310485,0.00831450545909888
2020-06-26,2020-01-01,0.014986808448158782,0.013795578125936524
2020-06-27,2020-01-01,0.015092278297877968,0.015327481572748169
2020-06-28,2020-01-01,0.006764825188570811,0.00787301260711127
2020-06-29,2020-01-01,0.00858180872116343,0.002665081021368239
2020-06-30,2020-01-01,0.005172093323069049,0.00813892174479368
2020-07-01,2020-07-01,0.008556518691594444,0.009393416902441432
2020-07-02,2020-07-01,0.016969604279594982,0.011837852640120262
2020-07-03,2020-07-01,0.006108477383802267,0.004457566747890948
2020-07-04,2020-07-01,0.0016913389869728812,0.004483213617263544
2020-07-05,2020-07-01,0.0076634929806059775,0.006886816622924686
2020-07-06,2020-07-01,0.03297110097240333,0.03273779199320037
2020-07-07,2020-07-01,0.014160317219980793,0.01357559265344067
2020-07-08,2020-07-01,0.01930036188386795,0.018525450838502256
2020-07-09,2020-07-01,0.021754080429064786,0.016404109171896303
2020-07-10,2020-07-01,0.003334764359495083,0.0004161884504320395
2020-07-11,2020-07-01,0.008116548636882704,0.004628225888197021
2020-07-12,2020-07-01,0.0015837007842084373,0.0034232298540699648
2020-07-13,2020-07-01,0.0024384745030793073,0.004022772399333259
2020-07-14,2020-07-01,8.046983788658705e-05,0.0005319076777128494
2020-07-15,2020-07-01,0.006006257903849349,0.005933622648611153
2020-07-16,2020-07-01,0.009931724978571449,0.0070844073788102644
2020-07-17,2020-07-01,0.0009827569813203713,0.0016057129403017124
2020-07-18,2020-07-01,0.00460403359169802,0.00035540400004252553
2020-07-19,2020-07-01,0.0023363433620481287,0.0024413877707143714
2020-07-20,2020-07-01,0.004069820780313935,0.002829140686424777
2020-07-21,2020-07-01,0.023440898606476763,0.02249990982761315
2020-07-22,2020-07-01,0.014170772233935886,0.015600816898693304
2020-07-23,2020-07-01,0.0023790020390677333,0.0053880010327899824
2020-07-24,2020-07-01,0.008461159188956825,0.005086476597164456
2020-07-25,2020-07-01,0.010928605137601268,0.014212694826850602
2020-07-26,2020-07-01,0.020746089362266486,0.023104210397654538
2020-07-27,2020-07-01,0.10829286159280226,0.10916060797660644
2020-07-28,2020-07-01,0.009788969560486954,0.007426376984102619
2020-07-29,2020-07-01,0.017355914594202614,0.01669941171401208
2020-07-30,2020-07-01,0.003132216142133091,0.0005089893233852316
2020-07-31,2020-07-01,0.017370472278215365,0.01862042357370266
2020-08-01,2020-07-01,0.03278810989387649,0.03805935071308168
2020-08-02,2020-07-01,0.06604095161762348,0.06046215921802343
2020-08-03,2020-07-01,0.018458102622514946,0.016865215418555082
2020-08-04,2020-07-01,0.005969361511535454,0.00405477795113896
2020-08-05,2020-07-01,0.05022263822361733,0.04780127081418134
2020-08-06,2020-07-01,0.007921325283346329,0.0023744671220167993
2020-08-07,2020-07-01,0.01821799164133415,0.015616235265245824
2020-08-08,2020-07-01,0.01032271353005117,0.012645482920119532
2020-08-09,2020-07-01,0.007857820571533633,0.0071262327282110025
2020-08-10,2020-07-01,0.013170151998155983,0.01683951893075304
2020-08-11,2020-07-01,0.0466318965686307,0.03982365380539812
2020-08-12,2020-07-01,0.016683042033189023,0.014744267656890717
2020-08-13,2020-07-01,0.011327225640343986,0.016734193308588666
2020-08-14,2020-07-01,0.0041998189944626625,0.0017539936284411862
2020-08-15,2020-07-01,0.0030181258273053752,0.0077417151889270135
2020-08-16,2020-07-01,0.0027020717106677502,0.0018127715604142735
2020-08-17,2020-07-01,0.03274534746062084,0.029924604463194504
2020-08-18,2020-07-01,0.02558822174143734,0.02191491687187116
2020-08-19,2020-07-01,0.018878946826709934,0.01994170602523331
2020-08-20,2020-07-01,0.00633359892473531,0.009701671846856039
2020-08-21,2020-07-01,0.02186997242369832,0.02453569838360251
2020-08-22,2020-07-01,0.005619008970922036,0.007188021186117454
2020-08-23,2020-07-01,0.009565006600726997,0.0019253148691737592
2020-08-24,2020-07-01,0.01050920716166692,0.008922952590236564
2020-08-25,2020-07-01,0.035995752425707336,0.03515985439229358
2020-08-26,2020-07-01,0.010692384225778184,0.010219934242817584
2020-08-27,2020-07-01,0.018425098840037058,0.014826788650604496
2020-08-28,2020-07-01,0.019492934828789305,0.018845376849801174
2020-08-29,2020-07-01,0.0022841178822932263,0.003542537951895072
2020-08-30,2020-07-01,0.01615974490013893,0.017296136193948427
2020-08-31,2020-07-01,0.004354274592113244,0.0030778664082583606
2020-09-01,2020-07-01,0.01971736211299644,0.024310314648996276
2020-09-02,2020-07-01,0.0480237358902101,0.046932294759178615
2020-09-03,2020-07-01,0.10630413965490539,0.10294587646532717
2020-09-04,2020-07-01,0.023645913700823418,0.025382279174842298
2020-09-05,2020-07-01,0.03442252992890014,0.0330021701146131
2020-09-06,2020-07-01,0.013309717431555736,0.010363328705270227
2020-09-07,2020-07-01,0.004990445870710342,0.00821051230328525
2020-09-08,2020-07-01,0.019872799827595447,0.023427093827875434
2020-09-09,2020-07-01,0.009383114136501659,0.010422330684055145
2020-09-10,2020-07-01,0.00869168094512727,0.0113260157703096
2020-09-11,2020-07-01,7.479279806388945e-05,0.0031789065215326946
2020-09-12,2020-07-01,0.001184148640524834,0.003488159843428646
2020-09-13,2020-07-01,0.006744473390176089,0.011817876657598302
2020-09-14,2020-07-01,0.03511812298400964,0.03408844813272482
2020-09-15,2020-07-01,0.008113968186951826,0.010438012016766756
2020-09-16,2020-07-01,0.011505470862739437,0.01601377740323071
2020-09-17,2020-07-01,0.007143659254096903,0.0028212311661962638
2020-09-18,2020-07-01,0.003371494812273058,0.0008893910435024532
2020-09-19,2020-07-01,0.01167689879017967,0.01319946997487056
2020-09-20,2020-07-01,0.013830661963092183,0.01453156196843157
2020-09-21,2020-07-01,0.04256506269092789,0.04402201591413539
2020-09-22,2020-07-01,0.010062794631418865,0.0067369743862786555
2020-09-23,2020-07-01,0.02739047560439972,0.028206123503484497
2020-09-24,2020-07-01,0.04462181166882263,0.04962982786390847
2020-09-25,2020-07-01,0.009690613398323392,0.0066696436232649165
2020-09-26,2020-07-01,0.0017146318703908947,0.0049318444881506045
2020-09-27,2020-07-01,0.00023685970669764514,0.001807376294599258
2020-09-28,2020-07-01,0.006658408021663023,0.0065697315891484085
2020-09-29,2020-07-01,0.009476017071177466,0.012112028489256509
2020-09-30,2020-07-01,0.008907563587781723,0.0060115484375018935
2020-10-01,2020-07-01,0.017412016297700193,0.0157949830154934
2020-10-02,2020-07-01,0.009204963900692503,0.004599745351312569
2020-10-03,2020-07-01,0.004249722199610073,0.003008529591397051
2020-10-04,2020-07-01,0.004491105856763954,0.01091227153962663
2020-10-05,2020-07-01,0.00965635083868344,0.011132175968022942
2020-10-06,2020-07-01,0.020750149540253057,0.01797142060429727
2020-10-07,2020-07-01,0.005802333787137499,0.00557923792420544
2020-10-08,2020-07-01,0.022613059252653375,0.0226502937131802
2020-10-09,2020-07-01,0.013531429194428197,0.013179343450513107
2020-10-10,2020-07-01,0.02113931305261858,0.02049523602993464
2020-10-11,2020-07-01,0.0048119557807689076,0.007320813676225606
2020-10-12,2020-07-01,0.01331690916381439,0.014564256243087265
2020-10-13,2020-07-01,0.014432542425554928,0.011665666260585026
2020-10-14,2020-07-01,0.005227719764352726,0.00018419423017045056
2020-10-15,2020-07-01,0.0030620278957777785,0.005277870125129931
2020-10-16,2020-07-01,0.016872792143786428,0.01554427886878803
2020-10-17,2020-07-01,0.002604253806189563,0.002672361067277823
2020-10-18,2020-07-01,0.009369300233489763,0.01054941968452477
2020-10-19,2020-07-01,0.019994239154343087,0.022058914431579077
2020-10-20,2020-07-01,0.012198506255794463,0.014392942067933383
2020-10-21,2020-07-01,0.07299519309300938,0.0756814413467673
2020-10-22,2020-07-01,0.007801319171661715,0.01071556818447289
2020-10-23,2020-07-01,0.0029153418626869172,0.0031180022060348037
2020-10-24,2020-07-01,0.00866386235478571,0.013162712767688902
2020-10-25,2020-07-01,0.00822986022302959,0.006329388964151523
2020-10-26,2020-07-01,0.0004889234311397429,0.0028901057112622848
2020-10-27,2020-07-01,0.0374043907288055,0.04380137326853785
2020-10-28,2020-07-01,0.029986743367306522,0.02846435303399627
2020-10-29,2020-07-01,0.008896600539138835,0.012028507555820352
2020-10-30,2020-07-01,0.0038451099548618807,0.007619477272027028
2020-10-31,2020-07-01,0.014007261404652974,0.016837002332570534
2020-11-01,2020-07-01,0.007199936262897113,0.003643076560599829
2020-11-02,2020-07-01,0.01462483409430519,0.01407344262700001
2020-11-03,2020-07-01,0.029357010602336,0.029002144409175798
2020-11-04,2020-07-01,0.010653089942957546,0.012706674134850627
2020-11-05,2020-07-01,0.10093411749656701,0.10185390931793584
2020-11-06,2020-07-01,0.008224497200732199,0.0012320881016858998
2020-11-07,2020-07-01,0.04938893762094333,0.0475203659020331
2020-11-08,2020-07-01,0.03601795149337346,0.042984549207702456
2020-11-09,2020-07-01,0.013245383109119001,0.00993225503753749
2020-11-10,2020-07-01,0.007943550816401843,0.0031985917063784347
2020-11-11,2020-07-01,0.021521284000045098,0.026354436107446245
2020-11-12,2020-07-01,0.03976241002071499,0.03617691339664405
2020-11-13,2020-07-01,0.001929225594232591,0.00211680555272802
2020-11-14,2020-07-01,0.018300472804947305,0.015780887449126393
2020-11-15,2020-07-01,0.0167616850240799,0.0075104492091687255
2020-11-16,2020-07-01,0.04384138163143536,0.04717167141806817
2020-11-17,2020-07-01,0.05610029618232078,0.055178606994960896
2020-11-18,2020-07-01,0.006797450976617705,0.008584614639736166
2020-11-19,2020-07-01,0.0005259143699774266,0.00026336929327501187
2020-11-20,2020-07-01,0.0436377128309941,0.04465500726296246
2020-11-21,2020-07-01,0.00018808218850214597,0.0007052760029398757
2020-11-22,2020-07-01,0.025256875871661567,0.015085349025489182
2020-11-23,2020-07-01,0.011138733109581144,0.0008250254219541242
2020-11-24,2020-07-01,0.03985702849135689,0.039994383965760584
2020-11-25,2020-07-01,0.02050941369460351,0.020068508067566437
2020-11-26,2020-07-01,0.0849840979031072,0.0849395520803841
2020-11-27,2020-07-01,0.007927508938740533,0.003067491491125115
2020-11-28,2020-07-01,0.03268910313821748,0.035111612594204
2020-11-29,2020-07-01,0.028263512951227802,0.025535832838846924
2020-11-30,2020-07-01,0.07005631248864724,0.07923197193682065
2020-12-01,2020-07-01,0.045837275843406966,0.04229484030536056
2020-12-02,2020-07-01,0.02461965035017283,0.02062634436266294
2020-12-03,2020-07-01,0.011539449646145861,0.012270961498187374
2020-12-04,2020-07-01,0.041718615532670464,0.03880993879295962
2020-12-05,2020-07-01,0.013865044261814573,0.023763894094926265
2020-12-06,2020-07-01,0.0061622058955370694,0.009518259188395474
2020-12-07,2020-07-01,0.004237541332907984,0.008403412190222772
2020-12-08,2020-07-01,0.05133380288477356,0.0458528414786186
2020-12-09,2020-07-01,0.008331528389210162,0.012155994595578761
2020-12-10,2020-07-01,0.019341966223681187,0.0160364296274112
2020-12-11,2020-07-01,0.009158837731204406,0.01178910814818164
2020-12-12,2020-07-01,0.036891566897713834,0.04074049180225974
2020-12-13,2020-07-01,0.01804468397405755,0.017590465498686623
2020-12-14,2020-07-01,0.008964695528480105,0.00498877750346116
2020-12-15,2020-07-01,0.010631830349597252,0.008379075714308664
2020-12-16,2020-07-01,0.09646883322286084,0.09704759671482054
2020-12-17,2020-07-01,0.06014834966095729,0.0697901685291566
2020-12-18,2020-07-01,0.01257908652359636,0.014209856431117916
2020-12-19,2020-07-01,0.024545547944505596,0.031166833369384247
2020-12-20,2020-07-01,0.01957227084003554,0.016883096535080223
2020-12-21,2020-07-01,0.026621074638407953,0.029225426096011465
2020-12-22,2020-07-01,0.035260389558676095,0.042449342107816875
2020-12-23,2020-07-01,0.024129176574199628,0.023196682085065694
2020-12-24,2020-07-01,0.019431674455103756,0.020764299732365626
2020-12-25,2020-07-01,0.033861316020563414,0.038679735300988595
2020-12-26,2020-07-01,0.0712547980338818,0.07142641136078454
2020-12-27,2020-07-01,0.009989169525332808,0.006611527792116744
2020-12-28,2020-07-01,0.02942472902105914,0.03043290341683947
2020-12-29,2020-07-01,0.006912715271280707,0.009811393196055118
2020-12-30,2020-07-01,0.05254961033626668,0.05356555770542722
2020-12-31,2020-07-01,0.0008603763073058044,0.005168795294955857
2021-01-01,2021-01-01,0.003971588935005434,0.010220004561111074
2021-01-02,2021-01-01,0.09021057057296489,0.0915477506076587
2021-01-03,2021-01-01,0.016424832268774274,0.01938982367227684
2021-01-04,2021-01-01,0.031031521956967727,0.026819376197872752
2021-01-05,2021-01-01,0.048200616241147215,0.059702631361116074
2021-01-06,2021-01-01,0.08369888104844811,0.08202345792859972
2021-01-07,2021-01-01,0.07033251983044007,0.06817165301270103
2021-01-08,2021-01-01,0.03243108170965999,0.03441580020571452
2021-01-09,2021-01-01,0.012716111202728494,0.015324365838882177
2021-01-10,2021-01-01,0.04832446954655646,0.04980730067508902
2021-01-11,2021-01-01,0.08061037495445424,0.07627756049650192
2021-01-12,2021-01-01,0.059424639015789954,0.05015193427632931
2021-01-13,2021-01-01,0.09204237553186966,0.09688179700999525
2021-01-14,2021-01-01,0.05332852071394861,0.04980089585147759
2021-01-15,2021-01-01,0.05799777892944631,0.061401697600736604
2021-01-16,2021-01-01,0.022306023905766463,0.02107509332848481
2021-01-17,2021-01-01,0.01624511921403137,0.01334733745259649
2021-01-18,2021-01-01,0.018278853820311188,0.02104867008636374
2021-01-19,2021-01-01,0.027685146317080155,0.01787557403714498
2021-01-20,2021-01-01,0.016734714929792664,0.017028160156710617
2021-01-21,2021-01-01,0.13216842168180262,0.13500109388275122
2021-01-22,2021-01-01,0.0689916718346452,0.06650941665888539
2021-01-23,2021-01-01,0.03281837622551877,0.02975537597864472
2021-01-24,2021-01-01,0.0029647053986410175,0.004309643765738747
2021-01-25,2021-01-01,0.0036083320848932397,1.4497421928253654e-05
2021-01-26,2021-01-01,0.006795109255204743,0.004324095551947622
2021-01-27,2021-01-01,0.06007315236752331,0.06730671918090496
2021-01-28,2021-01-01,0.09433781838676393,0.09576035013530035
2021-01-29,2021-01-01,0.03396631946285168,0.02488396559542394
2021-01-30,2021-01-01,3.140632448060329e-05,0.0031481868949997842
2021-01-31,2021-01-01,0.028571249870491623,0.03614230056105562
2021-02-01,2021-01-01,0.0018920701494896247,0.009686179978049027
2021-02-02,2021-01-01,0.0536501670076555,0.056923710226480656
2021-02-03,2021-01-01,0.052408821256034244,0.053435819323928796
2021-02-04,2021-01-01,0.010116052749993327,0.015971234208245214
2021-02-05,2021-01-01,0.033631845514931695,0.03029427900835536
2021-02-06,2021-01-01,0.03541949800897047,0.02779435877105481
2021-02-07,2021-01-01,0.011673602507137032,0.011263985756916528
2021-02-08,2021-01-01,0.17737518533958116,0.18448150734823784
2021-02-09,2021-01-01,0.006488370835855472,0.006583361025699996
2021-02-10,2021-01-01,0.029109974068751085,0.03549961789665046
2021-02-11,2021-01-01,0.060446586805121605,0.06286685730926343
2021-02-12,2021-01-01,0.011549127128427124,0.009840336656558358
2021-02-13,2021-01-01,0.016209069836126418,0.010903592113827996
2021-02-14,2021-01-01,0.022572974768773058,0.030690965474052662
2021-02-15,2021-01-01,0.013284646219609928,0.01727397080821802
2021-02-16,2021-01-01,0.025172045803908305,0.023787188106542203
2021-02-17,2021-01-01,0.0538470398550316,0.05772990877701404
2021-02-18,2021-01-01,0.01575589533324246,0.010458310204539325
2021-02-19,2021-01-01,0.07417400299884122,0.07879528351473272
2021-02-20,2021-01-01,0.004407665891266043,0.0024909113182176924
2021-02-21,2021-01-01,0.01957757364897157,0.023448582525539805
2021-02-22,2021-01-01,0.0657956147446533,0.06039150452889142
2021-02-23,2021-01-01,0.10658083242182556,0.10276317882929742
2021-02-24,2021-01-01,0.014361933216852491,0.01406349502285572
2021-02-25,2021-01-01,0.06316109304978179,0.054755099269919345
2021-02-26,2021-01-01,0.014512406488713032,0.018662884217696803
2021-02-27,2021-01-01,0.012778510958448765,0.006086381773498009
2021-02-28,2021-01-01,0.025376391720275192,0.024514662470681924
2021-03-01,2021-01-01,0.10125282556372359,0.09718846086367106
2021-03-02,2021-01-01,0.027542325523303202,0.026186242342851395
2021-03-03,2021-01-01,0.043101958516588004,0.042103423950968825
2021-03-04,2021-01-01,0.0383312226941151,0.04110563719914976
2021-03-05,2021-01-01,0.007602449230640903,0.004844096236971597
2021-03-06,2021-01-01,0.0075659174329566516,0.002791821246510082
2021-03-07,2021-01-01,0.04150286007645025,0.04431709104191551
2021-03-08,2021-01-01,0.01838720874629493,0.018902319364243126
2021-03-09,2021-01-01,0.04938772344554212,0.04719816066229391
2021-03-10,2021-01-01,0.02194624026040574,0.02023459109517168
2021-03-11,2021-01-01,0.024707912338362274,0.029771543756034892
2021-03-12,2021-01-01,0.0014541354937335164,0.010074607849938405
2021-03-13,2021-01-01,0.06407649471111729,0.06538283719627941
2021-03-14,2021-01-01,0.022275125010150474,0.03291661201595115
2021-03-15,2021-01-01,0.059500406233556326,0.06019555269115442
2021-03-16,2021-01-01,0.012516453109995867,0.012585319905413322
2021-03-17,2021-01-01,0.03464260836215627,0.034314188113556555
2021-03-18,2021-01-01,0.022296490178770945,0.018700145116175314
2021-03-19,2021-01-01,0.0009067818541256207,0.005439073246044916
2021-03-20,2021-01-01,0.003232788531455551,0.0026343063671246097
2021-03-21,2021-01-01,0.015086097348552013,0.015657944855551418
2021-03-22,2021-01-01,0.05390402640518941,0.054743883025680555
2021-03-23,2021-01-01,0.0063489123158600655,0.00037718729708266247
2021-03-24,2021-01-01,0.03651338431929864,0.03798330509309055
2021-03-25,2021-01-01,0.021380066254094162,0.02291227543216876
2021-03-26,2021-01-01,0.06075353760181461,0.06374402954457406
2021-03-27,2021-01-01,0.007796474108244847,0.014000261055429702
2021-03-28,2021-01-01,0.0028389065420254497,0.0022069483549418886
2021-03-29,2021-01-01,0.027055617357667573,0.029473035855955343
2021-03-30,2021-01-01,0.02045891321044172,0.01847707657671284
2021-03-31,2021-01-01,0.0026599327989290837,0.002034020166427188
2021-04-01,2021-01-01,0.0021496290265112985,0.00032037299565090566
2021-04-02,2021-01-01,0.0020376205736698815,0.0025257020340471864
2021-04-03,2021-01-01,0.02654367613518673,0.03211157228063984
2021-04-04,2021-01-01,0.018559918941814583,0.017201253693996676
2021-04-05,2021-01-01,0.0002908483726616366,0.002932022279359953
2021-04-06,2021-01-01,0.016931718313189924,0.016767561429640147
2021-04-07,2021-01-01,0.03705596404591188,0.03941538250256109
2021-04-08,2021-01-01,0.03907542508261111,0.037678619012406024
2021-04-09,2021-01-01,0.00023905312859159606,0.0028645632124266627
2021-04-10,2021-01-01,0.027455082449917453,0.02428536026383872
2021-04-11,2021-01-01,0.008186049552409924,0.004869853397686367
2021-04-12,2021-01-01,0.011122445412654579,0.007338517261720787
2021-04-13,2021-01-01,0.058666431906096536,0.057936427292327425
2021-04-14,2021-01-01,0.01398414784673937,0.007897570824114993
2021-04-15,2021-01-01,0.0027254421728951476,0.000803302323832467
2021-04-16,2021-01-01,0.03257413791165804,0.030139240193073347
2021-04-17,2021-01-01,0.013911732853590621,0.017036945629461845
2021-04-18,2021-01-01,0.07759301606696968,0.07625699806301603
2021-04-19,2021-01-01,0.01385567684220567,0.012383048833154702
2021-04-20,2021-01-01,0.012844211302994114,0.01112808578539607
2021-04-21,2021-01-01,0.04634124364516221,0.04725062538256051
2021-04-22,2021-01-01,0.039917007006736845,0.04256466300901845
2021-04-23,2021-01-01,0.017378962678186713,0.015943406250751732
2021-04-24,2021-01-01,0.018163669832584977,0.02245788052394733
2021-04-25,2021-01-01,0.025518128257800476,0.02355751560369086
2021-04-26,2021-01-01,0.10101356412708695,0.09974937875424184
2021-04-27,2021-01-01,0.018951629707034786,0.018288576087932756
2021-04-28,2021-01-01,0.0037420648719584393,0.005507851090241409
2021-04-29,2021-01-01,0.02634970158292241,0.025925509619586753
2021-04-30,2021-01-01,0.0705595902948852,0.07551399289260634
2021-05-01,2021-01-01,0.0009364621825524821,0.00027391016363530977
2021-05-02,2021-01-01,0.027465154191825984,0.023364000176623708
2021-05-03,2021-01-01,0.010235435221074216,0.0072068855261552545
2021-05-04,2021-01-01,0.0654723330067404,0.06959652993950534
2021-05-05,2021-01-01,0.08082986980048551,0.07362339254453173
2021-05-06,2021-01-01,0.02325074930431621,0.01954135412619483
2021-05-07,2021-01-01,0.01849930421286241,0.014794538510475349
2021-05-08,2021-01-01,0.026535730150789718,0.023039987485056288
2021-05-09,2021-01-01,0.00852729139969225,0.011427505938466465
2021-05-10,2021-01-01,0.04308445974952107,0.043155874657145
2021-05-11,2021-01-01,0.008070487506945168,0.011596528508469726
2021-05-12,2021-01-01,0.12968691973861693,0.13504038348391073
2021-05-13,2021-01-01,0.0026141916068849747,0.007031576999220619
2021-05-14,2021-01-01,0.0030207773569579416,0.0011825692544584565
2021-05-15,2021-01-01,0.07092648067986226,0.06436357144201593
2021-05-16,2021-01-01,0.011587355587495008,0.009704551393496907
2021-05-17,2021-01-01,0.06804403049043257,0.06532806548251635
2021-05-18,2021-01-01,0.011095785020000625,0.01695090015421335
2021-05-19,2021-01-01,0.1439117130242511,0.14051591016438778
2021-05-20,2021-01-01,0.0967969438185943,0.09793217883545306
2021-05-21,2021-01-01,0.08128860350381961,0.0857507239878929
2021-05-22,2021-01-01,0.006596482511951088,0.003264851787126552
2021-05-23,2021-01-01,0.07363808780242512,0.07606037390618903
2021-05-24,2021-01-01,0.1086673298101648,0.11000258732599502
2021-05-25,2021-01-01,0.0034953491257908916,0.007893186107692955
2021-05-26,2021-01-01,0.01478678372838024,0.020425471209872266
2021-05-27,2021-01-01,0.01921701710384638,0.02365166154216694
2021-05-28,2021-01-01,0.0752264154996098,0.07406246950816352
2021-05-29,2021-01-01,0.015045649574382959,0.03320306968763043
2021-05-30,2021-01-01,0.019153633593600505,0.027107735517439998
2021-05-31,2021-01-01,0.05309745891122645,0.04515669100639033
2021-06-01,2021-01-01,0.015522515848152417,0.0188708363108683
2021-06-02,2021-01-01,0.026037536008035756,0.022007992787713055
2021-06-03,2021-01-01,0.044567541017790174,0.04153321747061091
2021-06-04,2021-01-01,0.06143719775584483,0.0605741285180786
2021-06-05,2021-01-01,0.03738392753425605,0.04000005221214781
2021-06-06,2021-01-01,0.004117582148092052,0.00547904043411034
2021-06-07,2021-01-01,0.05600659215229576,0.06582728804117223
2021-06-08,2021-01-01,0.005981246351891881,0.00587132126325967
2021-06-09,2021-01-01,0.10990452226843252,0.113163488372791
2021-06-10,2021-01-01,0.018234328839965973,0.017182656701029128
2021-06-11,2021-01-01,0.014565358738742219,0.014755406444863537
2021-06-12,2021-01-01,0.05431566875068078,0.050314649383097446
2021-06-13,2021-01-01,0.09018167171845143,0.09680627030464747
2021-06-14,2021-01-01,0.032563013253171416,0.027767700741478676
2021-06-15,2021-01-01,0.00014905483047800584,0.0025590783300111003
2021-06-16,2021-01-01,0.04811671671368738,0.053367958586769806
2021-06-17,2021-01-01,0.01010874116421023,0.010806095471681357
2021-06-18,2021-01-01,0.056296015388786,0.061727427888607925
2021-06-19,2021-01-01,0.02561498753562188,0.008678392146634812
2021-06-20,2021-01-01,0.002959537642761395,6.392827314003315e-05
2021-06-21,2021-01-01,0.11299423732055017,0.11461544925084208
2021-06-22,2021-01-01,0.03380148559024286,0.022573502974992075
2021-06-23,2021-01-01,0.03484327351334073,0.03540943797097955
2021-06-24,2021-01-01,0.033932691299899446,0.026801397094387374
2021-06-25,2021-01-01,0.09288188606910215,0.08940933810220912
2021-06-26,2021-01-01,0.011173169124013671,0.013575793510597131
2021-06-27,2021-01-01,0.07751370239939365,0.07480880661270878
2021-06-28,2021-01-01,0.014056623070490954,0.007290628860270898
2021-06-29,2021-01-01,0.03625971065926745,0.03893096534743944
2021-06-30,2021-01-01,0.028532370311666062,0.02513037371027567
2021-07-01,2021-07-01,0.0339106095522563,0.04494589923437128
2021-07-02,2021-07-01,0.003332516438635513,0.006321424624711047
2021-07-03,2021-07-01,0.01354508266197876,0.02022679874781896
2021-07-04,2021-07-01,0.017439329489082018,0.015537040056923588
2021-07-05,2021-07-01,0.038552248986722916,0.04612608440012363
2021-07-06,2021-07-01,0.017414243501471468,0.011133514790121014
2021-07-07,2021-07-01,0.012388331360810374,0.013568888159950884
2021-07-08,2021-07-01,0.025277513100737847,0.031725527246114334
2021-07-09,2021-07-01,0.017594764018852183,0.02486110037005067
2021-07-10,2021-07-01,0.008262945343647052,0.010465721276178107
2021-07-11,2021-07-01,0.020628176237143744,0.01867193440475647
2021-07-12,2021-07-01,0.03469205632923083,0.03405517048529476
2021-07-13,2021-07-01,0.017095212126328658,0.016854661783449854
2021-07-14,2021-07-01,0.0009428340138139426,0.0007734472888103754
2021-07-15,2021-07-01,0.033057993700734145,0.03435243550918226
2021-07-16,2021-07-01,0.020308761365922124,0.014466396014045025
2021-07-17,2021-07-01,0.00010765349856678994,0.000689187829821553
2021-07-18,2021-07-01,0.011334066742280567,0.0057538439519609404
2021-07-19,2021-07-01,0.03428796292718385,0.03334822481125788
2021-07-20,2021-07-01,0.034626133442472395,0.03594949431211821
2021-07-21,2021-07-01,0.07532634284495411,0.07409117309484804
2021-07-22,2021-07-01,0.007250381532234597,0.004805161934935447
2021-07-23,2021-07-01,0.03489199093720535,0.036661480846094184
2021-07-24,2021-07-01,0.016407985110960314,0.019020194449351244
2021-07-25,2021-07-01,0.03443108040667494,0.02846710822625531
2021-07-26,2021-07-01,0.055380222781778524,0.05396211765074102
2021-07-27,2021-07-01,0.05204231482899431,0.05355019532722574
2021-07-28,2021-07-01,0.011429417257813036,0.013058665699996861
2021-07-29,2021-07-01,0.00442016785945727,0.002205319734480034
2021-07-30,2021-07-01,0.05536812593440467,0.05293925995722482
2021-07-31,2021-07-01,0.018248855484459342,0.016295707012353566
2021-08-01,2021-07-01,0.040293607731215535,0.04260028488699827
2021-08-02,2021-07-01,0.02518992120241252,0.022666173573131623
2021-08-03,2021-07-01,0.02765177704206071,0.029724907979352785
2021-08-04,2021-07-01,0.03976308183319377,0.03872273020272191
2021-08-05,2021-07-01,0.021987886405536106,0.02617954793648011
2021-08-06,2021-07-01,0.04536008350650406,0.04538600574764
2021-08-07,2021-07-01,0.03840565106872654,0.03862327935005568
2021-08-08,2021-07-01,0.018293204152754414,0.01910815085710605
2021-08-09,2021-07-01,0.04743231921388485,0.05562704499767813
2021-08-10,2021-07-01,0.027380271066718948,0.018668729965709337
2021-08-11,2021-07-01,0.00393749632739695,0.0027638790521596762
2021-08-12,2021-07-01,0.03304237178258254,0.02828992157342802
2021-08-13,2021-07-01,0.07223881245471099,0.07267144072879889
2021-08-14,2021-07-01,0.01801264108799241,0.016113618912077868
2021-08-15,2021-07-01,0.0064192295147536774,0.003978552766454304
2021-08-16,2021-07-01,0.027105518618570166,0.02490905274523584
2021-08-17,2021-07-01,0.0322038371492167,0.03147376328945202
2021-08-18,2021-07-01,0.0020556419592403325,0.0007502167224904032
2021-08-19,2021-07-01,0.03815940412044541,0.04012745789954621
2021-08-20,2021-07-01,0.06147112615805532,0.05409190600228175
2021-08-21,2021-07-01,0.01014049923675378,0.010643119844379757
2021-08-22,2021-07-01,0.00773773819994399,0.005651753503036356
2021-08-23,2021-07-01,0.005469526946477593,0.00195497077924382
2021-08-24,2021-07-01,0.045185317419865145,0.039761785778443755
2021-08-25,2021-07-01,0.01862386622923884,0.02303061019018427
2021-08-26,2021-07-01,0.046815012601925096,0.043523976448739676
2021-08-27,2021-07-01,0.04864682768479981,0.04179269873455384
2021-08-28,2021-07-01,0.0019358104643100974,0.005205518175976245
2021-08-29,2021-07-01,0.003022031974737968,0.004205657993954353
2021-08-30,2021-07-01,0.041795793252332986,0.039088304137895866
2021-08-31,2021-07-01,0.002895539656004091,0.0008674598152223541
2021-09-01,2021-07-01,0.03198642477858892,0.032979946759649825
2021-09-02,2021-07-01,0.005125797987012797,0.007701805744532671
2021-09-03,2021-07-01,0.01834797344448641,0.011593532519086245
2021-09-04,2021-07-01,0.0037662056963573545,0.00411562459159539
2021-09-05,2021-07-01,0.03920566532765313,0.03349557500604571
2021-09-06,2021-07-01,0.008691368440630714,0.014847434982486238
2021-09-07,2021-07-01,0.11631602728929932,0.11306879282382862
2021-09-08,2021-07-01,0.025886152548920426,0.01976702539618464
2021-09-09,2021-07-01,0.005151777670266175,0.0035956501770925816
2021-09-10,2021-07-01,0.029011363967033278,0.03501755572364194
2021-09-11,2021-07-01,0.0042855777683392104,0.0038936562470304934
2021-09-12,2021-07-01,0.02080672602335489,0.01648865702974723
2021-09-13,2021-07-01,0.022086289750493544,0.026254106597095633
2021-09-14,2021-07-01,0.04185101006291653,0.04429580164880351
2021-09-15,2021-07-01,0.016106943181446814,0.02103015429158745
2021-09-16,2021-07-01,0.012990585084653596,0.010494361229610557
2021-09-17,2021-07-01,0.007544137721041962,0.013647024286355773
2021-09-18,2021-07-01,0.02009702200522931,0.018516496186224533
2021-09-19,2021-07-01,0.022419478867688636,0.023450655608638297
2021-09-20,2021-07-01,0.10032658082280274,0.09646512137302453
2021-09-21,2021-07-01,0.05521766406177447,0.054299856392957986
2021-09-22,2021-07-01,0.06643848202160192,0.06737657400933941
2021-09-23,2021-07-01,0.0321117720129379,0.028753616100363078
2021-09-24,2021-07-01,0.046633043308644,0.04800036608971341
2021-09-25,2021-07-01,0.0027934053162712207,0.006301270478543329
2021-09-26,2021-07-01,0.017229771148954333,0.008784958798909748
2021-09-27,2021-07-01,0.020638282642395464,0.025004195696968413
2021-09-28,2021-07-01,0.04111301318843241,0.0314876488277241
2021-09-29,2021-07-01,0.008221143176484936,0.00978659692440033
2021-09-30,2021-07-01,0.05759163669571978,0.05109963444547114
2021-10-01,2021-07-01,0.09755036224564585,0.09692121627337875
2021-10-02,2021-07-01,0.013075533680076343,0.009646533513598912
2021-10-03,2021-07-01,0.00537710442231976,0.007368336982885028
2021-10-04,2021-07-01,0.01790741551354048,0.016345178249158012
2021-10-05,2021-07-01,0.047094670807293466,0.04649708275023161
2021-10-06,2021-07-01,0.0683936495481424,0.07269365759867141
2021-10-07,2021-07-01,0.02840168920336076,0.029692273201043957
2021-10-08,2021-07-01,0.007738891237397022,0.00014902201007457741
2021-10-09,2021-07-01,0.01893616176939261,0.015846743895532926
2021-10-10,2021-07-01,0.006304895514635655,0.005977496120759953
2021-10-11,2021-07-01,0.03616032852047297,0.04677265092578946
2021-10-12,2021-07-01,0.03266803749411693,0.027075778354140313
2021-10-13,2021-07-01,0.02704401009043285,0.021195730675389046
2021-10-14,2021-07-01,0.0021122915257471855,0.003739777862729021
2021-10-15,2021-07-01,0.07066036468837432,0.07182963960122885
2021-10-16,2021-07-01,0.015200943738348429,0.012978558864524588
2021-10-17,2021-07-01,0.007749020321310442,0.00797949515217617
2021-10-18,2021-07-01,0.0010089335122300466,0.005105785566857339
2021-10-19,2021-07-01,0.02416250018164455,0.033472607856793644
2021-10-20,2021-07-01,0.019776524767804414,0.024774597548486304
2021-10-21,2021-07-01,0.06352798303409193,0.05962672240983344
2021-10-22,2021-07-01,0.023610841827241946,0.027982232864318644
2021-10-23,2021-07-01,0.0036496077094702577,0.008486946108827057
2021-10-24,2021-07-01,0.007418806878419758,0.010016735381280815
2021-10-25,2021-07-01,0.024750818288198695,0.03181201151126332
2021-10-26,2021-07-01,0.044820743311681045,0.04462349968445458
2021-10-27,2021-07-01,0.03021236400457871,0.0344938142309711
2021-10-28,2021-07-01,0.032401755900843765,0.0334119013413358
2021-10-29,2021-07-01,0.025265064591446278,0.02437959433951169
2021-10-30,2021-07-01,0.010300740663401593,0.007732078394838549
2021-10-31,2021-07-01,0.013275669534691245,0.012012627228976464
2021-11-01,2021-07-01,0.00594305031290184,0.007968014771794664
2021-11-02,2021-07-01,0.033099449932200105,0.03365907173426221
2021-11-03,2021-07-01,0.00792109506334233,0.006197292529084255
2021-11-04,2021-07-01,0.029688882579476064,0.02686481460142127
2021-11-05,2021-07-01,0.005954551021832977,0.008389929646119657
2021-11-06,2021-07-01,0.005244422496813951,0.0038105428420009673
2021-11-07,2021-07-01,0.02830781173191938,0.0266681879151919
2021-11-08,2021-07-01,0.06250485616025206,0.06469773774604959
2021-11-09,2021-07-01,0.005643425567894063,0.010493709760880389
2021-11-10,2021-07-01,0.02880280543106223,0.032367348451302236
2021-11-11,2021-07-01,0.00529333576129333,0.0038756272209725076
2021-11-12,2021-07-01,0.016788404417635155,0.01492045308371754
2021-11-13,2021-07-01,0.001590646292470881,0.002021523833625016
2021-11-14,2021-07-01,0.010714905997503814,0.012847179853964571
2021-11-15,2021-07-01,0.02652527261558683,0.031605420295216215
2021-11-16,2021-07-01,0.055518403145535855,0.05657631675819423
2021-11-17,2021-07-01,0.0011470439221880988,6.721524360133596e-05
2021-11-18,2021-07-01,0.06154306758879106,0.05936185108450286
2021-11-19,2021-07-01,0.014832473589203355,0.017158540928138042
2021-11-20,2021-07-01,0.025872077391483127,0.024773685675976344
2021-11-21,2021-07-01,0.014632643341652306,0.018436818015560973
2021-11-22,2021-07-01,0.04224721077816697,0.04451567357063118
2021-11-23,2021-07-01,0.01969224005678183,0.01940224913932888
2021-11-24,2021-07-01,0.026374829449069288,0.02471008420755421
2021-11-25,2021-07-01,0.01006407733068497,0.014650458815303321
2021-11-26,2021-07-01,0.06652814137411102,0.06712360787501587
2021-11-27,2021-07-01,0.019458273602429823,0.0195923614605914
2021-11-28,2021-07-01,0.046188365863261,0.04205783343113217
2021-11-29,2021-07-01,0.010838295708604083,0.0077603409221111905
2021-11-30,2021-07-01,0.014662091689641223,0.016426178948277238
2021-12-01,2021-07-01,0.001469751025786456,0.0010054590923543657
2021-12-02,2021-07-01,0.010658816176396232,0.015768289807691294
2021-12-03,2021-07-01,0.057137569936847044,0.053877295614151076
2021-12-04,2021-07-01,0.085714103303403,0.08551461423034909
2021-12-05,2021-07-01,0.0035481485858915936,0.0004958056973318023
2021-12-06,2021-07-01,0.03000382695163533,0.021997381758462324
2021-12-07,2021-07-01,0.0025887283761794676,5.23650773377321e-05
2021-12-08,2021-07-01,0.008167606006299856,0.006512203481891507
2021-12-09,2021-07-01,0.06096876787761019,0.05884342515856771
2021-12-10,2021-07-01,0.009849360795140528,0.01252727408043792
2021-12-11,2021-07-01,0.042082012205880606,0.04203678763427367
2021-12-12,2021-07-01,0.012141689972092489,0.01292463563334494
2021-12-13,2021-07-01,0.06625644231852205,0.06955487571795364
2021-12-14,2021-07-01,0.0021384287827438207,0.006402838009971756
2021-12-15,2021-07-01,0.04746254795266841,0.046280468694974417
2021-12-16,2021-07-01,0.028899212121862736,0.02709483401852388
2021-12-17,2021-07-01,0.041552059463964924,0.033787841940048795
2021-12-18,2021-07-01,0.012009687764888664,0.010816534994869674
2021-12-19,2021-07-01,0.0031925685609369963,0.005474230849347641
2021-12-20,2021-07-01,0.0039036085877659434,0.0009839326254899596
2021-12-21,2021-07-01,0.04127797755733284,0.04121294143773449
2021-12-22,2021-07-01,0.0030154190765951565,0.008318775909639123
2021-12-23,2021-07-01,0.04770713708164387,0.04154188755224856
2021-12-24,2021-07-01,0.002603649213695529,0.0013097345527028873
2021-12-25,2021-07-01,0.01848841002334473,0.010406804757029582
2021-12-26,2021-07-01,0.004707260137340236,0.004687980652393741
2021-12-27,2021-07-01,0.0038366023996690016,0.0059100320140728895
2021-12-28,2021-07-01,0.06044166138330802,0.06299929163872159
2021-12-29,2021-07-01,0.027897071875149726,0.027654748344791542
2021-12-30,2021-07-01,0.014702818723209098,0.012751797200892232
2021-12-31,2021-07-01,0.021954280585696654,0.020887278100959254
2022-01-01,2022-01-01,0.02546908579142435,0.026682703801623867
2022-01-02,2022-01-01,0.00863827857565275,0.009140673809227381
2022-01-03,2022-01-01,0.020299790911906486,0.021603541238165783
2022-01-04,2022-01-01,0.014488125647720349,0.015192979805122997
2022-01-05,2022-01-01,0.05366080651131772,0.0536973255217713
2022-01-06,2022-01-01,0.013388959198958935,0.013242292100340752
2022-01-07,2022-01-01,0.04240800395237495,0.04002623860525181
2022-01-08,2022-01-01,0.0050643655050683686,0.000681510563503985
2022-01-09,2022-01-01,0.0016203486259968166,0.0016866701016742028
2022-01-10,2022-01-01,0.005186390865841678,0.0047409270391218245
2022-01-11,2022-01-01,0.01909061660394469,0.019129909594633055
2022-01-12,2022-01-01,0.024883292655645532,0.026218575413138538
2022-01-13,2022-01-01,0.027473486501892207,0.03291537380292205
2022-01-14,2022-01-01,0.008392163391752623,0.008501923204170621
2022-01-15,2022-01-01,0.0026179718578046587,0.0005922751085839085
2022-01-16,2022-01-01,0.001859146017044212,0.004118574181701633
2022-01-17,2022-01-01,0.019492878457838606,0.022747388058024072
2022-01-18,2022-01-01,0.002898532728546073,0.00019802445913580987
2022-01-19,2022-01-01,0.01661670507687548,0.017506333826391024
2022-01-20,2022-01-01,0.028669920159405282,0.0285242014134096
2022-01-21,2022-01-01,0.10766009585999106,0.1070930290493512
2022-01-22,2022-01-01,0.04157967348633255,0.0442653356561503
2022-01-23,2022-01-01,0.037807768034332064,0.032021054360525665
2022-01-24,2022-01-01,0.015230611823582468,0.008582559469091788
2022-01-25,2022-01-01,0.00822707114190308,0.005723119147322018
2022-01-26,2022-01-01,0.006239964400181605,0.0052574607821601164
2022-01-27,2022-01-01,0.008974941798114682,0.005007995813809715
2022-01-28,2022-01-01,0.010540066659765299,0.01489369197221595
2022-01-29,2022-01-01,0.0008985137875611154,0.007084708681736374
2022-01-30,2022-01-01,0.008393884268734868,0.008257665639071765
2022-01-31,2022-01-01,0.01650804156110887,0.012086119977393065
2022-02-01,2022-01-01,0.009549913822575206,0.0044263070278220545
2022-02-02,2022-01-01,0.04888502807341369,0.04874255715463859
2022-02-03,2022-01-01,0.0015981507942147682,0.0016761537025127508
2022-02-04,2022-01-01,0.11515090905102073,0.11443843035429928
2022-02-05,2022-01-01,0.000506316334593644,0.0013676836491366099
2022-02-06,2022-01-01,0.021608217482022064,0.020667630652056387
2022-02-07,2022-01-01,0.031979706138125896,0.031523602113088266
2022-02-08,2022-01-01,0.009650014082463156,0.004440882078026082
2022-02-09,2022-01-01,0.0037120683217557633,0.002441215901547718
2022-02-10,2022-01-01,0.023435856414028115,0.020024343134772717
2022-02-11,2022-01-01,0.033495686856027114,0.029662911652718397
2022-02-12,2022-01-01,0.007319518204044018,0.007160832896233746
2022-02-13,2022-01-01,0.004030866890925501,0.003877029489577368
2022-02-14,2022-01-01,0.0016579374884508127,0.0065186526992558665
2022-02-15,2022-01-01,0.04404351595097701,0.04421931250373967
2022-02-16,2022-01-01,0.011707825551245658,0.01534987901805652
2022-02-17,2022-01-01,0.08105732162893164,0.08091344604297195
2022-02-18,2022-01-01,0.019949793665246317,0.017027792524019193
2022-02-19,2022-01-01,0.0026759988735444106,0.0006708891208235196
2022-02-20,2022-01-01,0.044057790739662164,0.04476313732185097
2022-02-21,2022-01-01,0.03947090600270696,0.03896580443144511
2022-02-22,2022-01-01,0.032743040030168556,0.029155686117391305
2022-02-23,2022-01-01,0.02793693942504304,0.027742923499343056
2022-02-24,2022-01-01,0.018226262520763377,0.024471682746713443
2022-02-25,2022-01-01,0.019071377543442965,0.020975544254385498
2022-02-26,2022-01-01,0.0043907993974141605,0.004936029458106972
2022-02-27,2022-01-01,0.03138481948893733,0.03844604858172325
2022-02-28,2022-01-01,0.1430400207047813,0.14188309799457793
2022-03-01,2022-01-01,0.030822800455814536,0.02764375061608855
2022-03-02,2022-01-01,0.01202390510156303,0.011817766491305564
2022-03-03,2022-01-01,0.037911802177728375,0.03645684620335828
2022-03-04,2022-01-01,0.08489706871269329,0.08154535340573849
2022-03-05,2022-01-01,0.004593875019390741,0.002206882024245127
2022-03-06,2022-01-01,0.03374541989181965,0.027382164758283978
2022-03-07,2022-01-01,0.010080703644335854,0.012587008025664589
2022-03-08,2022-01-01,0.025036607572060547,0.014844588707591203
2022-03-09,2022-01-01,0.09354785903044356,0.08152355347855597
2022-03-10,2022-01-01,0.06276143399223753,0.06134934003133891
2022-03-11,2022-01-01,0.029725093209209255,0.020443428030201525
2022-03-12,2022-01-01,0.00020277291283829144,0.0002409343532685901
2022-03-13,2022-01-01,0.030821292933541397,0.02971152526609349
2022-03-14,2022-01-01,0.044651304253729006,0.04468278749616528
2022-03-15,2022-01-01,0.01130329123060628,0.009812505264796368
2022-03-16,2022-01-01,0.0490969222262331,0.04298764866874963
2022-03-17,2022-01-01,0.00805092945805462,0.0062850118581363554
2022-03-18,2022-01-01,0.01350984379978926,0.01793470647848749
2022-03-19,2022-01-01,0.0012826814488309263,0.007118768860266815
2022-03-20,2022-01-01,0.03229974915344934,0.024823089220713895
2022-03-21,2022-01-01,0.0022549412746222216,0.007336164224182622
2022-03-22,2022-01-01,0.02928007422975148,0.02840437160465175
2022-03-23,2022-01-01,0.02138765050812602,0.010661342013391858
2022-03-24,2022-01-01,0.02161314879572174,0.022496336179145975
2022-03-25,2022-01-01,0.0057125924630296145,0.0067138956784748086
2022-03-26,2022-01-01,0.003962984548156734,0.000939137836290399
2022-03-27,2022-01-01,0.04441326734594064,0.04951462804701852
2022-03-28,2022-01-01,0.000742397445207126,0.005107077427411762
2022-03-29,2022-01-01,0.00592368054930399,0.0046118956740424585
2022-03-30,2022-01-01,0.0020372399906444013,0.01101633317884855
2022-03-31,2022-01-01,0.035510651743486846,0.03527308316397548
2022-04-01,2022-01-01,0.012424852116519508,0.012867909439701498
2022-04-02,2022-01-01,0.018747578264478572,0.011205581233632281
2022-04-03,2022-01-01,0.00783769741713676,0.009843919292950691
2022-04-04,2022-01-01,0.0004239762593250592,0.0012567554795038403
2022-04-05,2022-01-01,0.026138882653645657,0.025484879239989593
2022-04-06,2022-01-01,0.051255578009734744,0.054796849780357704
2022-04-07,2022-01-01,0.001923893317597486,0.0029832684177019207
2022-04-08,2022-01-01,0.029316064344137038,0.030457428528730193
2022-04-09,2022-01-01,0.008345305401309434,0.008348276341112511
2022-04-10,2022-01-01,0.014920490786205425,0.015827282620329765
2022-04-11,2022-01-01,0.06839895134648641,0.06663835619805177
2022-04-12,2022-01-01,0.013344543059273361,0.01113371394758171
2022-04-13,2022-01-01,0.019960726053629654,0.023607761321313387
2022-04-14,2022-01-01,0.030246018292976184,0.031985936395183864
2022-04-15,2022-01-01,0.011077992856346492,0.012070522305790286
2022-04-16,2022-01-01,0.002041729490194114,0.005492016725034986
2022-04-17,2022-01-01,0.014699655845687653,0.02026868657774718
2022-04-18,2022-01-01,0.022869763001617263,0.024830109968051923
2022-04-19,2022-01-01,0.0150990975843573,0.014549783331839719
2022-04-20,2022-01-01,0.003159157692256011,0.005399648711551904
2022-04-21,2022-01-01,0.021705763593218862,0.023240590581188963
2022-04-22,2022-01-01,0.021870462096202154,0.02258951507166511
2022-04-23,2022-01-01,0.010653603572806165,0.009517116417849357
2022-04-24,2022-01-01,0.0014553451814186952,0.0032694421887574394
2022-04-25,2022-01-01,0.027139316891828136,0.022364749043682165
2022-04-26,2022-01-01,0.05660888027828219,0.05995368425174206
2022-04-27,2022-01-01,0.02704730030228055,0.02541813140349697
2022-04-28,2022-01-01,0.013311732124059257,0.011605560985536403
2022-04-29,2022-01-01,0.03526649170260283,0.031640898201840524
2022-04-30,2022-01-01,0.025595060979375518,0.026563248348677144
2022-05-01,2022-01-01,0.018193373814937998,0.01677569320457869
2022-05-02,2022-01-01,0.002543859118390205,0.000637888449427922
2022-05-03,2022-01-01,0.024374462112822706,0.02287171684228918
2022-05-04,2022-01-01,0.04840180552214313,0.048434658483232446
2022-05-05,2022-01-01,0.08196611764519164,0.08013644297198579
2022-05-06,2022-01-01,0.015403146614064337,0.019167219514131507
2022-05-07,2022-01-01,0.01998198421989339,0.017956267993672635
2022-05-08,2022-01-01,0.044948718557403254,0.043664890532230376
2022-05-09,2022-01-01,0.11100620253016001,0.11410031139034581
2022-05-10,2022-01-01,0.019636478714120144,0.018688978196962407
2022-05-11,2022-01-01,0.06097372101327798,0.06933095698790637
2022-05-12,2022-01-01,0.00011963227882890674,0.0004240361034684422
2022-05-13,2022-01-01,0.00818253428923937,0.0055335678081780675
2022-05-14,2022-01-01,0.023966003340441647,0.025447144256619297
2022-05-15,2022-01-01,0.04319172554556896,0.03796226318692754
2022-05-16,2022-01-01,0.04736866820844037,0.04782567144579541
2022-05-17,2022-01-01,0.014561391066000951,0.015059633317389704
2022-05-18,2022-01-01,0.05729502294364001,0.058283686147250324
2022-05-19,2022-01-01,0.05629326312379477,0.05148996676379519
2022-05-20,2022-01-01,0.03797606296799191,0.0380913703537452
2022-05-21,2022-01-01,0.0012551733602225341,0.00435534972264482
2022-05-22,2022-01-01,0.035424763218761576,0.027801845334792394
2022-05-23,2022-01-01,0.04272364149373454,0.04236542548663895
2022-05-24,2022-01-01,0.017726300940263267,0.015478902765552345
2022-05-25,2022-01-01,0.006835047947397085,0.0053652023351534826
2022-05-26,2022-01-01,0.004282683723126662,0.01274967905848965
2022-05-27,2022-01-01,0.022534465416540677,0.024777497047619165
2022-05-28,2022-01-01,0.00702773209517478,0.0033457372762964533
2022-05-29,2022-01-01,0.022805128414670323,0.01937773173542047
2022-05-30,2022-01-01,0.07067845269522131,0.07527281115962871
2022-05-31,2022-01-01,0.00373401680681429,0.001206764833333415
2022-06-01,2022-01-01,0.07382344298882723,0.06536716459209732
2022-06-02,2022-01-01,0.021430985623987174,0.018259451158121873
2022-06-03,2022-01-01,0.03347854065435687,0.027179293578618504
2022-06-04,2022-01-01,0.0046889748543019315,0.0010444312167213355
2022-06-05,2022-01-01,0.0002840598420202384,0.00010378298330248259
2022-06-06,2022-01-01,0.05084953171583597,0.04632397074228592
2022-06-07,2022-01-01,0.003384249431033303,0.00839367948554733
2022-06-08,2022-01-01,0.04041086609672477,0.03307662169751761
2022-06-09,2022-01-01,0.008867346786790494,0.006787108721660242
2022-06-10,2022-01-01,0.04347126611655696,0.0368997546988685
2022-06-11,2022-01-01,0.02213299688778463,0.028347081947032435
2022-06-12,2022-01-01,0.058961278594449176,0.059609281221267046
2022-06-13,2022-01-01,0.15976215434620658,0.1637492683714571
2022-06-14,2022-01-01,0.015493233561523555,0.018904028899042778
2022-06-15,2022-01-01,0.01550801907660807,0.013573600954922044
2022-06-16,2022-01-01,0.10025909148906711,0.09935298920548764
2022-06-17,2022-01-01,0.0021751691987936016,0.0005715791073354131
2022-06-18,2022-01-01,0.0697030892637036,0.07356083759125703
2022-06-19,2022-01-01,0.08156643936247149,0.0763925833494666
2022-06-20,2022-01-01,0.005406298715769297,0.0014973347813080436
2022-06-21,2022-01-01,0.0026110694698043536,0.0027289501777695703
2022-06-22,2022-01-01,0.032395340891240625,0.03750255947205729
2022-06-23,2022-01-01,0.05646243771141371,0.05146465342152235
2022-06-24,2022-01-01,0.006367185417442781,0.005536812796513654
2022-06-25,2022-01-01,6.157524460566159e-05,0.010204079956843574
2022-06-26,2022-01-01,0.023016275757424924,0.024485488642650776
2022-06-27,2022-01-01,0.0089811558950622,0.0170918142600675
2022-06-28,2022-01-01,0.014975035878749066,0.02494115969037234
2022-06-29,2022-01-01,0.014038635797917559,0.011905284886929055
2022-06-30,2022-01-01,0.014601657715698463,0.018764031088060247
2022-07-01,2022-07-01,0.02393027928574756,0.027789525298609057
2022-07-02,2022-07-01,0.002163479939832203,0.003209603066688983
2022-07-03,2022-07-01,0.0037789806007282566,0.0011897300958516569
2022-07-04,2022-07-01,0.04078343249800577,0.04678179914747372
2022-07-05,2022-07-01,0.00027340079430156726,0.0033921961300966423
2022-07-06,2022-07-01,0.014099526356185612,0.01609070800089987
2022-07-07,2022-07-01,0.049468720097805854,0.05147328577528996
2022-07-08,2022-07-01,0.002160460662796574,0.002993966148304698
2022-07-09,2022-07-01,0.012795336011671337,0.008000800488475943
2022-07-10,2022-07-01,0.03654024833328284,0.03557187820372357
2022-07-11,2022-07-01,0.04636837215639272,0.04450674330054337
2022-07-12,2022-07-01,0.037068365157032324,0.0342846034686226
2022-07-13,2022-07-01,0.04016908028518815,0.044115712871282374
2022-07-14,2022-07-01,0.02019988582975671,0.01632403185486623
2022-07-15,2022-07-01,0.01125690408616065,0.0114203233356147
2022-07-16,2022-07-01,0.019249268716440653,0.015424491642582248
2022-07-17,2022-07-01,0.02508703253559052,0.02093675023057065
2022-07-18,2022-07-01,0.08161873027023338,0.08036087199976977
2022-07-19,2022-07-01,0.03502002883167625,0.03902807363043265
2022-07-20,2022-07-01,0.00753684779915847,0.008133215575918822
2022-07-21,2022-07-01,0.007442740406369636,0.004564487578856573
2022-07-22,2022-07-01,0.020756920076734776,0.021075188648404356
2022-07-23,2022-07-01,0.017099204620478113,0.012745048936586833
2022-07-24,2022-07-01,0.0038972119395483604,0.0046814468848571196
2022-07-25,2022-07-01,0.05663170571988189,0.05678509490839013
2022-07-26,2022-07-01,0.008321329470441962,0.007678898023814185
2022-07-27,2022-07-01,0.08028782549203206,0.07791463025233435
2022-07-28,2022-07-01,0.040677752342469904,0.038654223256459806
2022-07-29,2022-07-01,0.002000993102554741,0.003039162176676894
2022-07-30,2022-07-01,0.009072756275863358,0.007881250803171742
2022-07-31,2022-07-01,0.01542186470743853,0.015180777008998829
2022-08-01,2022-07-01,0.008518144716002748,0.002699403680475301
2022-08-02,2022-07-01,0.025453717802109876,0.01606935696184473
2022-08-03,2022-07-01,0.009075588281746608,0.007458467886866088
2022-08-04,2022-07-01,0.009429759936786405,0.011116911792741432
2022-08-05,2022-07-01,0.030985664893973433,0.027388538543384976
2022-08-06,2022-07-01,0.018571441442655635,0.015560532407040771
2022-08-07,2022-07-01,0.0014494096405025022,0.007624064411052069
2022-08-08,2022-07-01,0.027107832729084205,0.025745792417012577
2022-08-09,2022-07-01,0.02822532603192688,0.02857919060229397
2022-08-10,2022-07-01,0.03167723794560654,0.03201627831503766
2022-08-11,2022-07-01,0.0006994344016773974,0.0010381252254216824
2022-08-12,2022-07-01,0.018899281679466442,0.016950348329733606
2022-08-13,2022-07-01,0.003733771932793929,0.0006641612636319184
2022-08-14,2022-07-01,0.009034942731954059,0.0059247227927237715
2022-08-15,2022-07-01,0.014970683673799435,0.00916903163700561
2022-08-16,2022-07-01,0.01573084897558954,0.012200827703503192
2022-08-17,2022-07-01,0.02330997264662868,0.024624447659887187
2022-08-18,2022-07-01,0.00720187967293103,0.00706506092124826
2022-08-19,2022-07-01,0.09824551981470994,0.1022807597177472
2022-08-20,2022-07-01,0.010895455731778803,0.011577653366001462
2022-08-21,2022-07-01,0.01653190271791125,0.01580453776531729
2022-08-22,2022-07-01,0.008941662355588107,0.007819432042598416
2022-08-23,2022-07-01,0.0019254704236564852,0.0043586735290366985
2022-08-24,2022-07-01,0.009729738504328447,0.007792087372872625
2022-08-25,2022-07-01,0.010371755753854937,0.007942190164558882
2022-08-26,2022-07-01,0.0643809351815885,0.0636651103513593
2022-08-27,2022-07-01,0.017799208143604184,0.012784467220446006
2022-08-28,2022-07-01,0.022693407272153847,0.022923917087087888
2022-08-29,2022-07-01,0.03664557712415003,0.032950724415738444
2022-08-30,2022-07-01,0.02573626248474188,0.026135569373318526
2022-08-31,2022-07-01,0.009102010632809122,0.01099339874544498
2022-09-01,2022-07-01,0.00394021752733654,0.0022846593437249535
2022-09-02,2022-07-01,0.008615161956274526,0.009439072276571564
2022-09-03,2022-07-01,0.008628686714309039,0.008585148209720471
2022-09-04,2022-07-01,0.0027626132910243267,0.006108869949280414
2022-09-05,2022-07-01,0.002743845700222578,0.010323701730739147
2022-09-06,2022-07-01,0.049802197054924995,0.050892020436270106
2022-09-07,2022-07-01,0.02132833922230328,0.022091337060477258
2022-09-08,2022-07-01,0.0021772986254428887,0.0005344251148655956
2022-09-09,2022-07-01,0.10105683849567886,0.1044933124761385
2022-09-10,2022-07-01,0.013668497626921452,0.012985381730611915
2022-09-11,2022-07-01,5.877354367593828e-05,0.0025515177681128907
2022-09-12,2022-07-01,0.028876717333216232,0.025999186890289374
2022-09-13,2022-07-01,0.09653135746757376,0.09418193289293113
2022-09-14,2022-07-01,0.005710326303102543,0.004927985687905066
2022-09-15,2022-07-01,0.03172355587882933,0.02835325387280441
2022-09-16,2022-07-01,0.005246635799920005,0.0018182073828791325
2022-09-17,2022-07-01,0.014171116840124716,0.016324808414241238
2022-09-18,2022-07-01,0.038832385946373824,0.036717756558122636
2022-09-19,2022-07-01,0.005741845966789765,0.004568016498066312
2022-09-20,2022-07-01,0.040103617169821804,0.03504365659101807
2022-09-21,2022-07-01,0.019349150470781777,0.02001966258190258
2022-09-22,2022-07-01,0.04158681842062382,0.04493970709818556
2022-09-23,2022-07-01,0.0017769795723199542,0.0073440620777310605
2022-09-24,2022-07-01,0.020519889657264114,0.020358431278452476
2022-09-25,2022-07-01,0.008508076935673068,0.0088809866084979
2022-09-26,2022-07-01,0.01692702469129831,0.020676690969568846
2022-09-27,2022-07-01,0.011306361049396793,0.007347702351746841
2022-09-28,2022-07-01,0.009382111054976175,0.014869352426557852
2022-09-29,2022-07-01,0.001555990545251706,0.0059838628295829106
2022-09-30,2022-07-01,0.0007094284700146485,0.008814728469189806
2022-10-01,2022-07-01,0.006712259502358326,0.007845984830303966
2022-10-02,2022-07-01,0.013720704953071873,0.01556007636814951
2022-10-03,2022-07-01,0.03192479227847723,0.028699093940380154
2022-10-04,2022-07-01,0.03311453644861939,0.03487888618097905
2022-10-05,2022-07-01,0.01084451083343667,0.01008465452853837
2022-10-06,2022-07-01,0.017982323535126955,0.011870485109728737
2022-10-07,2022-07-01,0.021914117339915513,0.022182619372780085
2022-10-08,2022-07-01,0.006014411772120896,0.00843398049768368
2022-10-09,2022-07-01,0.0034861470773328088,0.00015138935645349198
2022-10-10,2022-07-01,0.015928383882838737,0.017318879663566884
2022-10-11,2022-07-01,0.00543530400202456,0.0064429785740656685
2022-10-12,2022-07-01,0.001531407711874387,0.0038888978132992757
2022-10-13,2022-07-01,0.009212954984695067,0.010155139659128851
2022-10-14,2022-07-01,0.01407931611319689,0.011750960860274735
2022-10-15,2022-07-01,0.009011047713542164,0.007854552978067003
2022-10-16,2022-07-01,0.008352279461341847,0.00882921958691223
2022-10-17,2022-07-01,0.012772182771476888,0.013085379895501037
2022-10-18,2022-07-01,0.014318719827317304,0.012622075876231967
2022-10-19,2022-07-01,0.012929878998345938,0.011787086207105347
2022-10-20,2022-07-01,0.006122436273157327,0.006189851687866933
2022-10-21,2022-07-01,0.0053478560213237524,0.004557053425897448
2022-10-22,2022-07-01,0.002322549692669374,0.0002536326443694657
2022-10-23,2022-07-01,0.012765742392780737,0.017047463570573997
2022-10-24,2022-07-01,0.011487858625550764,0.012851240465593081
2022-10-25,2022-07-01,0.03944412291549175,0.03707489490806446
2022-10-26,2022-07-01,0.032448154187673196,0.0321499912358403
2022-10-27,2022-07-01,0.02444563907731251,0.024770496551861833
2022-10-28,2022-07-01,0.012301689688318247,0.013481803973281392
2022-10-29,2022-07-01,0.007436237490868248,0.00927369636707656
2022-10-30,2022-07-01,0.011826981647650435,0.010362724001070316
2022-10-31,2022-07-01,0.01243732834807501,0.0084709401380558
2022-11-01,2022-07-01,0.002885975845550167,0.0021995989692837102
2022-11-02,2022-07-01,0.015976095114045734,0.01755259466195474
2022-11-03,2022-07-01,0.0002104196334394349,0.0007647302298048086
2022-11-04,2022-07-01,0.04239222127925061,0.044741329844906
2022-11-05,2022-07-01,0.003342184420151743,0.005034828301482483
2022-11-06,2022-07-01,0.017363047211348896,0.018334506878694253
2022-11-07,2022-07-01,0.018041003853359626,0.01720964403868824
2022-11-08,2022-07-01,0.10438713567323868,0.10180192191075496
2022-11-09,2022-07-01,0.14961158832762056,0.14573065380368058
2022-11-10,2022-07-01,0.10112925327985514,0.10491014505328042
2022-11-11,2022-07-01,0.030567561524010717,0.03245541886805968
2022-11-12,2022-07-01,0.014161465490791144,0.01561105537393467
2022-11-13,2022-07-01,0.026383410777616807,0.028269930521125416
2022-11-14,2022-07-01,0.013176689771302055,0.01438834654495269
2022-11-15,2022-07-01,0.01669970722122278,0.01447633460749241
2022-11-16,2022-07-01,0.02147255752638834,0.014291116414539916
2022-11-17,2022-07-01,0.00026235583904720946,0.0006325366229491764
2022-11-18,2022-07-01,0.0030477193562237865,0.0010267948044768915
2022-11-19,2022-07-01,0.0077093649151466544,0.0008171086842848124
2022-11-20,2022-07-01,0.03266715257521754,0.026755554275898125
2022-11-21,2022-07-01,0.036880018003294955,0.032763076595528906
2022-11-22,2022-07-01,0.02529684156749004,0.02366052762457636
2022-11-23,2022-07-01,0.02615563665693692,0.024498869621732734
2022-11-24,2022-07-01,0.003877597998032751,0.0018621826674961764
2022-11-25,2022-07-01,0.004433644426724002,0.0066176896661202765
2022-11-26,2022-07-01,0.004364283849942619,0.005158746399618783
2022-11-27,2022-07-01,0.0017584197425699931,0.002860968771003337
2022-11-28,2022-07-01,0.012848817019829636,0.015475651921484016
2022-11-29,2022-07-01,0.008653854068262828,0.012310734934080544
2022-11-30,2022-07-01,0.03666918276865826,0.04243502984116132
2022-12-01,2022-07-01,0.01092232748583035,0.013115087423489408
2022-12-02,2022-07-01,0.0013707480707917125,0.005457186795805415
2022-12-03,2022-07-01,0.010711749198959796,0.012163342306311945
2022-12-04,2022-07-01,0.009161049139835488,0.011437778668284276
2022-12-05,2022-07-01,0.008681197386749832,0.010656492539091872
2022-12-06,2022-07-01,0.0023593978212229205,0.005059269416767066
2022-12-07,2022-07-01,0.017222357218610325,0.015731445618932093
2022-12-08,2022-07-01,0.019553091083184416,0.02114420289192007
2022-12-09,2022-07-01,0.003810587623602822,0.007334365009544655
2022-12-10,2022-07-01,0.005924756646237033,0.0019335960723987655
2022-12-11,2022-07-01,0.00475559973460616,0.0030800258651569735
2022-12-12,2022-07-01,0.0003101546123726118,0.004323619858680114
2022-12-13,2022-07-01,0.031691133182388066,0.03180049122951392
2022-12-14,2022-07-01,0.0006492405995371664,0.0004841920121287247
2022-12-15,2022-07-01,0.025562076717869753,0.026929667593914394
2022-12-16,2022-07-01,0.043918788234144905,0.043106562132574
2022-12-17,2022-07-01,0.00515499713263446,0.0069714896884587405
2022-12-18,2022-07-01,0.0056598833578239156,0.003811727984199296
2022-12-19,2022-07-01,0.025471021559315313,0.02065049997259751
2022-12-20,2022-07-01,0.025924958768662,0.02662628466109638
2022-12-21,2022-07-01,0.0031911367860644746,0.0067322835116193965
2022-12-22,2022-07-01,0.0008676242932615996,0.0009091144055896901
2022-12-23,2022-07-01,0.006948402258133172,0.0036254729309851794
2022-12-24,2022-07-01,0.0006338707979054994,0.0013673394389611222
2022-12-25,2022-07-01,0.001148524145337255,0.0019703321566877778
2022-12-26,2022-07-01,0.0015888989323407658,0.0029736996125172997
2022-12-27,2022-07-01,0.014455897345128768,0.01359405447590926
2022-12-28,2022-07-01,0.01324984497360059,0.011561500389859316
2022-12-29,2022-07-01,0.006489926030899595,0.0037172251077670524
2022-12-30,2022-07-01,0.007507833201128293,0.004004346859149214
2022-12-31,2022-07-01,0.005595282100660345,0.004976516846007634
2023-01-01,2023-01-01,0.002093084348156668,0.007311150261855358
2023-01-02,2023-01-01,0.004091321738713602,0.006491327254328596
2023-01-03,2023-01-01,0.0009907582690891906,0.002144041485720925
2023-01-04,2023-01-01,0.009923796867818364,0.013601351328736928
2023-01-05,2023-01-01,0.0018152524826300738,0.0011571661670381596
2023-01-06,2023-01-01,0.0034787699254599552,0.009437507802101237
2023-01-07,2023-01-01,0.002102865950164878,0.0028601599390540534
2023-01-08,2023-01-01,0.0043510273419250034,0.01063939578109034
2023-01-09,2023-01-01,0.0032139881399031968,0.008866571681313402
2023-01-10,2023-01-01,0.013355273157191736,0.017178723008332973
2023-01-11,2023-01-01,0.027921245117996672,0.03074223684233167
2023-01-12,2023-01-01,0.051526596712209466,0.05494238469845899
2023-01-13,2023-01-01,0.05264960057045664,0.058089706597384945
2023-01-14,2023-01-01,0.05132491885524867,0.05651300962823541
2023-01-15,2023-01-01,0.006907261689184105,0.0016806218720018706
2023-01-16,2023-01-01,0.009602094555333682,0.016200432223604365
2023-01-17,2023-01-01,0.005093921895440633,0.0022679960880752073
2023-01-18,2023-01-01,0.02647793896340958,0.019786117054969573
2023-01-19,2023-01-01,0.015082574247697458,0.021689303690434727
2023-01-20,2023-01-01,0.07346282777536041,0.07824743907950635
2023-01-21,2023-01-01,0.005074045582561628,0.007706250050310199
2023-01-22,2023-01-01,0.006513474291133523,1.5489037711450757e-05
2023-01-23,2023-01-01,0.0041588966811139045,0.011935724186679701
2023-01-24,2023-01-01,0.01708475414808612,0.010335304242893804
2023-01-25,2023-01-01,0.016300640537166625,0.023745203941513884
2023-01-26,2023-01-01,0.009181268499333362,0.0008386540187953458
2023-01-27,2023-01-01,0.00138746224837742,0.004591786619809142
2023-01-28,2023-01-01,0.003690436742635403,0.0005897428879886443
2023-01-29,2023-01-01,0.027155307494613833,0.03484473731162943
2023-01-30,2023-01-01,0.046346654975212016,0.03637919878113818
2023-01-31,2023-01-01,0.004714437750137626,0.015333913100106612
2023-02-01,2023-01-01,0.022069261478748995,0.02807104056203715
2023-02-02,2023-01-01,0.012984708016302603,0.007787257994057769
2023-02-03,2023-01-01,0.002646484642823877,0.0015384494764935403
2023-02-04,2023-01-01,0.005912847981549372,0.002388144915151758
2023-02-05,2023-01-01,0.01598334447573319,0.013535908957368193
2023-02-06,2023-01-01,0.012929540422655275,0.006005964361131176
2023-02-07,2023-01-01,0.016567207728540496,0.0247374550425382
2023-02-08,2023-01-01,0.01813297714910111,0.011063355457903134
2023-02-09,2023-01-01,0.05278012079253895,0.046364832973239796
2023-02-10,2023-01-01,0.008021042283109925,0.0054533551359310945
2023-02-11,2023-01-01,0.009525726304653561,0.012834321190321504
2023-02-12,2023-01-01,0.0023150099064396645,0.0009922706505418374
2023-02-13,2023-01-01,0.001623067142554052,0.003541155212821593
2023-02-14,2023-01-01,0.01861824125794524,0.02159769613739696
2023-02-15,2023-01-01,0.09310256667465361,0.0967072704157503
2023-02-16,2023-01-01,0.030605985472843884,0.024822603408827647
2023-02-17,2023-01-01,0.03536319613646524,0.0420473533837879
2023-02-18,2023-01-01,0.0011616309360841725,0.006025567874042114
2023-02-19,2023-01-01,0.011503305192067473,0.010239331389632336
2023-02-20,2023-01-01,0.015489640361171585,0.023107499163981356
2023-02-21,2023-01-01,0.02087761835140758,0.013013637737261647
2023-02-22,2023-01-01,0.008879053183106384,0.007638480519100443
2023-02-23,2023-01-01,0.010345384620329932,0.007395664679286172
2023-02-24,2023-01-01,0.033808847972581935,0.02874611248205937
2023-02-25,2023-01-01,0.005519872924285371,0.001479885042499198
2023-02-26,2023-01-01,0.01609546623575713,0.019350404619114463
2023-02-27,2023-01-01,0.0018428666628603836,0.001203554155979666
2023-02-28,2023-01-01,0.01792332004691658,0.01334823979603289
2023-03-01,2023-01-01,0.021376935865377613,0.02405156498604171
2023-03-02,2023-01-01,0.009031671595189321,0.004399592549615541
2023-03-03,2023-01-01,0.051884241825166995,0.04487446832714674
2023-03-04,2023-01-01,0.00772148881713962,0.001831726352955485
2023-03-05,2023-01-01,0.0020299577940016446,0.00641974143559147
2023-03-06,2023-01-01,0.0032280747881967427,0.002460926685978239
2023-03-07,2023-01-01,0.013339876512797957,0.006710776187929146
2023-03-08,2023-01-01,0.0199294990750347,0.02000567681458854
2023-03-09,2023-01-01,0.06455482832842323,0.05991590318035766
2023-03-10,2023-01-01,0.010048688961708218,0.006487251655944823
2023-03-11,2023-01-01,0.018104513023617496,0.024787010415951227
2023-03-12,2023-01-01,0.07560946395563078,0.07717414357338884
2023-03-13,2023-01-01,0.09464222522285726,0.0950114262757819
2023-03-14,2023-01-01,0.023218098317822247,0.02587981153809274
2023-03-15,2023-01-01,0.015638500191713887,0.01244381191353509
2023-03-16,2023-01-01,0.02234483902898727,0.030035151447315816
2023-03-17,2023-01-01,0.08837578175228915,0.09741596789233867
2023-03-18,2023-01-01,0.019575073025657162,0.013339181843752584
2023-03-19,2023-01-01,0.03762324189028689,0.04205977976564876
2023-03-20,2023-01-01,0.00656912794062196,0.006752151935234652
2023-03-21,2023-01-01,0.013875311683546276,0.01708758456328798
2023-03-22,2023-01-01,0.036037084892347575,0.02810142136547291
2023-03-23,2023-01-01,0.02913841514960768,0.039926585139701466
2023-03-24,2023-01-01,0.029476823302499133,0.0265965723417886
2023-03-25,2023-01-01,0.002876491628032139,0.0023655096307946973
2023-03-26,2023-01-01,0.01776596990603671,0.02084729882280764
2023-03-27,2023-01-01,0.03358215391996591,0.02770762004477977
2023-03-28,2023-01-01,0.0035953111694754735,0.007066202590284085
2023-03-29,2023-01-01,0.034629335002301566,0.04235671013275079
2023-03-30,2023-01-01,0.015515053493496342,0.008142547723829007
2023-03-31,2023-01-01,0.007487584290614345,0.018363568142788417
2023-04-01,2023-01-01,0.010911088981104936,0.000352987767120999
2023-04-02,2023-01-01,0.010075418240999326,0.004871834500223778
2023-04-03,2023-01-01,0.017319172406051915,0.01195845495480798
2023-04-04,2023-01-01,0.013196232642482987,0.016106704742933752
2023-04-05,2023-01-01,0.002148402599100917,0.0031754807878743487
2023-04-06,2023-01-01,0.008528452910940112,0.0021302656940183984
2023-04-07,2023-01-01,0.007025523830456237,0.0016368573872118345
2023-04-08,2023-01-01,0.0039305583980702155,0.0033976001385760003
2023-04-09,2023-01-01,0.013037835475118702,0.016430603761753117
2023-04-10,2023-01-01,0.0450238647846873,0.0493300111537411
2023-04-11,2023-01-01,0.02333853897170046,0.02263857599205286
2023-04-12,2023-01-01,0.008257617183476644,0.0004938679794374628
2023-04-13,2023-01-01,0.007453087733391955,0.011116254997094847
2023-04-14,2023-01-01,0.001420888846507283,0.005499700932137938
2023-04-15,2023-01-01,0.007226539952197841,0.002869454024832826
2023-04-16,2023-01-01,0.004147218592103075,0.0024739617358845037
2023-04-17,2023-01-01,0.030053336165634947,0.026049756082978198
2023-04-18,2023-01-01,0.03030363044245655,0.034757443577490374
2023-04-19,2023-01-01,0.05315884328059455,0.04885172195552892
2023-04-20,2023-01-01,0.02383175901744219,0.017844982426390713
2023-04-21,2023-01-01,0.0354271437822861,0.03170782971205777
2023-04-22,2023-01-01,0.017140287316492007,0.02222759676579116
2023-04-23,2023-01-01,0.006824348803495206,0.0051791642602292045
2023-04-24,2023-01-01,0.006930709121513575,0.00017808504431131647
2023-04-25,2023-01-01,0.028110352395969217,0.03107644232795425
2023-04-26,2023-01-01,0.002879343522422537,0.0069329212027602425
2023-04-27,2023-01-01,0.0353488474283426,0.03955363924201513
2023-04-28,2023-01-01,0.010970486192171829,0.0016094522817077942
2023-04-29,2023-01-01,0.0050621390355603205,0.0006498416130509589
2023-04-30,2023-01-01,0.001976776065278385,0.00328534759328114
2023-05-01,2023-01-01,0.0425503554706431,0.03763405802745838
2023-05-02,2023-01-01,0.01899057285110305,0.023287815526164223
2023-05-03,2023-01-01,0.010472130786693108,0.01426667942795089
2023-05-04,2023-01-01,0.0034518382665891106,0.002748414697368014
2023-05-05,2023-01-01,0.020845711771087534,0.02639693715425267
2023-05-06,2023-01-01,0.02238899464115654,0.018518553702880833
2023-05-07,2023-01-01,0.0177115574631096,0.013151982486829163
2023-05-08,2023-01-01,0.030468815620193206,0.02421209178111549
2023-05-09,2023-01-01,0.0003796213800074265,0.0011670528712222732
2023-05-10,2023-01-01,0.0025445325797270307,0.0014004110567593156
2023-05-11,2023-01-01,0.02209222382106496,0.019822455907805778
2023-05-12,2023-01-01,0.012013701669431515,0.004769994518807883
2023-05-13,2023-01-01,0.001961077610936695,0.001856022287016642
2023-05-14,2023-01-01,0.0016697361642330818,0.00812287255722517
2023-05-15,2023-01-01,0.006367215601637882,0.012441095622177163
2023-05-16,2023-01-01,0.007131609554475627,0.0030214921107258545
2023-05-17,2023-01-01,0.013846413160449881,0.015963683827324385
2023-05-18,2023-01-01,0.01976507608009958,0.017951062504189173
2023-05-19,2023-01-01,0.001665972959523995,0.0045772180209852804
2023-05-20,2023-01-01,0.006796556602276462,0.011601021466616877
2023-05-21,2023-01-01,0.014292705407390183,0.011141192496387021
2023-05-22,2023-01-01,0.00045178003093377,0.006162249281121024
2023-05-23,2023-01-01,0.011622294701433855,0.016631626806525267
2023-05-24,2023-01-01,0.0335407801038779,0.029976831600912066
2023-05-25,2023-01-01,0.004136370573865141,0.0077094913503281005
2023-05-26,2023-01-01,0.009693139215309052,0.011913220960117118
2023-05-27,2023-01-01,0.005462062566744348,0.008307744455456994
2023-05-28,2023-01-01,0.04582147269757382,0.047985253265354605
2023-05-29,2023-01-01,0.015170947967895625,0.009114878568287707
2023-05-30,2023-01-01,0.0037123592147214977,0.0008552872081956536
2023-05-31,2023-01-01,0.020222867290525373,0.014835078971383447
2023-06-01,2023-01-01,0.01852414974803338,0.012236295662675195
2023-06-02,2023-01-01,0.013184658724325848,0.01860196141778045
2023-06-03,2023-01-01,0.008114761684283595,0.0035848294265499593
2023-06-04,2023-01-01,0.002391304840495589,0.004211259436340135
2023-06-05,2023-01-01,0.05187562001921322,0.047440996213970375
2023-06-06,2023-01-01,0.05402698404508009,0.05958857617491447
2023-06-07,2023-01-01,0.03308958815947744,0.029538138515892216
2023-06-08,2023-01-01,0.002127835910160073,0.008423751154162561
2023-06-09,2023-01-01,0.002934450079558307,0.001722978544688569
2023-06-10,2023-01-01,0.02465275318309066,0.021169084321886123
2023-06-11,2023-01-01,0.003062545364507894,0.0058934977511451835
2023-06-12,2023-01-01,0.007014803791846911,0.0012466933201318836
2023-06-13,2023-01-01,0.0016542117288648236,0.003272539888023519
2023-06-14,2023-01-01,0.034161464807725514,0.02794775774802122
2023-06-15,2023-01-01,0.016758040711232842,0.020317509107844904
2023-06-16,2023-01-01,0.025366700620398787,0.03225160921920039
2023-06-17,2023-01-01,0.005959306619884055,0.00980339499477599
2023-06-18,2023-01-01,0.005799840690377737,0.003942468917656768
2023-06-19,2023-01-01,0.016942631571741758,0.022075248801628443
2023-06-20,2023-01-01,0.057379157094321655,0.05776355860811926
2023-06-21,2023-01-01,0.05610895400145616,0.06302719107789985
2023-06-22,2023-01-01,0.006205203635990227,0.0008371456271771402
2023-06-23,2023-01-01,0.02192173771496467,0.028605003766583165
2023-06-24,2023-01-01,0.00513328432449232,0.0020472664056869557
2023-06-25,2023-01-01,0.0051618747271201075,0.000225648896185625
2023-06-26,2023-01-01,0.014382418735599853,0.00425828451097938
2023-06-27,2023-01-01,0.013684960227117496,0.016369884620481064
2023-06-28,2023-01-01,0.01998505965813515,0.016824564148047432
2023-06-29,2023-01-01,0.011084977725138957,0.014379446797293681
2023-06-30,2023-01-01,0.003725350980343655,0.0038138606363610408
2023-07-01,2023-07-01,0.0014727581645207627,0.004181003973988767
2023-07-02,2023-07-01,0.0015414404367559598,0.001499835814183281
2023-07-03,2023-07-01,0.012828191938547059,0.01796682842868377
2023-07-04,2023-07-01,0.013873152438069837,0.011518757747841224
2023-07-05,2023-07-01,0.01205412952392875,0.00821732096464536
2023-07-06,2023-07-01,0.02348774090023268,0.019436414617888077
2023-07-07,2023-07-01,0.011062297498650196,0.014768437996622471
2023-07-08,2023-07-01,0.0038879906151564636,0.0010076269371827248
2023-07-09,2023-07-01,0.008346421430196956,0.0035474622783541235
2023-07-10,2023-07-01,0.003970718382374508,0.008502531684379422
2023-07-11,2023-07-01,0.0052763651674033515,0.007339754863099868
2023-07-12,2023-07-01,0.007182282494835387,0.006967868044364687
2023-07-13,2023-07-01,0.03191940970129745,0.03607935608107193
2023-07-14,2023-07-01,0.03556383459651241,0.03545309156157244
2023-07-15,2023-07-01,0.002725206982112879,0.0011725469426166785
2023-07-16,2023-07-01,0.003930785585134118,0.0010616183942256663
2023-07-17,2023-07-01,0.008092716352066272,0.00296687610059069
2023-07-18,2023-07-01,0.010918776854854923,0.009142649122117473
2023-07-19,2023-07-01,0.0006705808866870997,0.002304698780388005
2023-07-20,2023-07-01,0.0028332635229348702,0.0035760198740622962
2023-07-21,2023-07-01,0.0012011188902765783,0.004350345420084569
2023-07-22,2023-07-01,0.00537022273826757,0.004084289442839227
2023-07-23,2023-07-01,0.00798185734795561,0.010945532792554332
2023-07-24,2023-07-01,0.029764740168714682,0.02959322286270488
2023-07-25,2023-07-01,0.00014767645106031043,0.0018921906317667537
2023-07-26,2023-07-01,0.0030728872383218205,0.0048753709397077166
2023-07-27,2023-07-01,0.00852362880827301,0.0043977666365386725
2023-07-28,2023-07-01,0.002608810366307158,0.004142307966465141
2023-07-29,2023-07-01,0.0006931906587235505,0.0018054048113609646
2023-07-30,2023-07-01,0.0042029875639475,0.002303172324275054
2023-07-31,2023-07-01,0.003249322541683016,0.0011035358066098745
2023-08-01,2023-07-01,0.013880285469172833,0.015694530650448072
2023-08-02,2023-07-01,0.019402518413219383,0.017012621868601075
2023-08-03,2023-07-01,0.0014100881630085523,0.0012019871775799831
2023-08-04,2023-07-01,0.006239606063201775,0.0030924887388256448
2023-08-05,2023-07-01,0.0018680112943405922,0.0006660148262778178
2023-08-06,2023-07-01,0.002892674205306476,0.0004568512095596212
2023-08-07,2023-07-01,0.002900160658388163,0.005250587578849207
2023-08-08,2023-07-01,0.018992692089372112,0.020568602854255734
2023-08-09,2023-07-01,0.008595877079240094,0.006187468273979381
2023-08-10,2023-07-01,0.005880638355601985,0.0040861858810829444
2023-08-11,2023-07-01,0.0023140701195558614,0.0006407168827577151
2023-08-12,2023-07-01,0.0018277680979409865,0.0010709789347094234
2023-08-13,2023-07-01,0.004743155896036299,0.004038310578298666
2023-08-14,2023-07-01,0.0008587903126200096,0.0047169427300420485
2023-08-15,2023-07-01,0.00884910556912816,0.007569292801151718
2023-08-16,2023-07-01,0.01852131363860284,0.015678826096895977
2023-08-17,2023-07-01,0.07302034529387906,0.07066680246196169
2023-08-18,2023-07-01,0.027413712968972836,0.02328042225254421
2023-08-19,2023-07-01,0.0008991721802898606,0.0020899658328069532
2023-08-20,2023-07-01,0.003528825509934536,0.0040946704365406724
2023-08-21,2023-07-01,0.002739113945805268,0.001964989336484706
2023-08-22,2023-07-01,0.0038847089047015907,0.0030772039757991187
2023-08-23,2023-07-01,0.015361973900029507,0.01578653082352946
2023-08-24,2023-07-01,0.012545300615355116,0.009581640617580958
2023-08-25,2023-07-01,0.009605471275028477,0.0040401516568577
2023-08-26,2023-07-01,0.0030339785347514346,0.0010388542909981853
2023-08-27,2023-07-01,0.003708767781111332,0.0035831007818729653
2023-08-28,2023-07-01,0.00046035641385097604,0.0011370503819494655
2023-08-29,2023-07-01,0.060916352995066064,0.0625830054277836
2023-08-30,2023-07-01,0.014541852845884976,0.014414244055362777
2023-08-31,2023-07-01,0.05198926154087767,0.0497633680320632
2023-09-01,2023-07-01,0.008841540257063244,0.0050694755054220475
2023-09-02,2023-07-01,1.8042482792307666e-05,0.0030743419658667745
2023-09-03,2023-07-01,0.004362966903210853,0.004398394176392287
2023-09-04,2023-07-01,0.006701515712423877,0.005510167114605279
2023-09-05,2023-07-01,0.001509309970543962,0.0008311074173303788
2023-09-06,2023-07-01,0.0022241414702590698,0.0005673613864584572
2023-09-07,2023-07-01,0.013534998358719201,0.019318908697003066
2023-09-08,2023-07-01,0.019021343114108743,0.012087668848439204
2023-09-09,2023-07-01,0.005025730457380089,3.619848170631409e-05
2023-09-10,2023-07-01,0.0010560745147981834,0.0019705473125030864
2023-09-11,2023-07-01,0.026548913820228563,0.025483758654595897
2023-09-12,2023-07-01,0.02505747380705294,0.02687810720997774
2023-09-13,2023-07-01,0.01520435799334601,0.016055189214920947
2023-09-14,2023-07-01,0.012081156774587985,0.012480791401188313
2023-09-15,2023-07-01,0.002170262452592802,0.003191553189429338
2023-09-16,2023-07-01,0.005653672011162128,0.0010573131276928067
2023-09-17,2023-07-01,0.00290444229117213,0.000831086439940571
2023-09-18,2023-07-01,0.004051450512306453,0.008739890341006936
2023-09-19,2023-07-01,0.01862880256572187,0.01763600734888165
2023-09-20,2023-07-01,0.0022723844525014587,0.0022491905512932765
2023-09-21,2023-07-01,0.02074842269709133,0.020374700565607404
2023-09-22,2023-07-01,0.004561219512656975,0.0007052363484636764
2023-09-23,2023-07-01,0.004008644078804214,0.0004705265400218939
2023-09-24,2023-07-01,0.01510269486921138,0.01165916481915613
2023-09-25,2023-07-01,0.0012426312738624068,0.0019471846575463867
2023-09-26,2023-07-01,0.0031662784763190135,0.002583082599576959
2023-09-27,2023-07-01,0.005980716923972499,0.005600297852198978
2023-09-28,2023-07-01,0.02453996068851212,0.025901221777975873
2023-09-29,2023-07-01,0.008155339679101654,0.0033454089976308137
2023-09-30,2023-07-01,0.0005528153237147446,0.002508983489878488
2023-10-01,2023-07-01,0.03522709591172669,0.038155238567567876
2023-10-02,2023-07-01,0.0192923741400111,0.015359541807110058
2023-10-03,2023-07-01,0.007001243214528649,0.0033710074908449537
2023-10-04,2023-07-01,0.010377000646537899,0.013917081824620273
2023-10-05,2023-07-01,0.012895853111587202,0.013189828101219303
2023-10-06,2023-07-01,0.017711098015413682,0.019688050055134732
2023-10-07,2023-07-01,0.0022644292827580727,0.0014651950154445682
2023-10-08,2023-07-01,0.0024855056626063273,0.0007354954187620453
2023-10-09,2023-07-01,0.015031555632400627,0.012115448430989642
2023-10-10,2023-07-01,0.009954126111467544,0.006665152297809905
2023-10-11,2023-07-01,0.019985530344761287,0.018479337695904336
2023-10-12,2023-07-01,0.006841533977583801,0.004043437164989114
2023-10-13,2023-07-01,0.0031050693581998897,0.004387158255103028
2023-10-14,2023-07-01,0.001638239441115953,0.0005027725884123704
2023-10-15,2023-07-01,0.008991314444884484,0.011561450131779578
2023-10-16,2023-07-01,0.04750537419539839,0.050647639268370064
2023-10-17,2023-07-01,0.004912089857808231,0.0026852535519917564
2023-10-18,2023-07-01,0.0064097942282625425,0.0026772457488933193
2023-10-19,2023-07-01,0.011691491815120804,0.014252222368178493
2023-10-20,2023-07-01,0.031520350408437765,0.03413786293299189
2023-10-21,2023-07-01,0.006232919267681722,0.008723285601415318
2023-10-22,2023-07-01,0.0011979305197743928,0.0030601062527793313
2023-10-23,2023-07-01,0.10129085266049562,0.10360030948164839
2023-10-24,2023-07-01,0.025191672381599865,0.026121004343251996
2023-10-25,2023-07-01,0.013668206038564775,0.01834392449627844
2023-10-26,2023-07-01,0.016195210799780854,0.009397514077011896
2023-10-27,2023-07-01,0.00897970226625603,0.006898015867163494
2023-10-28,2023-07-01,0.003159123025478675,0.005687420045948911
2023-10-29,2023-07-01,0.0090452190272915,0.013686892928207732
2023-10-30,2023-07-01,0.0016393214919298703,0.00041233594908712974
2023-10-31,2023-07-01,0.004082698440514829,0.00527713966139718
2023-11-01,2023-07-01,0.02014929524392205,0.022673199778004208
2023-11-02,2023-07-01,0.021135502038221864,0.013404505189302158
2023-11-03,2023-07-01,0.012499511315486692,0.005591532982493622
2023-11-04,2023-07-01,0.006477502202817595,0.010503672327944759
2023-11-05,2023-07-01,0.0030235179408113957,0.0003738993308180096
2023-11-06,2023-07-01,0.0009636888859468834,0.000124996959661704
2023-11-07,2023-07-01,0.008354824634160395,0.012062692624865617
2023-11-08,2023-07-01,0.005028101880276274,0.006572106210603682
2023-11-09,2023-07-01,0.022437827544777265,0.02962392985703311
2023-11-10,2023-07-01,0.01310815012650427,0.01766119966716279
2023-11-11,2023-07-01,0.009982736136927163,0.004088029113637013
2023-11-12,2023-07-01,0.007824193767421465,0.001842272025003418
2023-11-13,2023-07-01,0.014832905823794623,0.014464051777147513
2023-11-14,2023-07-01,0.0269235639628201,0.02610702271711017
2023-11-15,2023-07-01,0.06559141258801096,0.06616760090243698
2023-11-16,2023-07-01,0.047068584006787956,0.044415062127575455
2023-11-17,2023-07-01,0.00995982111132024,0.01220699323407607
2023-11-18,2023-07-01,0.0046689787726014315,0.0003230640109641756
2023-11-19,2023-07-01,0.018340514181585527,0.022314915558702162
2023-11-20,2023-07-01,0.0002252923220134439,0.0031133918121833996
2023-11-21,2023-07-01,0.04697044312293556,0.04390187732397634
2023-11-22,2023-07-01,0.04681136967399202,0.04523382851968466
2023-11-23,2023-07-01,0.004224805616903134,0.0028549518354014304
2023-11-24,2023-07-01,0.009428809041326073,0.011910023362410387
2023-11-25,2023-07-01,0.003282899791522388,0.0026663690825529497
2023-11-26,2023-07-01,0.00990564774980724,0.007938562397526237
2023-11-27,2023-07-01,0.007046314993692641,0.005614122339610442
2023-11-28,2023-07-01,0.009561289347875111,0.015875765132184555
2023-11-29,2023-07-01,0.0014200132194409705,0.0013646508933135486
2023-11-30,2023-07-01,0.004010613472969989,0.003355114403096259
2023-12-01,2023-07-01,0.027604764294343408,0.026299875791768453
2023-12-02,2023-07-01,0.01749633521611381,0.021087327344140195
2023-12-03,2023-07-01,0.011989842293403646,0.013359377415379414
2023-12-04,2023-07-01,0.04578701640196765,0.050657967302929416
2023-12-05,2023-07-01,0.04601242709899544,0.05097574400602801
2023-12-06,2023-07-01,0.006745475243968801,0.0066486058826074855
2023-12-07,2023-07-01,0.01667895998684488,0.01003528037043526
2023-12-08,2023-07-01,0.02023223841452051,0.020556653778692997
2023-12-09,2023-07-01,0.01462487865209111,0.009313881990464302
2023-12-10,2023-07-01,0.00045994766810464305,0.0015886963245854572
2023-12-11,2023-07-01,0.06118553820336848,0.05740879439664165
2023-12-12,2023-07-01,0.00048489785928732335,0.004909371670929989
2023-12-13,2023-07-01,0.0341440772027232,0.035302797026506086
2023-12-14,2023-07-01,0.00012369795540894714,0.003894815434133819
2023-12-15,2023-07-01,0.028013254412400736,0.024917786684086445
2023-12-16,2023-07-01,0.004399935365368075,0.007622104081270923
2023-12-17,2023-07-01,0.019741089530499106,0.020199913044671433
2023-12-18,2023-07-01,0.024828300453788876,0.03068025524690587
2023-12-19,2023-07-01,0.012818691370851745,0.007488489990929426
2023-12-20,2023-07-01,0.030249246892637176,0.03309454045251374
2023-12-21,2023-07-01,0.005732557925126364,0.005775198462073024
2023-12-22,2023-07-01,0.0015641239586868367,0.0034037724698798596
2023-12-23,2023-07-01,0.010169093177152049,0.00537923152416759
2023-12-24,2023-07-01,0.021174144764606682,0.01612032172793222
2023-12-25,2023-07-01,0.01264593025095998,0.014177906903527854
2023-12-26,2023-07-01,0.024756263078997018,0.024416209812102945
2023-12-27,2023-07-01,0.021607275138759114,0.021904936681177815
2023-12-28,2023-07-01,0.019317021494503282,0.01803420205657716
2023-12-29,2023-07-01,0.01405423505042329,0.012150092271953511
2023-12-30,2023-07-01,0.00172605970952268,0.001734995891770967
2023-12-31,2023-07-01,0.00011031598123204455,0.0030484784420805105
2024-01-01,2024-01-01,0.04133512927133195,0.04396704934677291
2024-01-02,2024-01-01,0.01599641472046934,0.016975345088402035
2024-01-03,2024-01-01,0.04565360714854131,0.047935103141169146
2024-01-04,2024-01-01,0.028565690146413112,0.029907088013155683
2024-01-05,2024-01-01,0.0018952579496722406,0.001341872963405574
2024-01-06,2024-01-01,0.006468746348548045,0.004980752350781057
2024-01-07,2024-01-01,0.00647261997143766,0.0021030056730670195
2024-01-08,2024-01-01,0.06870386126186707,0.06784725426299112
2024-01-09,2024-01-01,0.018944215161675878,0.018548460839512882
2024-01-10,2024-01-01,0.009006164277668113,0.009470830165979324
2024-01-11,2024-01-01,0.009284604299561345,0.006571791857470134
2024-01-12,2024-01-01,0.07590792604475632,0.07687630469843552
2024-01-13,2024-01-01,0.004160801860947068,0.0014964626202403671
2024-01-14,2024-01-01,0.029379867934032137,0.025446209867499774
2024-01-15,2024-01-01,0.01762730276854434,0.016014679336307465
2024-01-16,2024-01-01,0.014392074649915432,0.014131019752004268
2024-01-17,2024-01-01,0.008586874888256293,0.010561784815530773
2024-01-18,2024-01-01,0.03731816721983813,0.03571309328747262
2024-01-19,2024-01-01,0.0029601983184648073,0.007501597940909248
2024-01-20,2024-01-01,0.0016216303491255806,0.00011966607526635808
2024-01-21,2024-01-01,0.00726276988026168,0.003918512912250956
2024-01-22,2024-01-01,0.04748840572423199,0.05011684617377963
2024-01-23,2024-01-01,0.009900099722565394,0.007385738752951139
2024-01-24,2024-01-01,0.005680934173398837,0.0047995269176760195
2024-01-25,2024-01-01,0.0071050349923813105,0.004605444529150269
2024-01-26,2024-01-01,0.042271241135199894,0.046099254330353584
2024-01-27,2024-01-01,0.0063081937787964094,0.0063316867875335145
2024-01-28,2024-01-01,0.004448405071871446,0.0030409565068636674
2024-01-29,2024-01-01,0.03045769036273099,0.028747969742204626
2024-01-30,2024-01-01,0.008863384327125579,0.008718641252248215
2024-01-31,2024-01-01,0.006175987155074409,0.009685989929417977
2024-02-01,2024-01-01,0.008547306611252062,0.010515486130009959
2024-02-02,2024-01-01,0.00030490367701102843,0.0015437285384064699
2024-02-03,2024-01-01,0.007507566352156456,0.005523442200014074
2024-02-04,2024-01-01,0.015392963757683576,0.01056273766874889
2024-02-05,2024-01-01,0.0005220001232429008,0.000694391508956413
2024-02-06,2024-01-01,0.011096611936140671,0.008948569127771611
2024-02-07,2024-01-01,0.028117657369285634,0.02761247711201691
2024-02-08,2024-01-01,0.021444067271128537,0.021217517101501573
2024-02-09,2024-01-01,0.039652800786921724,0.039749005582104605
2024-02-10,2024-01-01,0.010223031443883406,0.012295322911898861
2024-02-11,2024-01-01,0.009456552221262786,0.009921863817750788
2024-02-12,2024-01-01,0.027095842718442387,0.03344322763864528
2024-02-13,2024-01-01,0.007347861276131606,0.005274853334498048
2024-02-14,2024-01-01,0.03872643539911992,0.040837155674090006
2024-02-15,2024-01-01,0.0016309781776421405,0.0012257449429497584
2024-02-16,2024-01-01,0.0028363988722286933,0.003219394813791463
2024-02-17,2024-01-01,0.011107994686791472,0.010566315147384953
2024-02-18,2024-01-01,0.005723859397342228,0.007824243042649049
2024-02-19,2024-01-01,0.00863635584699865,0.0076072515310631385
2024-02-20,2024-01-01,0.0045437644728802615,0.008703087311811089
2024-02-21,2024-01-01,0.010055225490836898,0.009541593067115899
2024-02-22,2024-01-01,0.013753475144078464,0.01137442078937445
2024-02-23,2024-01-01,0.013396541392300091,0.012239093369596806
2024-02-24,2024-01-01,0.013181268342828956,0.015468980203279553
2024-02-25,2024-01-01,0.0001854049690102168,0.002145849668598576
2024-02-26,2024-01-01,0.04957748100058354,0.05287457035866326
2024-02-27,2024-01-01,0.04521506229022511,0.04610546155557097
2024-02-28,2024-01-01,0.09280312900703601,0.09400365473569308
2024-02-29,2024-01-01,0.02394446928850307,0.02170407856571539
2024-03-01,2024-01-01,0.01691315357497136,0.019177277820304855
2024-03-02,2024-01-01,0.011111873332961708,0.007565606580455337
2024-03-03,2024-01-01,0.0136047346420932,0.017271776921886903
2024-03-04,2024-01-01,0.0784629926321088,0.08074137080780107
2024-03-05,2024-01-01,0.06969276587095644,0.06711553007971077
2024-03-06,2024-01-01,0.0367147076539145,0.034898547449770834
2024-03-07,2024-01-01,0.009119408820119563,0.011449640870121106
2024-03-08,2024-01-01,0.01780898319068969,0.019520066067271535
2024-03-09,2024-01-01,0.003799009021315856,0.0019176050724533402
2024-03-10,2024-01-01,0.002966690028009535,0.006563080918207208
2024-03-11,2024-01-01,0.046350746792354604,0.04394912382838234
2024-03-12,2024-01-01,0.011123481014900773,0.009836760826446467
2024-03-13,2024-01-01,0.01773123563845365,0.021336171498990454
2024-03-14,2024-01-01,0.02839308427716253,0.024065298743696818
2024-03-15,2024-01-01,0.031258429146448274,0.029022824099652792
2024-03-16,2024-01-01,0.06630504405144641,0.06002492360903693
2024-03-17,2024-01-01,0.03900277119413195,0.04589246170007302
2024-03-18,2024-01-01,0.012662592635867808,0.013218363323042671
2024-03-19,2024-01-01,0.08522254853259914,0.0845207830437152
2024-03-20,2024-01-01,0.10044751712820009,0.09566134816921651
2024-03-21,2024-01-01,0.038965665266928205,0.036435756934576416
2024-03-22,2024-01-01,0.02541717005715381,0.027310561943647657
2024-03-23,2024-01-01,0.007934214182867435,0.0033374235719343575
2024-03-24,2024-01-01,0.04721557222567418,0.048486998762634285
2024-03-25,2024-01-01,0.04480541758828982,0.03961082098866631
2024-03-26,2024-01-01,0.006503159248944037,0.0005329990255330427
2024-03-27,2024-01-01,0.006896052735821823,0.008661118171628651
2024-03-28,2024-01-01,0.015291661599214594,0.01750223150116736
2024-03-29,2024-01-01,0.011783499113940442,0.013038697175589167
2024-03-30,2024-01-01,0.012741968444218639,0.004622098124892125
2024-03-31,2024-01-01,0.021400114922969997,0.023190591811479734
2024-04-01,2024-01-01,0.018451035339741694,0.023850740312318392
2024-04-02,2024-01-01,0.058550847071641515,0.06215862276421636
2024-04-03,2024-01-01,0.002754543203809818,0.006954987775967499
2024-04-04,2024-01-01,0.03576664739147154,0.03730532726407776
2024-04-05,2024-01-01,0.006683221624091034,0.010741474923165252
2024-04-06,2024-01-01,0.0069058390584494905,0.014523954452015804
2024-04-07,2024-01-01,0.007130716899316817,0.005769034285828878
2024-04-08,2024-01-01,0.03317874349858664,0.03167932862776422
2024-04-09,2024-01-01,0.03954495556215662,0.03575333200976908
2024-04-10,2024-01-01,0.01713311109753239,0.019811566718907846
2024-04-11,2024-01-01,0.009062587442798097,0.008451218036320481
2024-04-12,2024-01-01,0.04011038405465759,0.04195833873968529
2024-04-13,2024-01-01,0.05771538798374932,0.05136892873931326
2024-04-14,2024-01-01,0.024992574779509846,0.0288719831138293
2024-04-15,2024-01-01,0.030020895557681587,0.03613077945262626
2024-04-16,2024-01-01,0.004609505559705535,0.004936101841007408
2024-04-17,2024-01-01,0.0435044313159183,0.04074963653659867
2024-04-18,2024-01-01,0.03786503699785656,0.035340009244162834
2024-04-19,2024-01-01,0.004845873657940191,0.004269780864648499
2024-04-20,2024-01-01,0.012640567001073907,0.016987891203335798
2024-04-21,2024-01-01,0.0019442386305676964,0.0020411573842021467
2024-04-22,2024-01-01,0.030562399609492103,0.028382346886848302
2024-04-23,2024-01-01,0.007673850769289163,0.007405887786249317
2024-04-24,2024-01-01,0.0393015301046905,0.03314864930141255
2024-04-25,2024-01-01,0.0005894515625226703,0.002057773952191157
2024-04-26,2024-01-01,0.010736632011144012,0.01229403624509388
2024-04-27,2024-01-01,0.004968171249367112,0.006347942707512459
2024-04-28,2024-01-01,0.00760325156952069,0.005879692599313539
2024-04-29,2024-01-01,0.01443669337685704,0.010476945946934043
2024-04-30,2024-01-01,0.05055101617240696,0.051204072606883
2024-05-01,2024-01-01,0.04344713832474815,0.04047735101308185
2024-05-02,2024-01-01,0.012883594414515333,0.013786719853232156
2024-05-03,2024-01-01,0.06366810942941702,0.06270812287277733
2024-05-04,2024-01-01,0.014946254084458939,0.015048526502016196
2024-05-05,2024-01-01,0.0005164425021799536,0.0011695291203652819
2024-05-06,2024-01-01,0.015176668973047217,0.014617133710390452
2024-05-07,2024-01-01,0.013545258731033271,0.014176758941235459
2024-05-08,2024-01-01,0.027084558725992986,0.01947505221908515
2024-05-09,2024-01-01,0.027327148198923557,0.02934068036567295
2024-05-10,2024-01-01,0.035022347263007014,0.03675949258931981
2024-05-11,2024-01-01,0.0032195226351367234,0.0011308705643589283
2024-05-12,2024-01-01,0.008221500210902753,0.009732119897820924
2024-05-13,2024-01-01,0.023831972869883613,0.02263097512672164
2024-05-14,2024-01-01,0.02392928989419352,0.02242494176079797
2024-05-15,2024-01-01,0.07243964700263157,0.07548927561365802
2024-05-16,2024-01-01,0.016828477592811465,0.016468830251252432
2024-05-17,2024-01-01,0.026159273221995984,0.026802192222091275
2024-05-18,2024-01-01,0.003156887285725235,0.0026240011706029683
2024-05-19,2024-01-01,0.012675276844706618,0.01095101276636611
2024-05-20,2024-01-01,0.07845119984310309,0.07693106226006274
2024-05-21,2024-01-01,0.0219149904212011,0.019193498762401524
2024-05-22,2024-01-01,0.01910320309084131,0.01557078825680157
2024-05-23,2024-01-01,0.0244746735425904,0.018335433223571413
2024-05-24,2024-01-01,0.009072270536246653,0.007694513671762387
2024-05-25,2024-01-01,0.010741806463447842,0.009779197266805626
2024-05-26,2024-01-01,0.0133571931792209,0.011814512613771148
2024-05-27,2024-01-01,0.013952191050539312,0.011716006298759452
2024-05-28,2024-01-01,0.016065869608196302,0.016835706809469813
2024-05-29,2024-01-01,0.016284856788382845,0.011604246663592934
2024-05-30,2024-01-01,0.004210924385667839,0.010575194297256816
2024-05-31,2024-01-01,0.0152967714038379,0.013789387185946097
2024-06-01,2024-01-01,0.0024737207070113345,0.0021123547793796002
2024-06-02,2024-01-01,0.001835954364110779,0.00037367070442817594
2024-06-03,2024-01-01,0.01455187835034745,0.014501262498615865
2024-06-04,2024-01-01,0.020834080469940702,0.02461955332160825
2024-06-05,2024-01-01,0.008508862187992999,0.006318763097771067
2024-06-06,2024-01-01,0.010024338167169168,0.005612319885268561
2024-06-07,2024-01-01,0.019161696814747452,0.02105057307323007
2024-06-08,2024-01-01,0.006280056954158023,0.0016276424920830422
2024-06-09,2024-01-01,0.001371033257828066,0.0038962496524115827
2024-06-10,2024-01-01,0.0014329282862238768,0.002979727450825453
2024-06-11,2024-01-01,0.032516176933357184,0.03241576642072683
2024-06-12,2024-01-01,0.013162872579786086,0.012375097482814831
2024-06-13,2024-01-01,0.02448908761107977,0.02275974549126144
2024-06-14,2024-01-01,0.015265467597287566,0.012269674183779292
2024-06-15,2024-01-01,0.0004419292858256229,0.0016559184965219806
2024-06-16,2024-01-01,0.00489924555934412,0.005734262606543788
2024-06-17,2024-01-01,0.0005240986601278488,0.0032592650522939993
2024-06-18,2024-01-01,0.021496000180309418,0.021348958922911585
2024-06-19,2024-01-01,0.005346293584583122,0.003868189429126297
2024-06-20,2024-01-01,0.004472821874399801,0.003073928466277265
2024-06-21,2024-01-01,0.014432830258441042,0.012347562211249111
2024-06-22,2024-01-01,5.899379942120699e-05,0.0013656643115437666
2024-06-23,2024-01-01,0.018494488425029928,0.017716331388169346
2024-06-24,2024-01-01,0.04588203944526705,0.04704290359009231
2024-06-25,2024-01-01,0.023920242551606376,0.024173676192050284
2024-06-26,2024-01-01,0.016556264236828287,0.017039657974837457
2024-06-27,2024-01-01,0.01240778615151334,0.01195643727710437
2024-06-28,2024-01-01,0.02154199526464364,0.02185978374054491
2024-06-29,2024-01-01,0.006897996502792494,0.008301095845662364
2024-06-30,2024-01-01,0.029023553161790606,0.028398484503081033
2024-07-01,2024-07-01,0.000857963567446526,0.0013461398485028573
2024-07-02,2024-07-01,0.015155552901951409,0.014634294597534165
2024-07-03,2024-07-01,0.030456508977911908,0.031510405493016674
2024-07-04,2024-07-01,0.0544102628110429,0.05478814228083983
2024-07-05,2024-07-01,0.008730523117125369,0.0073011169930901395
2024-07-06,2024-07-01,0.025959370638068614,0.027401436466559292
2024-07-07,2024-07-01,0.04026450151497725,0.043521644808697725
2024-07-08,2024-07-01,0.01677793770011609,0.013597269956080163
2024-07-09,2024-07-01,0.0224055943246324,0.02152175516181673
2024-07-10,2024-07-01,0.006495768192059994,0.006050862425768966
2024-07-11,2024-07-01,0.00903344943699026,0.008456118924909021
2024-07-12,2024-07-01,0.0051299471862975695,0.008094276562424264
2024-07-13,2024-07-01,0.025571576577733336,0.021508008796354436
2024-07-14,2024-07-01,0.025790170947586656,0.02481482989856534
2024-07-15,2024-07-01,0.06386641339081166,0.06571700193484344
2024-07-16,2024-07-01,0.002835626787468972,0.002230470888952237
2024-07-17,2024-07-01,0.018486445768841446,0.016572758846925092
2024-07-18,2024-07-01,0.004793631102201866,0.003869307914372259
2024-07-19,2024-07-01,0.037015150351998684,0.04121375566307808
2024-07-20,2024-07-01,0.006174808783686135,0.005431069127423221
2024-07-21,2024-07-01,0.014720655854581498,0.013227538801140658
2024-07-22,2024-07-01,0.006237972054650498,0.009839520568588623
2024-07-23,2024-07-01,0.026185039086117863,0.02611103109559842
2024-07-24,2024-07-01,0.011029781271397348,0.010076404496664228
2024-07-25,2024-07-01,0.0028302407933445475,0.004617403041446201
2024-07-26,2024-07-01,0.028898089537234967,0.030935530219508726
2024-07-27,2024-07-01,0.001599203134827954,0.0028654063061311855
2024-07-28,2024-07-01,0.004875923685562017,0.004966857853773694
2024-07-29,2024-07-01,0.022039206902412508,0.02255797521846389
2024-07-30,2024-07-01,0.013067054874350035,0.010899609739319164
2024-07-31,2024-07-01,0.02673626447627294,0.025476871332448206
2024-08-01,2024-07-01,0.0049290223553610235,0.009777805689651203
2024-08-02,2024-07-01,0.06333080844359448,0.06181672344740432
2024-08-03,2024-07-01,0.01452130275873435,0.013770874596394091
2024-08-04,2024-07-01,0.042919021387087385,0.04382861828707627
2024-08-05,2024-07-01,0.07319379411683494,0.0727099228536446
2024-08-06,2024-07-01,0.036947194766130245,0.03599649904777632
2024-08-07,2024-07-01,0.01855678473557579,0.019345261060582604
2024-08-08,2024-07-01,0.11981166787905526,0.11981386897987492
2024-08-09,2024-07-01,0.012799963004721807,0.014483328297350424
2024-08-10,2024-07-01,0.0006699996421669844,0.0005440189287654212
2024-08-11,2024-07-01,0.037073605046526015,0.03807157658042071
2024-08-12,2024-07-01,0.005325009759907047,0.009112719333560098
2024-08-13,2024-07-01,0.020670312854177687,0.01964859433757219
2024-08-14,2024-07-01,0.036659138284096233,0.03235100043594374
2024-08-15,2024-07-01,0.018648872313711623,0.021722539402657462
2024-08-16,2024-07-01,0.023806761658778788,0.021548390681248957
2024-08-17,2024-07-01,0.012693382377876063,0.008484204676785585
2024-08-18,2024-07-01,0.02082578712101871,0.018237923495361446
2024-08-19,2024-07-01,0.01533569670834973,0.015641061210979367
2024-08-20,2024-07-01,0.006409518692952941,0.009551594844615232
2024-08-21,2024-07-01,0.03479127913720159,0.03505857076926947
2024-08-22,2024-07-01,0.012072026352133192,0.014359313166014562
2024-08-23,2024-07-01,0.05645964890286622,0.05987467538381035
2024-08-24,2024-07-01,0.006248049865981958,3.3825902303873676e-05
2024-08-25,2024-07-01,0.00445915812970349,0.0008565068668300879
2024-08-26,2024-07-01,0.02918759295219801,0.02412177593082564
2024-08-27,2024-07-01,0.060469408523437775,0.055340749645667604
2024-08-28,2024-07-01,0.01236491142012426,0.00977857726013491
2024-08-29,2024-07-01,0.009792527920409253,0.004535343444715738
2024-08-30,2024-07-01,0.0029779489539970474,0.006044727381703365
2024-08-31,2024-07-01,0.0007206078056874866,0.004097627956954085
2024-09-01,2024-07-01,0.030980439847414994,0.029443231441194793
2024-09-02,2024-07-01,0.0267263354258541,0.02950791409677427
2024-09-03,2024-07-01,0.03469341754312502,0.029856899922614588
2024-09-04,2024-07-01,0.006262725860301408,0.007739334457796326
2024-09-05,2024-07-01,0.03437502055495601,0.032744088191644476
2024-09-06,2024-07-01,0.036127548080626806,0.04106306194610994
2024-09-07,2024-07-01,0.0013354760017626095,0.001830274068019786
2024-09-08,2024-07-01,0.010247144397887436,0.011437850442161996
2024-09-09,2024-07-01,0.037767128126135176,0.0382206371824239
2024-09-10,2024-07-01,0.009140437166192648,0.00965221314737679
2024-09-11,2024-07-01,0.0041165319645716505,0.006807427079675016
2024-09-12,2024-07-01,0.0079819836134936,0.012097224437241597
2024-09-13,2024-07-01,0.042678765427826275,0.04056147627976781
2024-09-14,2024-07-01,0.010159307712018754,0.010719792576126038
2024-09-15,2024-07-01,0.013026513118566821,0.015297295721202342
2024-09-16,2024-07-01,0.01778401792415029,0.018337698885572594
2024-09-17,2024-07-01,0.03319239012054324,0.03474652564651398
2024-09-18,2024-07-01,0.018738123678678022,0.02084636607240911
2024-09-19,2024-07-01,0.01592728207377968,0.019477897948205244
2024-09-20,2024-07-01,0.0043264944742284215,0.0025489502913019113
2024-09-21,2024-07-01,0.004591728757508379,0.001660167823760723
2024-09-22,2024-07-01,0.000943756855485635,0.0024695762618217026
2024-09-23,2024-07-01,0.007051938120126428,0.0065418130730991765
2024-09-24,2024-07-01,0.011793300595851436,0.013781432360945345
2024-09-25,2024-07-01,0.01721320795511342,0.01950378453564509
2024-09-26,2024-07-01,0.029136723140543712,0.03064788755959489
2024-09-27,2024-07-01,0.0054784674565898205,0.007944215178657173
2024-09-28,2024-07-01,0.0038045061683726986,3.8991057413079655e-05
2024-09-29,2024-07-01,0.007980082629282636,0.005373034644775596
2024-09-30,2024-07-01,0.03809914588833011,0.036694710936195356
2024-10-01,2024-07-01,0.03956975187072687,0.0410527493259381
2024-10-02,2024-07-01,0.007216425514165004,0.0050649983329898365
2024-10-03,2024-07-01,0.0017272402181003246,0.0005328521298378721
2024-10-04,2024-07-01,0.020868780450741926,0.019990787824213957
2024-10-05,2024-07-01,0.001232201602673356,0.0010950418506308587
2024-10-06,2024-07-01,0.009074213916999235,0.010191609512166426
2024-10-07,2024-07-01,0.01468374843372071,0.01076776502532127
2024-10-08,2024-07-01,0.005295337261032024,0.003270760565412894
2024-10-09,2024-07-01,0.028568895137834,0.02649817010429823
2024-10-10,2024-07-01,0.005340087704454281,0.006729954749000239
2024-10-11,2024-07-01,0.03651508779765912,0.034446581808786625
2024-10-12,2024-07-01,0.013750028319267069,0.01058263508790198
2024-10-13,2024-07-01,0.008020594956017778,0.006909107234660225
2024-10-14,2024-07-01,0.04594778489124908,0.0492576492207724
2024-10-15,2024-07-01,0.013366025288290638,0.013732348480845789
2024-10-16,2024-07-01,0.0045063549296478055,0.007034216935876733
2024-10-17,2024-07-01,0.0053279150769322695,0.004663002907163523
2024-10-18,2024-07-01,0.014916867379101844,0.01355557858186381
2024-10-19,2024-07-01,0.0013463250716000358,0.0023028154399146747
2024-10-20,2024-07-01,0.007357338178438772,0.007793282928828721
2024-10-21,2024-07-01,0.027113827580440286,0.02518665823620613
2024-10-22,2024-07-01,0.004397604262860913,0.0017446406024065324
2024-10-23,2024-07-01,0.017358715036768353,0.015338865869895536
2024-10-24,2024-07-01,0.020683709066365165,0.024418782410672163
2024-10-25,2024-07-01,0.022120796273991484,0.023715925317213473
2024-10-26,2024-07-01,0.004939757576279453,0.0039407133546063115
2024-10-27,2024-07-01,0.015605696451789084,0.012126956723730865
2024-10-28,2024-07-01,0.026522761524308446,0.0276344496348986
2024-10-29,2024-07-01,0.037366359298850495,0.03880794598173718
2024-10-30,2024-07-01,0.010815169717343786,0.006621241512667037
2024-10-31,2024-07-01,0.03364771276735279,0.030942655811789625
2024-11-01,2024-07-01,0.014657443019395849,0.012106360445519606
2024-11-02,2024-07-01,0.00563563484016371,0.004367613187650523
2024-11-03,2024-07-01,0.011290743598543521,0.00946865810785043
2024-11-04,2024-07-01,0.0139157483905802,0.015103789260860373
2024-11-05,2024-07-01,0.023424461228359734,0.021225388827742633
2024-11-06,2024-07-01,0.09113636065575606,0.08908645753320096
2024-11-07,2024-07-01,0.000494168724179365,0.0023444567806588084
2024-11-08,2024-07-01,0.0036092618544219367,0.006892653522381291
2024-11-09,2024-07-01,0.0006504066305216111,0.001535689328933454
2024-11-10,2024-07-01,0.04631830992735715,0.04659309730751917
2024-11-11,2024-07-01,0.09845534056823732,0.10088993512664289
2024-11-12,2024-07-01,0.01054369701417971,0.009530639741997301
2024-11-13,2024-07-01,0.027350991952880155,0.028283244590345438
2024-11-14,2024-07-01,0.037226378364407724,0.03822383819731557
2024-11-15,2024-07-01,0.03628720779880927,0.042023737542595106
2024-11-16,2024-07-01,0.012327772491764255,0.006931006981372637
2024-11-17,2024-07-01,0.013719628600227705,0.009446941335700532
2024-11-18,2024-07-01,0.010403268759054835,0.006175125429943732
2024-11-19,2024-07-01,0.02073673684307954,0.018379073256137368
2024-11-20,2024-07-01,0.021492708418454236,0.020146731390803342
2024-11-21,2024-07-01,0.03696312142921424,0.04269187458740599
2024-11-22,2024-07-01,0.0026092860771102966,0.0036391776519432172
2024-11-23,2024-07-01,0.019231578053063372,0.013861018654360634
2024-11-24,2024-07-01,0.0030940205299867986,0.0008183606904629849
2024-11-25,2024-07-01,0.057655476852639345,0.051646174378206386
2024-11-26,2024-07-01,0.016841523572740488,0.013756552735930681
2024-11-27,2024-07-01,0.04470381116235757,0.04164700728911968
2024-11-28,2024-07-01,0.004580184635056054,0.00459417048603242
2024-11-29,2024-07-01,0.017901467933889047,0.01734494915442516
2024-11-30,2024-07-01,0.018657845374206096,0.011856108819435787
2024-12-01,2024-07-01,0.00549114490692733,0.0070187452682560275
2024-12-02,2024-07-01,0.01732794040605058,0.01605025235190724
2024-12-03,2024-07-01,0.0035845405957379717,0.00018263615710330792
2024-12-04,2024-07-01,0.031068445933259553,0.027276244380722972
2024-12-05,2024-07-01,0.02338613761916516,0.02344706402877433
2024-12-06,2024-07-01,0.03353865074602214,0.032799756469549676
2024-12-07,2024-07-01,0.006529212416243647,0.0013729462159995103
2024-12-08,2024-07-01,0.009145499435884573,0.011584083028554614
2024-12-09,2024-07-01,0.04186550999400533,0.03906112626164362
2024-12-10,2024-07-01,0.00956312823366757,0.009480590480661185
2024-12-11,2024-07-01,0.044645039858168485,0.044947997846455263
2024-12-12,2024-07-01,0.00888984436670257,0.012519307050626075
2024-12-13,2024-07-01,0.014041243316948728,0.012554613128899321
2024-12-14,2024-07-01,0.0021083576768609414,0.002337045672117601
2024-12-15,2024-07-01,0.028579709884302147,0.027307576314721343
2024-12-16,2024-07-01,0.00951892247441339,0.015170849037857396
2024-12-17,2024-07-01,0.006053044206445181,0.00043641116756526943
2024-12-18,2024-07-01,0.05957391091429096,0.05900816384220402
2024-12-19,2024-07-01,0.026533764152511765,0.027285552006905973
2024-12-20,2024-07-01,0.004703523572734488,0.001071697434285172
2024-12-21,2024-07-01,0.009744182737656294,0.006965762038784874
2024-12-22,2024-07-01,0.021072795696441073,0.023373686266439476
2024-12-23,2024-07-01,0.0075836506404198005,0.006041164259873305
2024-12-24,2024-07-01,0.040530649325100074,0.040574818463006805
2024-12-25,2024-07-01,0.0035237090899477817,0.004945488967346784
2024-12-26,2024-07-01,0.0391644610543458,0.03681159135602462
2024-12-27,2024-07-01,0.01796960713189011,0.01871999107064025
2024-12-28,2024-07-01,0.00971027389542301,0.008995740464417961
2024-12-29,2024-07-01,0.01567088409849182,0.018667275012088626
2024-12-30,2024-07-01,0.01590211585782822,0.011105239294507723
2024-12-31,2024-07-01,0.0057484183587270705,0.006899058068868076
2025-01-01,2025-01-01,0.011740917386958174,0.009032240038098766
2025-01-02,2025-01-01,0.02490972847803699,0.024595184235801777
2025-01-03,2025-01-01,0.008306243333428148,0.0113708354982357
2025-01-04,2025-01-01,0.00013867917824083014,0.00018813047670562994
2025-01-05,2025-01-01,0.0024149658286183127,0.000919168259239744
2025-01-06,2025-01-01,0.037988207082265066,0.03654943343913415
2025-01-07,2025-01-01,0.051707035627121624,0.05148670740749095
2025-01-08,2025-01-01,0.02382902901110108,0.022146026231535554
2025-01-09,2025-01-01,0.02840946210135569,0.029039839184939693
2025-01-10,2025-01-01,0.019836000995340348,0.021707026255295664
2025-01-11,2025-01-01,0.003086907087190401,0.0026801951087347263
2025-01-12,2025-01-01,0.004020091886668749,0.00260421368327612
2025-01-13,2025-01-01,0.0015728036079421907,0.00146085464260338
2025-01-14,2025-01-01,0.02245929192404747,0.01960994171240599
2025-01-15,2025-01-01,0.041445178477262326,0.03981176782436102
2025-01-16,2025-01-01,0.011912719711168373,0.008371001061358126
2025-01-17,2025-01-01,0.04413538011069118,0.04526200642590868
2025-01-18,2025-01-01,0.0008818789386910872,0.001320483878275234
2025-01-19,2025-01-01,0.03549731039708511,0.033551889376251275
2025-01-20,2025-01-01,0.0021697497725543698,0.0067971165694777624
2025-01-21,2025-01-01,0.03651337847272194,0.038930474771581694
2025-01-22,2025-01-01,0.02097921876942038,0.024429164732537582
2025-01-23,2025-01-01,1.536432782025393e-07,0.0007407800687038654
2025-01-24,2025-01-01,0.00715046069743606,0.006589976058192833
2025-01-25,2025-01-01,0.0015733406408896269,0.00257873837047557
2025-01-26,2025-01-01,0.02090058953291657,0.021171060372131043
2025-01-27,2025-01-01,0.010049589377418046,0.007919696785223968
2025-01-28,2025-01-01,0.009546582806541937,0.009247950785847439
2025-01-29,2025-01-01,0.022350998633258717,0.021509185226244343
2025-01-30,2025-01-01,0.004988662208267704,0.00867765862817139
2025-01-31,2025-01-01,0.024817053456926887,0.023801373350487747
2025-02-01,2025-01-01,0.020360220109860164,0.019267740444759485
2025-02-02,2025-01-01,0.030896306462389354,0.031549623871303514
2025-02-03,2025-01-01,0.03321440731223266,0.03572277392952817
2025-02-04,2025-01-01,0.03595430571673352,0.03582245716949045
2025-02-05,2025-01-01,0.013858648546599472,0.015282964882735839
2025-02-06,2025-01-01,0.0007400196335949399,0.0022146018857458157
2025-02-07,2025-01-01,0.0009850067394464085,0.002406360015644136
2025-02-08,2025-01-01,0.002001463683445146,0.002237724145181919
2025-02-09,2025-01-01,0.005008309105630889,0.0015683359466405979
2025-02-10,2025-01-01,0.0078279344889036,0.007976535637628906
2025-02-11,2025-01-01,0.017925084597149064,0.01889480492429294
2025-02-12,2025-01-01,0.020279647071228032,0.020244511365637805
2025-02-13,2025-01-01,0.014049786298003054,0.014185255116380226
2025-02-14,2025-01-01,0.007791986029638585,0.007155088847084844
2025-02-15,2025-01-01,0.0015252814345287288,0.0008238945069581255
2025-02-16,2025-01-01,0.017499667384138634,0.01613202568743435
2025-02-17,2025-01-01,0.007444619008288951,0.00620437452184465
2025-02-18,2025-01-01,0.005620074187414606,0.004261485267808851
2025-02-19,2025-01-01,0.013555748938298594,0.009683659414197993
2025-02-20,2025-01-01,0.015714271081260226,0.016061397645910937
2025-02-21,2025-01-01,0.021610195915726247,0.023854918805463567
2025-02-22,2025-01-01,0.002808944127364314,0.0025104642037329923
2025-02-23,2025-01-01,0.006675124114325222,0.004787225139663376
2025-02-24,2025-01-01,0.05202116135346244,0.052242454681323366
2025-02-25,2025-01-01,0.03412931599404175,0.03207978042380149
2025-02-26,2025-01-01,0.050672095297704244,0.05176994048175945
2025-02-27,2025-01-01,0.0034054848761599114,0.0015220315954684398
2025-02-28,2025-01-01,0.0031872235236119874,0.005550458983079825
2025-03-01,2025-01-01,0.017704434006238084,0.017841661637767597
2025-03-02,2025-01-01,0.0959599029343686,0.09415447691094286
2025-03-03,2025-01-01,0.08591609648251264,0.08667297818142461
2025-03-04,2025-01-01,0.009123623030914348,0.0099393023293489
2025-03-05,2025-01-01,0.03466469364366587,0.03754928374622441
2025-03-06,2025-01-01,0.008444903580024685,0.008274372962155302
2025-03-07,2025-01-01,0.036031886694433225,0.03768253517175833
2025-03-08,2025-01-01,0.010576533786650017,0.009230046600738217
2025-03-09,2025-01-01,0.061773615114145954,0.06632466169921981
2025-03-10,2025-01-01,0.02845260754607633,0.028688701096660232
2025-03-11,2025-01-01,0.049781950935140554,0.052910242120420586
2025-03-12,2025-01-01,0.009540352778117267,0.009743174499115657
2025-03-13,2025-01-01,0.025953963660689194,0.033273654971462806
2025-03-14,2025-01-01,0.034180219034762344,0.033426628709350543
2025-03-15,2025-01-01,0.005904197058532267,0.0034333593881024143
2025-03-16,2025-01-01,0.022996250178835817,0.022572912593266176
2025-03-17,2025-01-01,0.013256785591212475,0.015956864988638103
2025-03-18,2025-01-01,0.01739713307579888,0.017517805173110253
2025-03-19,2025-01-01,0.04537806701573589,0.047929414011697966
2025-03-20,2025-01-01,0.03105735146474824,0.0316813094550839
2025-03-21,2025-01-01,0.0069549518731187015,0.003845614049461964
2025-03-22,2025-01-01,0.003870218385200776,0.004269114083453956
2025-03-23,2025-01-01,0.03064122165783162,0.02471308171802948
2025-03-24,2025-01-01,0.015822811831288128,0.015571626318764124
2025-03-25,2025-01-01,0.003245306515881374,0.001728613779733252
2025-03-26,2025-01-01,0.006933536582019125,0.008280025302048782
2025-03-27,2025-01-01,0.003150722259305935,0.0013067953432771091
2025-03-28,2025-01-01,0.035779779113643995,0.03406994387008304
2025-03-29,2025-01-01,0.02692944067170515,0.02319799044959932
2025-03-30,2025-01-01,0.0065043541044443095,0.0053288861467028145
2025-03-31,2025-01-01,0.0018368255754796729,0.0008064575721624652
2025-04-01,2025-01-01,0.02827996419276755,0.030053301187168768
2025-04-02,2025-01-01,0.03104422689213359,0.03261988825185808
2025-04-03,2025-01-01,0.006927676993905762,0.005103275218746854
2025-04-04,2025-01-01,0.009391380692347873,0.007333191986904356
2025-04-05,2025-01-01,0.008230138845225474,0.00561035617040896
2025-04-06,2025-01-01,0.06585063078163612,0.0651785943141049
2025-04-07,2025-01-01,0.007193625151833738,0.010053570462538554
2025-04-08,2025-01-01,0.03772306394331594,0.03886089159349294
2025-04-09,2025-01-01,0.08406542015347208,0.08013774135107572
2025-04-10,2025-01-01,0.03762839197596239,0.03578783631138815
2025-04-11,2025-01-01,0.044401097972390176,0.04497731065929356
2025-04-12,2025-01-01,0.02283566321250041,0.021778997491104093
2025-04-13,2025-01-01,0.021705134912578698,0.0200949869127895
2025-04-14,2025-01-01,0.006852567290305254,0.00812249997852374
2025-04-15,2025-01-01,0.0134106704587651,0.011863590605449755
2025-04-16,2025-01-01,0.006751493063993269,0.0024106636899647363
2025-04-17,2025-01-01,0.01062215032802799,0.008604490673432531
2025-04-18,2025-01-01,0.009388280427353863,0.006780709703024544
2025-04-19,2025-01-01,0.004291532056372616,0.005404578094045024
2025-04-20,2025-01-01,0.0021307680759131377,0.0002926696664043336
2025-04-21,2025-01-01,0.02519557233299165,0.025808653989718287
2025-04-22,2025-01-01,0.06668927590750273,0.06648065168523283
2025-04-23,2025-01-01,0.0035824493756293784,0.002344883527677564
2025-04-24,2025-01-01,0.001498630185847269,0.0009005728768315807
2025-04-25,2025-01-01,0.007383969405609098,0.0065754109272444
2025-04-26,2025-01-01,0.005235567850845957,0.002355749744336878
2025-04-27,2025-01-01,0.014848922071862001,0.011185629559275505
2025-04-28,2025-01-01,0.006959966907912407,0.011125424898521405
2025-04-29,2025-01-01,0.011707624272877942,0.00878602677712419
2025-04-30,2025-01-01,0.002198302958146252,0.002712946520721843
2025-05-01,2025-01-01,0.018188765184296185,0.02249936876348055
2025-05-02,2025-01-01,0.005418483196587621,0.0030691755728139997
2025-05-03,2025-01-01,0.012078267027734863,0.012171586130976075
2025-05-04,2025-01-01,0.018707193568061196,0.01838570439031871
2025-05-05,2025-01-01,5.85820223640331e-05,0.0025164453020274104
2025-05-06,2025-01-01,0.01756486756892439,0.02003782123607283
2025-05-07,2025-01-01,0.0009178417299159718,0.0010616962139648062
2025-05-08,2025-01-01,0.063035571000482,0.062288285730622416
2025-05-09,2025-01-01,0.0058247820528487294,0.0030938944420974583
2025-05-10,2025-01-01,0.0145654350879522,0.014941025790582827
2025-05-11,2025-01-01,0.01147282365672168,0.007044552110058889
2025-05-12,2025-01-01,0.017827750624574194,0.014283635124255347
2025-05-13,2025-01-01,0.013031687667664011,0.011210439130642003
2025-05-14,2025-01-01,0.00725314691820682,0.007527276091072869
2025-05-15,2025-01-01,0.0023364951055488774,0.00011582298241931757
2025-05-16,2025-01-01,0.004664817900039524,0.00416198826189648
2025-05-17,2025-01-01,0.005424622461079221,0.0046728673736575
2025-05-18,2025-01-01,0.02622444206144061,0.029744403412575726
2025-05-19,2025-01-01,0.011773628634787762,0.009004396711793502
2025-05-20,2025-01-01,0.00820915816238422,0.009310826142755751
2025-05-21,2025-01-01,0.026729321714886428,0.02551701451947168
2025-05-22,2025-01-01,0.01742368839732109,0.016982396523056616
2025-05-23,2025-01-01,0.041400648153570585,0.04066082598503121
2025-05-24,2025-01-01,0.000971077209782839,0.0021634396910124314
2025-05-25,2025-01-01,0.0070292907208503105,0.009907203814140356
2025-05-26,2025-01-01,0.0006282717426801762,0.002200441795093879
2025-05-27,2025-01-01,0.008064285433264304,0.0057447803320962035
2025-05-28,2025-01-01,0.01484924641601127,0.012763403956514163
2025-05-29,2025-01-01,0.01760403828005558,0.02199974609267738
2025-05-30,2025-01-01,0.017715922645713107,0.01769031405367213
2025-05-31,2025-01-01,0.0045302195039741405,0.00410572503214718
2025-06-01,2025-01-01,0.006294838797654342,0.008076530545176454
2025-06-02,2025-01-01,0.0011429243332822174,0.0006203299198279531
2025-06-03,2025-01-01,0.0059656988285766484,0.005943290823625658
2025-06-04,2025-01-01,0.010836391620171089,0.008470937285348553
2025-06-05,2025-01-01,0.03289078540065271,0.032006784843049786
2025-06-06,2025-01-01,0.02497359116407849,0.02536946442904888
2025-06-07,2025-01-01,0.009526697422908398,0.010556073702017289
2025-06-08,2025-01-01,0.0013822733934309567,0.0001678189605577459
2025-06-09,2025-01-01,0.041532815424726456,0.04082713896786421
2025-06-10,2025-01-01,0.0010366189287891632,0.0012325565717840727
2025-06-11,2025-01-01,0.015646716531743494,0.016008100121780947
2025-06-12,2025-01-01,0.0288046458344162,0.027397096368909475
2025-06-13,2025-01-01,0.002458871441849585,0.0007123951825741672
2025-06-14,2025-01-01,0.007265830712792657,0.007533134471890026
2025-06-15,2025-01-01,0.0015545279307449616,0.0011027722950353457
2025-06-16,2025-01-01,0.012609455655409888,0.01006780490702012
2025-06-17,2025-01-01,0.020812902092843928,0.02206698305846644
2025-06-18,2025-01-01,0.0012577208016605827,0.0005439342306670933
2025-06-19,2025-01-01,0.0057139389140452735,0.003579244257189413
2025-06-20,2025-01-01,0.016595698479825935,0.01491192133109766
2025-06-21,2025-01-01,0.013710272409965474,0.01218675966331062
2025-06-22,2025-01-01,0.01238882054461048,0.014361802782396986
2025-06-23,2025-01-01,0.04552633670836452,0.04347282411909256
2025-06-24,2025-01-01,0.004507584035371754,0.003596440448435736
2025-06-25,2025-01-01,0.010761512659071515,0.010737057578037883
2025-06-26,2025-01-01,0.008811893005663218,0.005235315738639532
2025-06-27,2025-01-01,0.0019341387730931016,0.0006198872902817632
2025-06-28,2025-01-01,0.0014539970786793693,0.0005173119048758436
2025-06-29,2025-01-01,0.0074216715204052115,0.008158481909233635
2025-06-30,2025-01-01,0.010028710928307854,0.013082054577515857
2025-07-01,2025-07-01,0.012906709384730134,0.015497348588029985
2025-07-02,2025-07-01,0.02926178325935324,0.02780700971093021
2025-07-03,2025-07-01,0.002370368986617255,0.005699130009751314
2025-07-04,2025-07-01,0.018819738182526323,0.01656883577960457
2025-07-05,2025-07-01,0.001359983218634415,0.0003010400796994862
2025-07-06,2025-07-01,0.007992118191011357,0.007344162820503838
2025-07-07,2025-07-01,0.008973677296437004,0.010349854764551542
2025-07-08,2025-07-01,0.003729389428390191,0.003960465024282172
2025-07-09,2025-07-01,0.021385023908358895,0.019958239216948528
2025-07-10,2025-07-01,0.04043740278041763,0.0402079387567043
2025-07-11,2025-07-01,0.011148778261896919,0.011782548674324295
2025-07-12,2025-07-01,0.005771938525758314,0.002476584106024313
2025-07-13,2025-07-01,0.00966401647480745,0.012366880057966602
2025-07-14,2025-07-01,0.005419666663612049,0.004408908785031031
2025-07-15,2025-07-01,0.019610096487660357,0.019152499851359795
2025-07-16,2025-07-01,0.005471532022049351,0.006006396849910537
2025-07-17,2025-07-01,0.003959337440411165,0.0028217717437686307
2025-07-18,2025-07-01,0.011000991492577668,0.012662541374379867
2025-07-19,2025-07-01,0.0054401523030192574,0.0026081079871294434
2025-07-20,2025-07-01,0.00960516938927165,0.007354766623742948
2025-07-21,2025-07-01,0.0014457140059346615,0.0008189734148330622
2025-07-22,2025-07-01,0.01974579890097144,0.019847956747799118
2025-07-23,2025-07-01,0.012569226062119325,0.011992809394937734
2025-07-24,2025-07-01,0.0046270597514602545,0.005331857454633573
2025-07-25,2025-07-01,0.00786208137704685,0.008154986449584737
2025-07-26,2025-07-01,0.00028199526512268395,0.0006372961467764906
2025-07-27,2025-07-01,0.008967844107142055,0.010830668476974562
2025-07-28,2025-07-01,0.01599739720863747,0.014530039145805279
2025-07-29,2025-07-01,0.0027656896438287724,0.0021203916568086796
2025-07-30,2025-07-01,0.003447664393894325,0.0026990396566959184
2025-07-31,2025-07-01,0.01788604505786055,0.0195355666500134
2025-08-01,2025-07-01,0.022695674422702414,0.023219136196692965
2025-08-02,2025-07-01,0.009370868047312865,0.009193968668144039
2025-08-03,2025-07-01,0.014192310613845866,0.01301154015921349
2025-08-04,2025-07-01,0.006392269216728345,0.005740614479424483
2025-08-05,2025-07-01,0.01156413504727694,0.00992889283889181
2025-08-06,2025-07-01,0.005357698175700991,0.005728448918368205
2025-08-07,2025-07-01,0.020445607321975257,0.019633222332886124
2025-08-08,2025-07-01,0.008670755185244482,0.008540104924323194
2025-08-09,2025-07-01,0.0048938760733723465,0.0036432678062817405
2025-08-10,2025-07-01,0.021833948847176276,0.022138872962912302
2025-08-11,2025-07-01,0.004324085530464841,0.006446737913415425
2025-08-12,2025-07-01,0.010968025218207592,0.010136591822008698
2025-08-13,2025-07-01,0.022774545848111304,0.024612856591560324
2025-08-14,2025-07-01,0.04050067832623042,0.042011966551048455
2025-08-15,2025-07-01,0.011197562693668723,0.01058038691742875
2025-08-16,2025-07-01,0.0029156555388473323,0.0012277443668510858
2025-08-17,2025-07-01,0.0016523151272981541,0.0022457967733844958
2025-08-18,2025-07-01,0.011395209801714214,0.012160340118868197
2025-08-19,2025-07-01,0.030360700630382664,0.03149152416417874
2025-08-20,2025-07-01,0.012199309955042757,0.01048962495712014
2025-08-21,2025-07-01,0.018392119213732475,0.01799666328026396
2025-08-22,2025-07-01,0.035378116145794926,0.03748352695202984
2025-08-23,2025-07-01,0.015895653010770165,0.01425210418376777
2025-08-24,2025-07-01,0.017759780573727717,0.01871858054166979
2025-08-25,2025-07-01,0.02964717239707579,0.03152497495470032
2025-08-26,2025-07-01,0.011576917155797787,0.012938522816278627
2025-08-27,2025-07-01,0.006749604797506383,0.006919504399572844
2025-08-28,2025-07-01,0.010609670152816674,0.009887451283799874
2025-08-29,2025-07-01,0.036877055405663106,0.03851018638546981
2025-08-30,2025-07-01,0.00018173861769683062,0.0012575684656947156
2025-08-31,2025-07-01,0.006094748425574336,0.00712210936707721
2025-09-01,2025-07-01,0.005836557205648033,0.007365596601855096
2025-09-02,2025-07-01,0.017229952615789298,0.016038019746028136
2025-09-03,2025-07-01,0.0053567272695655595,0.0029912852460903866
2025-09-04,2025-07-01,0.009444561117730746,0.010826902499014034
2025-09-05,2025-07-01,0.0029192610215557795,0.0027044815088965598
2025-09-06,2025-07-01,0.008656479783716463,0.005790060612278984
2025-09-07,2025-07-01,0.007341619441495726,0.006572791962725289
2025-09-08,2025-07-01,0.006953164627743642,0.006308304990192805
2025-09-09,2025-07-01,0.006763550725838048,0.0066585592033378185
2025-09-10,2025-07-01,0.02105770000447979,0.019743786354275983
2025-09-11,2025-07-01,0.012456282209409829,0.011967881785456458
2025-09-12,2025-07-01,0.003782548193107845,0.003375291603266212
2025-09-13,2025-07-01,0.003324188142536271,0.003173392786086646
2025-09-14,2025-07-01,0.0060813177146425805,0.006633037163818271
2025-09-15,2025-07-01,0.002368157832922313,0.0016694639344363108
2025-09-16,2025-07-01,0.00913402249794948,0.010185651193256724
2025-09-17,2025-07-01,0.00620554772737997,0.004984884569445233
2025-09-18,2025-07-01,0.005952475509732174,0.003762968259900767
2025-09-19,2025-07-01,0.015342979726138234,0.014222445137216863
2025-09-20,2025-07-01,0.0012256037865377074,0.001806836086308849
2025-09-21,2025-07-01,0.00792039400765536,0.00551767956942086
2025-09-22,2025-07-01,0.024778584852502072,0.024159688828420234
2025-09-23,2025-07-01,0.008253185064884705,0.008724562557394035
2025-09-24,2025-07-01,0.011620909340441271,0.009724859145110155
2025-09-25,2025-07-01,0.03880157800266909,0.03954099641081557
2025-09-26,2025-07-01,0.0032895832115398403,0.0036652193486535305
2025-09-27,2025-07-01,0.004168668087382931,0.0021211518823377393
2025-09-28,2025-07-01,0.020588866655756263,0.020313273097190693
2025-09-29,2025-07-01,0.018276417334466017,0.018666535483095253
2025-09-30,2025-07-01,0.00549024622132023,0.004691766183081177
2025-10-01,2025-07-01,0.040118625367516314,0.038289281146201774
2025-10-02,2025-07-01,0.016314437802058747,0.015711794845820668
2025-10-03,2025-07-01,0.010642890375295252,0.011405791804168557
2025-10-04,2025-07-01,0.002023602825745873,0.0004717293613977166
2025-10-05,2025-07-01,0.0062353780710939916,0.006966112410576113
2025-10-06,2025-07-01,0.008616207129671132,0.008212065440828621
2025-10-07,2025-07-01,0.029564877524385982,0.028269765546446148
2025-10-08,2025-07-01,0.01213031015979176,0.01339829611706413
2025-10-09,2025-07-01,0.01304187505436799,0.015092072826149158
2025-10-10,2025-07-01,0.07092482485116915,0.07187857696421392
2025-10-11,2025-07-01,0.02573922653738629,0.024073935664234127
2025-10-12,2025-07-01,0.03740661847373322,0.03718803646682203
2025-10-13,2025-07-01,0.0008258388953706648,0.0005426063153824372
2025-10-14,2025-07-01,0.020840260281043438,0.020609799006560937
2025-10-15,2025-07-01,0.022486270676426653,0.022817325151460913
2025-10-16,2025-07-01,0.02600951549168413,0.025632308953311353
2025-10-17,2025-07-01,0.01833659976004156,0.01810639356766443
2025-10-18,2025-07-01,0.0006065116528665886,0.004734756777985504
2025-10-19,2025-07-01,0.013735248463835267,0.011859531173446108
2025-10-20,2025-07-01,0.0205874409793908,0.01592854116485644
2025-10-21,2025-07-01,0.019767458525643027,0.02081023933815963
2025-10-22,2025-07-01,0.010440224554186705,0.009450535465334326
2025-10-23,2025-07-01,0.01900769634095178,0.020093671797019243
2025-10-24,2025-07-01,0.007990523312560411,0.007112128750091704
2025-10-25,2025-07-01,0.003237132258565219,0.003644337763928824
2025-10-26,2025-07-01,0.023608024659491276,0.0234894025106235
2025-10-27,2025-07-01,0.0009621696260199487,0.0046958270608164175
2025-10-28,2025-07-01,0.011902646381281669,0.01217475609354679
2025-10-29,2025-07-01,0.029631303379977533,0.027742613945696475
2025-10-30,2025-07-01,0.018122274961794728,0.018155571717351236
2025-10-31,2025-07-01,0.009293496075019506,0.009421586702288473
2025-11-01,2025-07-01,0.0019084810250065256,0.0028564273435123825
2025-11-02,2025-07-01,0.004458984333656683,0.00335157937720807
2025-11-03,2025-07-01,0.03547063434425861,0.03885339385975161
2025-11-04,2025-07-01,0.046259617689343946,0.04893089432387467
2025-11-05,2025-07-01,0.018656725803150524,0.020140914894895584
2025-11-06,2025-07-01,0.027676210816143406,0.02656026645036905
2025-11-07,2025-07-01,0.017415217343301946,0.018184558462328304
2025-11-08,2025-07-01,0.012403698063668247,0.012208313860526865
2025-11-09,2025-07-01,0.023820601594214726,0.02175546135131721
2025-11-10,2025-07-01,0.013918080012682571,0.010570184663909094
2025-11-11,2025-07-01,0.03217853909085271,0.03008124993676883
2025-11-12,2025-07-01,0.01708119319373811,0.015253085729158514
2025-11-13,2025-07-01,0.021766628414240662,0.021422067169902432
2025-11-14,2025-07-01,0.05432216164015409,0.055332640068148184
2025-11-15,2025-07-01,0.00928312471529548,0.009593128780161664
2025-11-16,2025-07-01,0.01257591028741681,0.01611560967727736
2025-11-17,2025-07-01,0.020611554646857762,0.024241538505443024
2025-11-18,2025-07-01,0.0087559652595151,0.007074998394698314
2025-11-19,2025-07-01,0.02028792874824868,0.017759188961112803
2025-11-20,2025-07-01,0.05598307124772726,0.05499161801032866
2025-11-21,2025-07-01,0.019653864404886482,0.02039128836889368
2025-11-22,2025-07-01,0.005973474540065914,0.007337195372740694
2025-11-23,2025-07-01,0.028847486490239656,0.02348524094508975
2025-11-24,2025-07-01,0.017678902540101172,0.01527806085164168
2025-11-25,2025-07-01,0.01226689547949837,0.012247991977437362
2025-11-26,2025-07-01,0.034764080115240535,0.03429483605018155
2025-11-27,2025-07-01,0.0043820683448298125,0.00700953052062743
2025-11-28,2025-07-01,0.005862615257079702,0.005849886452841847
2025-11-29,2025-07-01,0.003529017652716261,0.0027293329723129074
2025-11-30,2025-07-01,0.002275212256055756,0.006975667792794065
2025-12-01,2025-07-01,0.0416538396670864,0.04705208949156347
2025-12-02,2025-07-01,0.054479534648996145,0.055748666479283955
2025-12-03,2025-07-01,0.02268148746843071,0.022667152323797613
2025-12-04,2025-07-01,0.014848628103861693,0.016473186247817843
2025-12-05,2025-07-01,0.03477428772433834,0.032017950732415944
2025-12-06,2025-07-01,0.004485431257282793,0.003599120854468738
2025-12-07,2025-07-01,0.01131464225469859,0.010756946115946457
2025-12-08,2025-07-01,0.0014632988759630395,0.0008241964580363468
2025-12-09,2025-07-01,0.023322812141056335,0.02072901517246907
2025-12-10,2025-07-01,0.005747249898351479,0.008881042674603861
2025-12-11,2025-07-01,0.003972291422074942,0.0032949273525130786
2025-12-12,2025-07-01,0.030313442519707193,0.026084707143301352
2025-12-13,2025-07-01,0.008592738219686282,0.001930847545112946
2025-12-14,2025-07-01,0.023459018311565164,0.025435635219878856
2025-12-15,2025-07-01,0.02010343704590461,0.022141473646860057
2025-12-16,2025-07-01,0.01562986937827535,0.014302686493875106
2025-12-17,2025-07-01,0.018665462371038756,0.02106958380847509
2025-12-18,2025-07-01,0.007692840318938825,0.010094877616959973
2025-12-19,2025-07-01,0.026809130383604253,0.02887536859772665
2025-12-20,2025-07-01,5.7590717279446934e-05,0.0011958656360008704
2025-12-21,2025-07-01,1.5652777003165048e-05,0.0012337328177754467
2025-12-22,2025-07-01,0.006160556898563101,0.0033796946605424427
2025-12-23,2025-07-01,0.012361717575045058,0.014112760723935306
2025-12-24,2025-07-01,0.0009426565247144815,0.00017727403514547664
2025-12-25,2025-07-01,0.0034446594405163353,0.0062044798844514155
2025-12-26,2025-07-01,0.0024276223157530114,0.0012242484006215815
2025-12-27,2025-07-01,0.003910532517092757,0.0038144933996605394
2025-12-28,2025-07-01,0.001785112980932303,0.001476213275446673
2025-12-29,2025-07-01,0.010481001250106422,0.009873236446667509
2025-12-30,2025-07-01,0.012103402283048008,0.012792744668766856
2025-12-31,2025-07-01,0.009197953370700944,0.012158637557343534
2026-01-01,2026-01-01,0.014435183097798114,0.012110422088338513
2026-01-02,2026-01-01,0.01054428641957515,0.012040543822863776
2026-01-03,2026-01-01,0.005781608718563663,0.005685428943971586
2026-01-04,2026-01-01,0.006532867025217555,0.007247954422239986
2026-01-05,2026-01-01,0.023472285991845008,0.025331478263827437
2026-01-06,2026-01-01,0.0030603710719999885,0.0031408337166850763
2026-01-07,2026-01-01,0.02860275006771161,0.02761367726431012
2026-01-08,2026-01-01,0.006296986178859718,0.005086494348039917
2026-01-09,2026-01-01,0.006553140836248374,0.007434534694492356
2026-01-10,2026-01-01,0.002587918486700596,0.0032155079889437024
2026-01-11,2026-01-01,0.004198057469701628,0.0031007001113041296
2026-01-12,2026-01-01,0.002166217049953725,0.002307443935945797
2026-01-13,2026-01-01,0.04372393017878738,0.043549034329177935
2026-01-14,2026-01-01,0.014849135620786453,0.015534913614788379
2026-01-15,2026-01-01,0.018806921717282432,0.015828733143238117
2026-01-16,2026-01-01,0.00419942486162185,0.0021740163330455625
2026-01-17,2026-01-01,0.005054685044297092,0.006213022431513789
2026-01-18,2026-01-01,0.017631171198107445,0.01721669081643252
2026-01-19,2026-01-01,0.015261393786126991,0.013453737116156095
2026-01-20,2026-01-01,0.04700108045441722,0.04771191169807357
2026-01-21,2026-01-01,0.009926937807760708,0.009869200054094134
2026-01-22,2026-01-01,0.0006346937326197216,0.0006826548720549736
2026-01-23,2026-01-01,0.003284501494946273,0.0012965797556726685
2026-01-24,2026-01-01,0.005593288638399578,0.006151861829883533
2026-01-25,2026-01-01,0.029443092185342797,0.0302931656827092
2026-01-26,2026-01-01,0.018833861926408374,0.017541654266120837
2026-01-27,2026-01-01,0.007286013283387641,0.007894853274001565
2026-01-28,2026-01-01,0.0011001764663232656,0.0007579918170600703
2026-01-29,2026-01-01,0.05389105424673174,0.05359215908153368
2026-01-30,2026-01-01,0.008692619669749262,0.007380722880550082
2026-01-31,2026-01-01,0.0677434006608865,0.06726780194013267
2026-02-01,2026-01-01,0.02571009929054852,0.02333818946548777
2026-02-02,2026-01-01,0.02064097335913997,0.02031904996047768
2026-02-03,2026-01-01,0.03532183703984369,0.04037577153446681
2026-02-04,2026-01-01,0.032185249013705966,0.036702498312360034
2026-02-05,2026-01-01,0.14403313465255435,0.14338591691445715
2026-02-06,2026-01-01,0.12216552288243976,0.12213199326586574
2026-02-07,2026-01-01,0.016408879628934763,0.01858272003090612
2026-02-08,2026-01-01,0.012014573561772107,0.01221455758138353
2026-02-09,2026-01-01,0.001989337969887091,0.003667837738084617
2026-02-10,2026-01-01,0.019967608642987883,0.02070828477257099
2026-02-11,2026-01-01,0.023654125640449435,0.028138600961766094
2026-02-12,2026-01-01,0.021570875468560555,0.013506421136476359
2026-02-13,2026-01-01,0.04067410392183374,0.03793578554540931
2026-02-14,2026-01-01,0.01796192328527605,0.011832162889922232
2026-02-15,2026-01-01,0.01043117980797146,0.015684532182486402
2026-02-16,2026-01-01,0.0031375145835776178,0.0011004086127690072
2026-02-17,2026-01-01,0.02016108430175951,0.021346447430310354
2026-02-18,2026-01-01,0.01498191005335252,0.01778924217300819
2026-02-19,2026-01-01,0.003236973464427457,0.006100375513333013
2026-02-20,2026-01-01,0.01739674360419181,0.013965757527543872
2026-02-21,2026-01-01,0.0016826195006232466,0.001640427929274832
2026-02-22,2026-01-01,0.0018367008319824054,0.006830984857336308
2026-02-23,2026-01-01,0.050220956451438654,0.046781738603641536
2026-02-24,2026-01-01,0.008529189595236839,0.010500096181800794
2026-02-25,2026-01-01,0.06007108918751012,0.05871618548448194
2026-02-26,2026-01-01,0.014339488125895535,0.008633526987419347
2026-02-27,2026-01-01,0.022246777150959275,0.025153018661524897
2026-02-28,2026-01-01,0.01463517389563685,0.014926949867367832
2026-03-01,2026-01-01,0.013784876328185742,0.020370115857470467
2026-03-02,2026-01-01,0.04200688652540699,0.04426145260309121
2026-03-03,2026-01-01,0.008496204552427293,0.008326418641436385
2026-03-04,2026-01-01,0.06217768892072468,0.06283423310982394
2026-03-05,2026-01-01,0.0270285106829834,0.0268497925915495
2026-03-06,2026-01-01,0.04462164441187015,0.040202470655966514
2026-03-07,2026-01-01,0.012909662045765866,0.014800648036791457
2026-03-08,2026-01-01,0.021488642000065904,0.021244057642936964
2026-03-09,2026-01-01,0.037534115049257764,0.03492537227879296
2026-03-10,2026-01-01,0.019721658820955126,0.020881330197732754
2026-03-11,2026-01-01,0.002904742189229247,0.0024163572091432384
2026-03-12,2026-01-01,0.002237672857965953,0.0023819848212992363
2026-03-13,2026-01-01,0.004303406239454714,0.00501184822744303
2026-03-14,2026-01-01,1.0907032372837588e-05,0.0017721084624722169
2026-03-15,2026-01-01,0.019507080942426584,0.020389215337447808
2026-03-16,2026-01-01,0.026929383165417348,0.026902720413102342
2026-03-17,2026-01-01,0.01493321973734944,0.014032634864948322
2026-03-18,2026-01-01,0.03691198943219348,0.038100844987968056
2026-03-19,2026-01-01,0.02348994905068494,0.02081405847046526
2026-03-20,2026-01-01,0.007314876178987404,0.006786146742974123
2026-03-21,2026-01-01,0.029258549478956272,0.027358456778160577
2026-03-22,2026-01-01,0.01680127296968085,0.014621352030036412
2026-03-23,2026-01-01,0.046071935167215625,0.04336539704892669
2026-03-24,2026-01-01,0.00706927781205105,0.006926326569673107
2026-03-25,2026-01-01,0.012893896632966261,0.009403850424353686
2026-03-26,2026-01-01,0.03863610624733768,0.03696682330753803
2026-03-27,2026-01-01,0.03862292679636125,0.037767009747393984
2026-03-28,2026-01-01,0.005655126886165747,0.0023797661462525515
2026-03-29,2026-01-01,0.01123949858313313,0.00726081779654089
2026-03-30,2026-01-01,0.009518665412366163,0.00934840674213641
2026-03-31,2026-01-01,0.02541539044427566,0.021463684730281842
2026-04-01,2026-01-01,4.951666990303787e-05,0.0038126468425827955
2026-04-02,2026-01-01,0.01925891788800926,0.01926939686035731
2026-04-03,2026-01-01,0.004836122944667494,0.001293863901115154
2026-04-04,2026-01-01,0.0018645972370591691,0.0036161327511234367
2026-04-05,2026-01-01,0.024332136493055948,0.02342259169986418
2026-04-06,2026-01-01,0.001302957223820946,0.0032930122335831057
2026-04-07,2026-01-01,0.04612657646381724,0.04295566653665251
2026-04-08,2026-01-01,0.010698926221334153,0.012693668502271516
2026-04-09,2026-01-01,0.002923762441618464,0.007179616611103765
2026-04-10,2026-01-01,0.012600940421409669,0.015205007702326197
2026-04-11,2026-01-01,0.003237152865043666,0.000572547859875568
2026-04-12,2026-01-01,0.032755833561190835,0.033251980405712235
2026-04-13,2026-01-01,0.05222911624539322,0.050670605661332566
2026-04-14,2026-01-01,0.001503115298553038,0.005318982537755729
2026-04-15,2026-01-01,0.009164525320640752,0.0065896799957432025
2026-04-16,2026-01-01,0.0003418272665874087,0.002959748141082098
2026-04-17,2026-01-01,0.02153497898548097,0.02455603980832473
2026-04-18,2026-01-01,0.020942312966823154,0.01967230047609461
2026-04-19,2026-01-01,0.03125494029302657,0.026635178146370245
2026-04-20,2026-01-01,0.024367406066921928,0.025302841642412276
2026-04-21,2026-01-01,0.00896026488999446,0.004832766356173239
2026-04-22,2026-01-01,0.02395400374651858,0.02252410001229953
2026-04-23,2026-01-01,0.001692195583698943,0.0006890224072313531
2026-04-24,2026-01-01,0.015239538861420437,0.012155513172328505
2026-04-25,2026-01-01,0.001478136031042508,0.00016087794503217862
2026-04-26,2026-01-01,0.00899697792329779,0.011729497056975772
2026-04-27,2026-01-01,0.02033992364658787,0.018046935932119423
2026-04-28,2026-01-01,0.013257312967323014,0.0150555060565434
2026-04-29,2026-01-01,0.006884733123493678,0.009410737994894398
2026-04-30,2026-01-01,0.0042429694657519414,0.005136370457726044
2026-05-01,2026-01-01,0.021078056963685,0.02287248338930774
2026-05-02,2026-01-01,0.003372908617309037,0.004587674348440755
2026-05-03,2026-01-01,0.0049750362992497955,0.00322297946892568
2026-05-04,2026-01-01,0.014855832877347768,0.014642905845980665
2026-05-05,2026-01-01,0.010253533686664562,0.01216390680246227
2026-05-06,2026-01-01,0.006211926076355239,0.004549667729540423
2026-05-07,2026-01-01,0.021410762880406435,0.01911465700166715
2026-05-08,2026-01-01,0.002410628989022452,0.0002782463717589229
2026-05-09,2026-01-01,0.0039062312992333755,0.004217789728451257
2026-05-10,2026-01-01,0.013957972607456088,0.016572619890157014
2026-05-11,2026-01-01,0.008943029968001448,0.006588585638793072
2026-05-12,2026-01-01,0.016460546325455173,0.01711951297687042
2026-05-13,2026-01-01,0.015585368630357144,0.016824324327916067
2026-05-14,2026-01-01,0.01986668116758676,0.020475095138313734
2026-05-15,2026-01-01,0.026204469182861206,0.02604417400831229
2026-05-16,2026-01-01,0.014145569083623435,0.013820359722972377
2026-05-17,2026-01-01,0.010180641489389611,0.010857181755694098
2026-05-18,2026-01-01,0.00871330987682202,0.007985617604828079
2026-05-19,2026-01-01,0.005186724053558256,0.00446302286509393
2026-05-20,2026-01-01,0.00468181983082966,0.007421533465829882
2026-05-21,2026-01-01,0.00020896375297988997,0.0006243902166728978
2026-05-22,2026-01-01,0.027062136667569417,0.028205921873410873
2026-05-23,2026-01-01,0.01290220953732654,0.013681944350037958
2026-05-24,2026-01-01,0.0026692437619738126,0.0024065342093206195
2026-05-25,2026-01-01,0.0031920237911589123,0.002151934285589574
2026-05-26,2026-01-01,0.020199323525651368,0.0205438598683916
2026-05-27,2026-01-01,0.02185249767627042,0.021476912871033527
2026-05-28,2026-01-01,0.013119249485430556,0.012817444331731612
2026-05-29,2026-01-01,0.005167901714147248,0.004095474612993049
2026-05-30,2026-01-01,0.0035519900877946224,0.0034264887762432508
2026-05-31,2026-01-01,0.0030049474592700903,0.004088712666022386
2026-06-01,2026-01-01,0.02994132900292712,0.03250175911417193
2026-06-02,2026-01-01,0.06646567093276827,0.06678224507819314
2026-06-03,2026-01-01,0.044608055079267704,0.042696021583790766
2026-06-04,2026-01-01,0.00465205292218613,0.005463323242044919
2026-06-05,2026-01-01,0.046114116203031866,0.046913832575591556
2026-06-06,2026-01-01,0.0011354639476668085,0.0031062233641857813
2026-06-07,2026-01-01,0.03883541539726683,0.03720746124834623
2026-06-08,2026-01-01,0.00018756756489412456,0.0037470759232441815
2026-06-09,2026-01-01,0.026115283049313456,0.02472722601401331
2026-06-10,2026-01-01,0.007172858255528295,0.005136663960937942
2026-06-11,2026-01-01,0.03436725551332346,0.03257690196746009
2026-06-12,2026-01-01,0.0007554215503472252,0.0017148377356721147
2026-06-13,2026-01-01,0.011843288756800291,0.012045717334287252
2026-06-14,2026-01-01,0.019988939715720168,0.018380834891280146
2026-06-15,2026-01-01,0.012029242743088926,0.007238981676286989
2026-06-16,2026-01-01,0.012478615442790837,0.012073955597116298
2026-06-17,2026-01-01,0.023774431046989966,0.019885009912847813
2026-06-18,2026-01-01,0.025674239053136157,0.025560145359608138
2026-06-19,2026-01-01,0.010647717503398327,0.00825773992842241
2026-06-20,2026-01-01,0.01150984756467436,0.009336851038092838
2026-06-21,2026-01-01,0.014719934254175018,0.01726155210175732
2026-06-22,2026-01-01,0.013111403228758175,0.009384161758106175
2026-06-23,2026-01-01,0.021315375892020805,0.021730333568478248
2026-06-24,2026-01-01,0.03305164972736565,0.028653984211067123
2026-06-25,2026-01-01,0.026483307955902077,0.022893379632017655
2026-06-26,2026-01-01,0.0015391088402188775,0.0029758543671875477
2026-06-27,2026-01-01,0.00014163609911081992,0.0029854575831208497
2026-06-28,2026-01-01,0.006237741419178445,0.008581034655264816
2026-06-29,2026-01-01,0.011492283288559824,0.008351045155587638
2026-06-30,2026-01-01,0.027400101606271408,0.02792944014702406
