date,window_start,baseline_err,selected_err
2020-01-01,2020-01-01,0.00904836345533812,0.00827703703004059
2020-01-02,2020-01-01,0.024886670435762367,0.02585890935078957
2020-01-03,2020-01-01,0.05159561814744343,0.05209191794514949
2020-01-04,2020-01-01,0.00716766197935313,0.006521891298307083
2020-01-05,2020-01-01,0.014172409887015857,0.007938750356988782
2020-01-06,2020-01-01,0.054543841718026786,0.05762832748258752
2020-01-07,2020-01-01,0.0039419549262012365,0.005608644074575616
2020-01-08,2020-01-01,0.024174259706469216,0.01793361716729068
2020-01-09,2020-01-01,0.026783321584336637,0.017568671642389184
2020-01-10,2020-01-01,0.04124926431756742,0.03567008273232741
2020-01-11,2020-01-01,0.001818148038732809,0.007546131735765091
2020-01-12,2020-01-01,0.009104668559962083,0.019272699724189005
2020-01-13,2020-01-01,0.011395070206168468,0.011959935595111448
2020-01-14,2020-01-01,0.14596781734451753,0.14992758649751012
2020-01-15,2020-01-01,0.002740051530248127,0.001421903809866776
2020-01-16,2020-01-01,0.01647430171464392,0.014305022803632168
2020-01-17,2020-01-01,0.02944703805609929,0.036457773603125784
2020-01-18,2020-01-01,0.028423095873657704,0.026969155074955314
2020-01-19,2020-01-01,0.05414877697887489,0.04977393023388679
2020-01-20,2020-01-01,0.009310553977208452,0.0013392500692102583
2020-01-21,2020-01-01,0.015189721915758242,0.015571345254241961
2020-01-22,2020-01-01,0.0098004790038322,0.00843947880335988
2020-01-23,2020-01-01,0.04077945591969602,0.033183260223137806
2020-01-24,2020-01-01,0.002720224498158024,0.000248544813538629
2020-01-25,2020-01-01,0.01010226983432697,0.010650815858030451
2020-01-26,2020-01-01,0.0435926047489936,0.04170399537900048
2020-01-27,2020-01-01,0.02306930469566728,0.016686904683145796
2020-01-28,2020-01-01,0.027505264486057633,0.030787718529188497
2020-01-29,2020-01-01,0.01198694038384618,0.008669755629345893
2020-01-30,2020-01-01,0.052991145213266,0.053872058671890835
2020-01-31,2020-01-01,0.0359991473540062,0.025359938970278013
2020-02-01,2020-01-01,0.01536855732172032,0.017696192312166657
2020-02-02,2020-01-01,0.020231066192084073,0.025962391105434593
2020-02-03,2020-01-01,0.009213223311618824,0.0061089500466461845
2020-02-04,2020-01-01,0.007061683301582704,0.004834296441763746
2020-02-05,2020-01-01,0.07733272577180374,0.0781606196840886
2020-02-06,2020-01-01,0.03996680584911181,0.0394165047552806
2020-02-07,2020-01-01,0.04797986516275173,0.04686622930463467
2020-02-08,2020-01-01,0.01138112962104621,0.00023566606761479532
2020-02-09,2020-01-01,0.024870621932683863,0.022679675772675104
2020-02-10,2020-01-01,0.023876827917456635,0.023514200152009657
2020-02-11,2020-01-01,0.048773376945238436,0.05364958992068194
2020-02-12,2020-01-01,0.12516562344644483,0.12464760574626532
2020-02-13,2020-01-01,0.011785462294507344,0.009112735267633858
2020-02-14,2020-01-01,0.050467540576373364,0.05653452590934339
2020-02-15,2020-01-01,0.07194590809240926,0.07021563125528077
2020-02-16,2020-01-01,0.023979839958854707,0.020248025446424477
2020-02-17,2020-01-01,0.013661121914938264,0.023915571765711362
2020-02-18,2020-01-01,0.053559512967240784,0.05865214534255857
2020-02-19,2020-01-01,0.0807343086676907,0.07986854249646143
2020-02-20,2020-01-01,0.01242988550379072,0.009010459161921766
2020-02-21,2020-01-01,0.03297663069497656,0.030344262358195966
2020-02-22,2020-01-01,0.012915913450547283,0.01182720634046183
2020-02-23,2020-01-01,0.03200092696868585,0.04169770809448651
2020-02-24,2020-01-01,0.03652942328988841,0.03155170976315427
2020-02-25,2020-01-01,0.059834004215140395,0.06658733035337691
2020-02-26,2020-01-01,0.08976303873119452,0.0901743847475025
2020-02-27,2020-01-01,0.00555496517607567,0.0054419976049889926
2020-02-28,2020-01-01,0.0007181178534650407,0.001351521617619882
2020-02-29,2020-01-01,0.0328207672423163,0.030461122488958263
2020-03-01,2020-01-01,0.003487622735533937,0.004447685519457572
2020-03-02,2020-01-01,0.06130548072971856,0.05369172690553799
2020-03-03,2020-01-01,0.022402040099151192,0.026156875115377808
2020-03-04,2020-01-01,0.006205333803910644,0.0016023470526086395
2020-03-05,2020-01-01,0.02283748743186825,0.020581926640624755
2020-03-06,2020-01-01,0.07449279031408118,0.06222255434582646
2020-03-07,2020-01-01,0.021099657359091716,0.024353164551531747
2020-03-08,2020-01-01,0.16589246749583914,0.1583034577143271
2020-03-09,2020-01-01,0.004669576684834151,0.0052173688966720855
2020-03-10,2020-01-01,0.005952107695682722,0.0035246281571131924
2020-03-11,2020-01-01,0.017142948480351167,0.02891948933545415
2020-03-12,2020-01-01,0.41420633167751714,0.42455716518997466
2020-03-13,2020-01-01,0.19368303882847615,0.18513704733168804
2020-03-14,2020-01-01,0.04681499913066446,0.065644893365248
2020-03-15,2020-01-01,0.02961289408362621,0.015622138826383358
2020-03-16,2020-01-01,0.12647938155408806,0.11874992232099545
2020-03-17,2020-01-01,0.055377347034551536,0.032632158875275555
2020-03-18,2020-01-01,0.0236849613383531,0.00961659344225913
2020-03-19,2020-01-01,0.18404766010374152,0.18934354211529555
2020-03-20,2020-01-01,0.03560471157398957,0.02887102559805554
2020-03-21,2020-01-01,0.008710528485566032,0.0031382459277600073
2020-03-22,2020-01-01,0.06920201593467368,0.07321496394701507
2020-03-23,2020-01-01,0.10528550875141086,0.09399987314281101
2020-03-24,2020-01-01,0.014430838913570136,0.02822587333709819
2020-03-25,2020-01-01,0.03375265948258513,0.020540662489895105
2020-03-26,2020-01-01,0.006270903299174856,0.013682919336886718
2020-03-27,2020-01-01,0.01749725533497052,0.031618687245402614
2020-03-28,2020-01-01,0.009192977211869012,0.02285760036765465
2020-03-29,2020-01-01,0.0398524577121531,0.04201239986642717
2020-03-30,2020-01-01,0.05213775494398262,0.05818864468218353
2020-03-31,2020-01-01,0.01492808999847163,0.005763212057662487
2020-04-01,2020-01-01,0.01654097157150876,0.014230425510926325
2020-04-02,2020-01-01,0.06714597992383507,0.04620524425209916
2020-04-03,2020-01-01,0.0024100182952170686,6.90171754853541e-05
2020-04-04,2020-01-01,0.005294772232559884,0.020104654606596765
2020-04-05,2020-01-01,0.026775307820730898,0.012797902704422293
2020-04-06,2020-01-01,0.1966989270064092,0.17731624629008516
2020-04-07,2020-01-01,0.04704276030422451,0.02425521920138636
2020-04-08,2020-01-01,0.03673403190612023,0.041785354057277437
2020-04-09,2020-01-01,0.03350627875447482,0.01269061644308562
2020-04-10,2020-01-01,0.08395730916884747,0.07338325199763701
2020-04-11,2020-01-01,0.007540162799103451,0.0034102586434380973
2020-04-12,2020-01-01,0.015566398090186511,0.018959248387696696
2020-04-13,2020-01-01,0.04270615634914575,0.03018634525000741
2020-04-14,2020-01-01,0.002292715161360478,0.007136114832599619
2020-04-15,2020-01-01,0.01611767161494502,0.026984838594942755
2020-04-16,2020-01-01,0.138764883867419,0.12294271812406064
2020-04-17,2020-01-01,0.0026934001464287162,0.0030299598209448607
2020-04-18,2020-01-01,0.08048431806994806,0.08652425401601481
2020-04-19,2020-01-01,0.03426104053075987,0.029915546121641025
2020-04-20,2020-01-01,0.05719007084846858,0.053162725128605016
2020-04-21,2020-01-01,0.0017334158159410858,0.0007778639409489576
2020-04-22,2020-01-01,0.05504190241271623,0.05749217100618342
2020-04-23,2020-01-01,0.005531968789452694,0.012742679049900686
2020-04-24,2020-01-01,0.013330876068549173,0.020851537409110263
2020-04-25,2020-01-01,0.030787699316863683,0.032269050981237224
2020-04-26,2020-01-01,0.013050020899189465,0.00856298711783053
2020-04-27,2020-01-01,0.012263846484468367,0.0022408091930218314
2020-04-28,2020-01-01,0.0030734006235696395,0.004680001637378733
2020-04-29,2020-01-01,0.09564659009727904,0.09272621111305504
2020-04-30,2020-01-01,0.037319679490676154,0.04372065503284495
2020-05-01,2020-01-01,0.02072388335033113,0.02923303128086251
2020-05-02,2020-01-01,0.006057776317611792,0.004500498567132518
2020-05-03,2020-01-01,0.027767532385548452,0.020978013178206318
2020-05-04,2020-01-01,0.020105169373417664,0.014860847988967103
2020-05-05,2020-01-01,0.002501960531273561,0.007020705013641557
2020-05-06,2020-01-01,0.01032775233758189,0.0133322767412934
2020-05-07,2020-01-01,0.03732883347326324,0.03977183353122219
2020-05-08,2020-01-01,0.005081988656152902,0.003261839195536731
2020-05-09,2020-01-01,0.010077480326283056,0.007612872632339004
2020-05-10,2020-01-01,0.109730177481521,0.1097880905208865
2020-05-11,2020-01-01,0.02060530952958054,0.014955614001152358
2020-05-12,2020-01-01,0.0196575251027738,0.01947793769196949
2020-05-13,2020-01-01,0.04530018933894491,0.052800812534393775
2020-05-14,2020-01-01,0.0173886323111094,0.017997629808245097
2020-05-15,2020-01-01,0.02339948986006046,0.03711248415934151
2020-05-16,2020-01-01,0.03067921837283775,0.024764699815892993
2020-05-17,2020-01-01,0.034487818568622194,0.03233866027726479
2020-05-18,2020-01-01,0.02556127905731443,0.034563691154834215
2020-05-19,2020-01-01,0.01638132343064193,0.006798890940862281
2020-05-20,2020-01-01,0.018876844384537926,0.017098646039164556
2020-05-21,2020-01-01,0.04144723923427017,0.04936855722361498
2020-05-22,2020-01-01,0.0408821367800593,0.03589422755209752
2020-05-23,2020-01-01,0.006347326530502222,0.007580172122529358
2020-05-24,2020-01-01,0.03888465538816212,0.031246866363097474
2020-05-25,2020-01-01,0.01914744759755773,0.013391134486550462
2020-05-26,2020-01-01,0.00892773433737405,0.01619290594304935
2020-05-27,2020-01-01,0.03974357740511227,0.033891976223495095
2020-05-28,2020-01-01,0.05343337535694175,0.0519579046370242
2020-05-29,2020-01-01,0.0027712264544487173,0.0030815507869713654
2020-05-30,2020-01-01,0.09630131119798577,0.09627576609984763
2020-05-31,2020-01-01,0.044101878666793264,0.04759115742969933
2020-06-01,2020-01-01,0.06014288372023145,0.06675238261487514
2020-06-02,2020-01-01,0.054033093152140665,0.04058991115259993
2020-06-03,2020-01-01,0.021356837512966062,0.027836679774025284
2020-06-04,2020-01-01,0.0002650362548145902,0.00015325690081400807
2020-06-05,2020-01-01,0.008605664707002218,0.013675011020559708
2020-06-06,2020-01-01,0.0001517200882191921,0.0016817463176571133
2020-06-07,2020-01-01,0.0071266401108386526,0.013062550701544171
2020-06-08,2020-01-01,0.0031069195982116648,0.004143270329200703
2020-06-09,2020-01-01,0.003627684728711627,0.006649248205109436
2020-06-10,2020-01-01,0.010547058636323029,0.00956849892879893
2020-06-11,2020-01-01,0.06021032578052924,0.06403051968792985
2020-06-12,2020-01-01,0.021082938532348237,0.023938092396910134
2020-06-13,2020-01-01,0.00276233855887691,0.006392760403961125
2020-06-14,2020-01-01,0.018035539328355464,0.02041359883046468
2020-06-15,2020-01-01,0.017856950729065395,0.019133092550163412
2020-06-16,2020-01-01,0.018970640947347843,0.019545271693792422
2020-06-17,2020-01-01,0.004874386146719475,0.005827407885836292
2020-06-18,2020-01-01,0.010806332481843293,0.004996920523314593
2020-06-19,2020-01-01,0.02457603489126906,0.022057356329111877
2020-06-20,2020-01-01,0.01237164601325113,0.00906755479002514
2020-06-21,2020-01-01,0.0003798112523221513,0.0014341391110059619
2020-06-22,2020-01-01,0.05696512294434323,0.05857591012816703
2020-06-23,2020-01-01,0.006361810490203181,0.006132165284527387
2020-06-24,2020-01-01,0.042090591256084775,0.03580077271623699
2020-06-25,2020-01-01,0.007629844271204456,0.013379863126151137
2020-06-26,2020-01-01,0.012749590753008152,0.014016257594376821
2020-06-27,2020-01-01,0.0253264458866886,0.02959723319025893
2020-06-28,2020-01-01,0.010232570450719769,0.010050389436238417
2020-06-29,2020-01-01,0.014139858289954088,0.01290470200868869
2020-06-30,2020-01-01,0.0016648058206187241,0.00845865348400255
2020-07-01,2020-07-01,0.022275655976112578,0.021461641545931963
2020-07-02,2020-07-01,0.004888666975064365,0.0069019451736809494
2020-07-03,2020-07-01,0.019905814079131175,0.017227491970562857
2020-07-04,2020-07-01,0.013301462788163684,0.01668850272885465
2020-07-05,2020-07-01,0.005147386564152706,0.005550862597372818
2020-07-06,2020-07-01,0.06680078660525478,0.06108903718630027
2020-07-07,2020-07-01,0.011997796800813117,0.009381151106197236
2020-07-08,2020-07-01,0.029155461938344063,0.031729835280933955
2020-07-09,2020-07-01,0.018126659500338628,0.014279567283272235
2020-07-10,2020-07-01,0.007763589261764604,0.008215360626792779
2020-07-11,2020-07-01,0.011151385694708613,0.0059384991773889905
2020-07-12,2020-07-01,0.01160103149495191,0.011607275919365745
2020-07-13,2020-07-01,0.010338826874073162,0.00994749603626524
2020-07-14,2020-07-01,0.004930652793193989,0.002812833464855287
2020-07-15,2020-07-01,0.004419383713563508,0.006978272133238105
2020-07-16,2020-07-01,0.016011144350745632,0.0196982998035658
2020-07-17,2020-07-01,0.01088687092092832,0.0033726329044619953
2020-07-18,2020-07-01,0.0100318070465614,0.01216628655987432
2020-07-19,2020-07-01,0.016843522018163415,0.013252985724646902
2020-07-20,2020-07-01,0.009313505225340683,0.009407324884870345
2020-07-21,2020-07-01,0.04189327638098213,0.037789320761385525
2020-07-22,2020-07-01,0.07265749757213888,0.07071969529847127
2020-07-23,2020-07-01,0.04236985096928585,0.048160557839770184
2020-07-24,2020-07-01,0.009155358785573305,0.016585322644537964
2020-07-25,2020-07-01,0.08292715827526093,0.08905220708973208
2020-07-26,2020-07-01,0.01532169036158181,0.01903043224929096
2020-07-27,2020-07-01,0.031507539072416366,0.03820177072010945
2020-07-28,2020-07-01,0.019937807670918066,0.01477318409544304
2020-07-29,2020-07-01,0.0013785897423336316,0.004903425274400226
2020-07-30,2020-07-01,0.050734753658222664,0.0519792816176449
2020-07-31,2020-07-01,0.029110131339333913,0.03340306419353103
2020-08-01,2020-07-01,0.11315664763369017,0.11491953543817923
2020-08-02,2020-07-01,0.042616548837119045,0.037054177117755056
2020-08-03,2020-07-01,0.040524432689055714,0.041583227315402004
2020-08-04,2020-07-01,0.00993039444955153,0.009965925446478062
2020-08-05,2020-07-01,0.02858727980156971,0.030267509943009745
2020-08-06,2020-07-01,0.028145406463812174,0.0161220316556402
2020-08-07,2020-07-01,0.04465892627309552,0.03899810108906932
2020-08-08,2020-07-01,0.0353268051570155,0.03841730083496802
2020-08-09,2020-07-01,0.00573058485652949,0.006422109508359182
2020-08-10,2020-07-01,0.008041433361670255,0.012333933486509196
2020-08-11,2020-07-01,0.0451125400438417,0.03871407836902215
2020-08-12,2020-07-01,0.02617663993746519,0.028130379497400302
2020-08-13,2020-07-01,0.095025459413384,0.09722139911144871
2020-08-14,2020-07-01,0.02456596805823407,0.02090544819248801
2020-08-15,2020-07-01,0.019462350803908467,0.009432882573159294
2020-08-16,2020-07-01,0.0061224351155699415,0.0011128110530512737
2020-08-17,2020-07-01,0.012026743522589523,0.009356037407792549
2020-08-18,2020-07-01,0.016632092425779097,0.013316557305031826
2020-08-19,2020-07-01,0.04793693388788381,0.04023268808614196
2020-08-20,2020-07-01,0.02345507604038844,0.024848850008404415
2020-08-21,2020-07-01,0.05950949277492914,0.06479370011453196
2020-08-22,2020-07-01,0.02496360400854438,0.01721456569083606
2020-08-23,2020-07-01,0.00017371856434358554,0.01036911125286826
2020-08-24,2020-07-01,0.044467891482788895,0.043146060398441065
2020-08-25,2020-07-01,0.05896362422097535,0.05852003239611233
2020-08-26,2020-07-01,0.0013389216241657034,0.006285648648169293
2020-08-27,2020-07-01,0.0025611576308020353,0.00915779713049653
2020-08-28,2020-07-01,0.03911218533279022,0.03499612374913308
2020-08-29,2020-07-01,0.0079405936418873,0.010815584176634264
2020-08-30,2020-07-01,0.07134499752864946,0.07144011368654933
2020-08-31,2020-07-01,0.015373198529614145,0.016226250811727898
2020-09-01,2020-07-01,0.09988236082965271,0.09646822253761274
2020-09-02,2020-07-01,0.08095482185841023,0.07692706988474533
2020-09-03,2020-07-01,0.12915990248819081,0.1241695333563163
2020-09-04,2020-07-01,0.0004943464461056183,0.00685038293136391
2020-09-05,2020-07-01,0.12334893446324355,0.1351190460397577
2020-09-06,2020-07-01,0.05634778661541617,0.05380769156608856
2020-09-07,2020-07-01,0.00036150899633720997,0.0004231325244803078
2020-09-08,2020-07-01,0.0329799478275814,0.04249762582454694
2020-09-09,2020-07-01,0.04286310568146139,0.04013200600483392
2020-09-10,2020-07-01,0.06091377810616202,0.04931005075365603
2020-09-11,2020-07-01,0.022426551672207633,0.01832105311637547
2020-09-12,2020-07-01,0.0225969754816236,0.03342465070913533
2020-09-13,2020-07-01,0.051951248110126615,0.05542539541823043
2020-09-14,2020-07-01,0.02690475269015142,0.03189559219829652
2020-09-15,2020-07-01,0.03165475688208585,0.03208463351325763
2020-09-16,2020-07-01,0.0025790397850102295,0.002762569971570042
2020-09-17,2020-07-01,0.055285422274772116,0.06400231504775157
2020-09-18,2020-07-01,0.015378705591291357,0.011228636267082287
2020-09-19,2020-07-01,0.011676813045880675,0.002978182218536651
2020-09-20,2020-07-01,0.03767597444395501,0.03716887175654228
2020-09-21,2020-07-01,0.06933895204054834,0.07864699484491072
2020-09-22,2020-07-01,0.007370458893642691,0.008196123703274985
2020-09-23,2020-07-01,0.06761701710650113,0.06689006966479977
2020-09-24,2020-07-01,0.09392280218884211,0.08805087286053342
2020-09-25,2020-07-01,0.01060639858921029,0.009334627300210847
2020-09-26,2020-07-01,0.005269452055096926,0.009347038399392174
2020-09-27,2020-07-01,0.007839836550319002,0.0057564328608662564
2020-09-28,2020-07-01,0.0023314922135067194,0.005990907688047324
2020-09-29,2020-07-01,0.008023900066776604,0.013247841384629496
2020-09-30,2020-07-01,0.00937575654511602,0.000985124755166877
2020-10-01,2020-07-01,0.03049858964226919,0.01838518916059792
2020-10-02,2020-07-01,0.023074086314216157,0.01944038267486171
2020-10-03,2020-07-01,0.001982612876802119,0.001247229258169159
2020-10-04,2020-07-01,0.015259910594953349,0.0180286935905288
2020-10-05,2020-07-01,0.0009950270559242235,0.00439845270230366
2020-10-06,2020-07-01,0.040598596817243315,0.03682771365287124
2020-10-07,2020-07-01,0.005045822778435505,0.0030930810979015863
2020-10-08,2020-07-01,0.03733804798139995,0.026860390062814408
2020-10-09,2020-07-01,0.04574520195809469,0.04280407723086501
2020-10-10,2020-07-01,0.017234602295625314,0.015116057012422761
2020-10-11,2020-07-01,0.008499948641928271,0.01141743244626551
2020-10-12,2020-07-01,0.030367787324463724,0.03386740484188093
2020-10-13,2020-07-01,0.01935753405870508,0.01640410831266627
2020-10-14,2020-07-01,0.011717333356398046,0.004406542597543856
2020-10-15,2020-07-01,0.008758171775118574,0.004942643780837154
2020-10-16,2020-07-01,0.02314195493715762,0.02928447837114082
2020-10-17,2020-07-01,0.007532735796023336,0.0074560220594547194
2020-10-18,2020-07-01,0.03540912117533651,0.026002141686836087
2020-10-19,2020-07-01,0.002604929652862734,0.005058242514088596
2020-10-20,2020-07-01,0.03418597018283262,0.02818597691576035
2020-10-21,2020-07-01,0.06156795223879196,0.06266149999627842
2020-10-22,2020-07-01,0.05764648782245367,0.055910204272735145
2020-10-23,2020-07-01,0.008370650668816882,0.009409988306851592
2020-10-24,2020-07-01,0.00027745467224395137,0.006468836629356974
2020-10-25,2020-07-01,0.015339200581256802,0.014684687209745736
2020-10-26,2020-07-01,0.031831558077123644,0.030061223135364773
2020-10-27,2020-07-01,0.023317505940820674,0.025986053976796687
2020-10-28,2020-07-01,0.038633867450212724,0.03725246286306752
2020-10-29,2020-07-01,0.009016845987918767,0.004862693209686307
2020-10-30,2020-07-01,0.009363608641614191,0.009522164532775457
2020-10-31,2020-07-01,0.018606536311122177,0.010290666324144564
2020-11-01,2020-07-01,0.02730506539085663,0.025768432461276504
2020-11-02,2020-07-01,0.03393375530554911,0.03283850968051258
2020-11-03,2020-07-01,0.007809442548735284,0.0116638510594495
2020-11-04,2020-07-01,0.03844920366464542,0.038156055636118374
2020-11-05,2020-07-01,0.0325607518456012,0.030195216828724548
2020-11-06,2020-07-01,0.09207895733289882,0.09843667374569198
2020-11-07,2020-07-01,0.043298326344435235,0.041170262072219
2020-11-08,2020-07-01,0.038049404630293354,0.04047190091507861
2020-11-09,2020-07-01,0.02309539298334018,0.019965883654522468
2020-11-10,2020-07-01,0.015007685377362091,0.012509281764911208
2020-11-11,2020-07-01,0.02302994299687111,0.030037270792462992
2020-11-12,2020-07-01,0.00803520490955942,0.0037338148234093956
2020-11-13,2020-07-01,0.02957619299585559,0.029701740174088102
2020-11-14,2020-07-01,0.022602616295443224,0.029968461062507872
2020-11-15,2020-07-01,0.02977591789950568,0.027294955461366514
2020-11-16,2020-07-01,0.023550530373961154,0.028084822610362783
2020-11-17,2020-07-01,0.04402875924834261,0.04514428603649513
2020-11-18,2020-07-01,0.002807167835944757,0.0013812760070565319
2020-11-19,2020-07-01,0.013348149873023307,0.016318802805989296
2020-11-20,2020-07-01,0.08608474294896287,0.08110578628962044
2020-11-21,2020-07-01,0.07686262614053435,0.07885696496369493
2020-11-22,2020-07-01,0.007002327336593662,0.015854436463321114
2020-11-23,2020-07-01,0.07895237792793397,0.09013691656582888
2020-11-24,2020-07-01,0.008730520876575353,0.00684180124303372
2020-11-25,2020-07-01,0.06264806031649117,0.05524989812249748
2020-11-26,2020-07-01,0.09932036820294367,0.09086555617278805
2020-11-27,2020-07-01,0.004210391638490418,0.0021750713169171507
2020-11-28,2020-07-01,0.04035868296702474,0.04109196793374454
2020-11-29,2020-07-01,0.07233609216220699,0.07042017374496358
2020-11-30,2020-07-01,0.07260298013675597,0.06834399086038644
2020-12-01,2020-07-01,0.047723339483097475,0.044519883534798986
2020-12-02,2020-07-01,0.02080920197377853,0.018447246006664406
2020-12-03,2020-07-01,0.02825107864632921,0.031379314702748316
2020-12-04,2020-07-01,0.07851069529783408,0.07632344571064038
2020-12-05,2020-07-01,0.03915427749702584,0.04761893571225196
2020-12-06,2020-07-01,0.010036180618056289,0.010006378155119237
2020-12-07,2020-07-01,0.011673782447341779,0.016500383633746837
2020-12-08,2020-07-01,0.07049161286955008,0.06236851031858455
2020-12-09,2020-07-01,0.03383043887957865,0.033843281487584
2020-12-10,2020-07-01,0.02149624590818873,0.02308332362960881
2020-12-11,2020-07-01,0.025452430170764873,0.02467607973608843
2020-12-12,2020-07-01,0.04124331210863862,0.042104719246044434
2020-12-13,2020-07-01,0.04620246436688699,0.03791311504967465
2020-12-14,2020-07-01,0.0030001038618993115,0.005875609380220506
2020-12-15,2020-07-01,0.002710236071846787,0.005776869035216438
2020-12-16,2020-07-01,0.07461756290576771,0.07988809295935854
2020-12-17,2020-07-01,0.00927158170998891,0.011250869385386887
2020-12-18,2020-07-01,0.006558358590372881,0.01847842143488606
2020-12-19,2020-07-01,0.004434170070501594,0.0071679942940168235
2020-12-20,2020-07-01,0.023408024198154617,0.03155390393496582
2020-12-21,2020-07-01,0.039442098493046834,0.04444920949190626
2020-12-22,2020-07-01,0.04563077022663775,0.04143629835630508
2020-12-23,2020-07-01,0.0774200819618755,0.07963622819657053
2020-12-24,2020-07-01,0.037181580849440496,0.047572803012633884
2020-12-25,2020-07-01,0.021652755116756146,0.025304906070220155
2020-12-26,2020-07-01,0.026809006255257704,0.015362754263050065
2020-12-27,2020-07-01,0.07220153136551258,0.07383881969953801
2020-12-28,2020-07-01,0.07069870791555187,0.07059868554604704
2020-12-29,2020-07-01,0.00697831481917721,0.0017596472249059682
2020-12-30,2020-07-01,0.01457139001959914,0.027320820303426124
2020-12-31,2020-07-01,0.022506456350657872,0.017940573820673704
2021-01-01,2021-01-01,0.020475248449242,0.013900433265636053
2021-01-02,2021-01-01,0.05337130251123961,0.05795698734991312
2021-01-03,2021-01-01,0.26259885414087286,0.2600017299386531
2021-01-04,2021-01-01,0.07072335686678706,0.07635754553624848
2021-01-05,2021-01-01,0.05285586378779038,0.056548908380833235
2021-01-06,2021-01-01,0.09180320221666054,0.09831206403263257
2021-01-07,2021-01-01,0.0029659425538568172,0.016381996046349025
2021-01-08,2021-01-01,0.019690366082730292,0.003637020294314436
2021-01-09,2021-01-01,0.0321957784176827,0.04406217520547032
2021-01-10,2021-01-01,0.02200124326911136,0.01497517067530603
2021-01-11,2021-01-01,0.1372853301685301,0.1397901976991869
2021-01-12,2021-01-01,0.049909538320128136,0.051496551363265544
2021-01-13,2021-01-01,0.08293746970737756,0.08010179893478521
2021-01-14,2021-01-01,0.08420625857525242,0.07915362157600524
2021-01-15,2021-01-01,0.039866085712771095,0.03707169358923394
2021-01-16,2021-01-01,0.04968577522072927,0.048357852532161696
2021-01-17,2021-01-01,0.006737767786223023,0.0021345554426337914
2021-01-18,2021-01-01,0.006357853604687047,0.01845392133775751
2021-01-19,2021-01-01,0.07229705991260454,0.09454467043427656
2021-01-20,2021-01-01,0.008007595992267013,0.005478957217444512
2021-01-21,2021-01-01,0.20356580598341187,0.19133313952550268
2021-01-22,2021-01-01,0.08704623361676732,0.09117202780837813
2021-01-23,2021-01-01,0.010903501170630775,0.0005436534088658265
2021-01-24,2021-01-01,0.12171458767050668,0.12609627534473083
2021-01-25,2021-01-01,0.039712353425701064,0.042698174251904364
2021-01-26,2021-01-01,0.0351185668590416,0.018306662771501076
2021-01-27,2021-01-01,0.06098824754271069,0.07642804504862366
2021-01-28,2021-01-01,0.047549841438789715,0.05593419666613442
2021-01-29,2021-01-01,0.03298785944529607,0.03937629625231667
2021-01-30,2021-01-01,0.013361136071753581,0.006266816287280203
2021-01-31,2021-01-01,0.03582157491880841,0.04640673850431503
2021-02-01,2021-01-01,0.055541125775127986,0.03640207141494777
2021-02-02,2021-01-01,0.11519367921147171,0.1067049764283906
2021-02-03,2021-01-01,0.0918616802477525,0.09843518054076703
2021-02-04,2021-01-01,0.049635624889312405,0.03790977369258829
2021-02-05,2021-01-01,0.07644318980895269,0.07290087347326699
2021-02-06,2021-01-01,0.007240389775017644,0.021886548637116157
2021-02-07,2021-01-01,0.053327258093863496,0.042802282443658524
2021-02-08,2021-01-01,0.060946768079296,0.07856640441984424
2021-02-09,2021-01-01,0.00846907709168562,0.013821009348708372
2021-02-10,2021-01-01,0.02237760606367343,0.015844473294218783
2021-02-11,2021-01-01,0.036261013801849484,0.02015308776757284
2021-02-12,2021-01-01,0.03998443805811138,0.032078414175042404
2021-02-13,2021-01-01,0.029893906371876555,0.016966992995282808
2021-02-14,2021-01-01,0.015814524973816916,0.008255403618273972
2021-02-15,2021-01-01,0.0031844530591159693,0.01639775893047358
2021-02-16,2021-01-01,0.0013930519005622877,0.002476992692840555
2021-02-17,2021-01-01,0.038519255312999955,0.03571597994104304
2021-02-18,2021-01-01,0.037125317908667785,0.0475651776022335
2021-02-19,2021-01-01,0.005058794117606052,0.011512872624587897
2021-02-20,2021-01-01,0.01479525266576902,0.022686533378102725
2021-02-21,2021-01-01,0.007025640653014311,0.0049459041849042725
2021-02-22,2021-01-01,0.0787611777302258,0.08129135774201042
2021-02-23,2021-01-01,0.13134175435542317,0.12532533285260206
2021-02-24,2021-01-01,0.02977142189839336,0.02853887427251269
2021-02-25,2021-01-01,0.08248617064796816,0.09271103859930692
2021-02-26,2021-01-01,0.009629422858409375,0.02746542188781542
2021-02-27,2021-01-01,0.012022652159375976,0.007837721149894526
2021-02-28,2021-01-01,0.0274085860852161,0.032408022682155146
2021-03-01,2021-01-01,0.1077540678618626,0.10143492549299325
2021-03-02,2021-01-01,0.038676285617481945,0.04295676020805484
2021-03-03,2021-01-01,0.05779183428967408,0.05008404134824063
2021-03-04,2021-01-01,0.011337973484376956,0.02011016279125482
2021-03-05,2021-01-01,0.01714940030000748,0.010237173952864824
2021-03-06,2021-01-01,0.07711956619911968,0.07729664189129909
2021-03-07,2021-01-01,0.039382105338808523,0.04252883922073227
2021-03-08,2021-01-01,0.06480948075670709,0.06397792301810167
2021-03-09,2021-01-01,0.020165718637070305,0.019028478010152335
2021-03-10,2021-01-01,0.0336054157467981,0.0389532488730141
2021-03-11,2021-01-01,0.01460622100053973,0.01082552903998549
2021-03-12,2021-01-01,0.02995455973907243,0.03112606397906376
2021-03-13,2021-01-01,0.08713542767857019,0.08194241203614247
2021-03-14,2021-01-01,0.030318776630950107,0.03400080820996781
2021-03-15,2021-01-01,0.04209241810238963,0.03893871133396652
2021-03-16,2021-01-01,0.013898414861668104,0.005432180979769841
2021-03-17,2021-01-01,0.0057002761491919945,0.006839406727400311
2021-03-18,2021-01-01,0.029708904200757155,0.024199977998361388
2021-03-19,2021-01-01,0.018927964397676657,0.01611545586556231
2021-03-20,2021-01-01,0.00012367200022444591,0.003870849550360071
2021-03-21,2021-01-01,0.014873433712386891,0.01627727895860584
2021-03-22,2021-01-01,0.059570736549605846,0.056980956142167305
2021-03-23,2021-01-01,0.018832220567107066,0.012542818945257304
2021-03-24,2021-01-01,0.0595599596791226,0.053051594196976255
2021-03-25,2021-01-01,0.0027680471581752984,0.0037709628418300823
2021-03-26,2021-01-01,0.0655518964691094,0.06577326581198263
2021-03-27,2021-01-01,0.0131113796954066,0.008760630988185834
2021-03-28,2021-01-01,0.012874850953041453,0.016867210506962334
2021-03-29,2021-01-01,0.07559333361439659,0.07301674014054588
2021-03-30,2021-01-01,0.02297386099179438,0.015721325903085583
2021-03-31,2021-01-01,0.03046460413394653,0.03677443527859385
2021-04-01,2021-01-01,0.02689811847145681,0.0306040468653398
2021-04-02,2021-01-01,0.07934431071722996,0.08250211661619301
2021-04-03,2021-01-01,0.051902862271066115,0.05185236707250641
2021-04-04,2021-01-01,0.02991385538022759,0.026146416968556997
2021-04-05,2021-01-01,0.012289557591402,0.00706080440402832
2021-04-06,2021-01-01,0.003772626318942278,0.0020450114055940508
2021-04-07,2021-01-01,0.07397275877087024,0.07119709208089679
2021-04-08,2021-01-01,0.05477629751291938,0.0536347633725531
2021-04-09,2021-01-01,0.006489491469043705,0.00658294083021338
2021-04-10,2021-01-01,0.026771642294680556,0.027148366789448035
2021-04-11,2021-01-01,0.012841139129224747,0.010061643030906202
2021-04-12,2021-01-01,0.01567468098472181,0.010976962171569078
2021-04-13,2021-01-01,0.0702420931149632,0.07213268408120209
2021-04-14,2021-01-01,0.05214068503912313,0.06031762020925447
2021-04-15,2021-01-01,0.029039416234638505,0.03436530399610057
2021-04-16,2021-01-01,0.04178761308247122,0.0353577622698789
2021-04-17,2021-01-01,0.04431620585572571,0.0401692224725553
2021-04-18,2021-01-01,0.04997011555175147,0.04987108267291661
2021-04-19,2021-01-01,0.03929915175200779,0.036362598273151435
2021-04-20,2021-01-01,0.06852986358824797,0.0722550450115733
2021-04-21,2021-01-01,0.01719957383510451,0.016445682802435694
2021-04-22,2021-01-01,0.024507461743166918,0.014291525730772182
2021-04-23,2021-01-01,0.011757783272032396,0.017761391539927014
2021-04-24,2021-01-01,0.06373342684481502,0.0679088779156403
2021-04-25,2021-01-01,0.03848497264329896,0.04184247781368629
2021-04-26,2021-01-01,0.09145302741106733,0.09461522586288602
2021-04-27,2021-01-01,0.04889221319268986,0.052349949768207504
2021-04-28,2021-01-01,0.03535243490283241,0.031272792238752276
2021-04-29,2021-01-01,0.008022804097769627,0.0028695280325376805
2021-04-30,2021-01-01,0.003395618870059758,0.0032868080864507797
2021-05-01,2021-01-01,0.05515585200828772,0.06006424865297032
2021-05-02,2021-01-01,0.006257652930426853,0.0026169910715846127
2021-05-03,2021-01-01,0.15956982198895,0.1595781640180963
2021-05-04,2021-01-01,0.0423281990014797,0.04573770918360634
2021-05-05,2021-01-01,0.07792182362096514,0.07619120623986683
2021-05-06,2021-01-01,0.011121362095234816,0.006073444687173251
2021-05-07,2021-01-01,0.010173517136284333,0.006339019321297401
2021-05-08,2021-01-01,0.11118080868675322,0.11832537880983969
2021-05-09,2021-01-01,0.0005174866173547274,0.009748963316490944
2021-05-10,2021-01-01,0.005232098882415569,0.0031486151288795707
2021-05-11,2021-01-01,0.051576424436211084,0.05317925589898396
2021-05-12,2021-01-01,0.08833724071677236,0.09200847831446779
2021-05-13,2021-01-01,0.029596496390979915,0.02604812782980206
2021-05-14,2021-01-01,0.0927861404527758,0.09570097136727546
2021-05-15,2021-01-01,0.11320496698566768,0.10613140749535899
2021-05-16,2021-01-01,0.02822067783328337,0.022039554936595596
2021-05-17,2021-01-01,0.08254950265019032,0.08655836688650816
2021-05-18,2021-01-01,0.027569781836620646,0.02234760991891879
2021-05-19,2021-01-01,0.2642323894927227,0.2717040699745896
2021-05-20,2021-01-01,0.11574345979159795,0.11508231291008371
2021-05-21,2021-01-01,0.10748247475453146,0.11990741912329517
2021-05-22,2021-01-01,0.07476982833922516,0.06681009252234651
2021-05-23,2021-01-01,0.06269307135100381,0.082978438699794
2021-05-24,2021-01-01,0.2541621452927436,0.24578223619637388
2021-05-25,2021-01-01,0.04950153357630811,0.035228778233638965
2021-05-26,2021-01-01,0.05721503108879482,0.06349968402209556
2021-05-27,2021-01-01,0.047690698714372384,0.050133322056312206
2021-05-28,2021-01-01,0.12959690966754223,0.12243249621459422
2021-05-29,2021-01-01,0.05927901897066579,0.06522460347310796
2021-05-30,2021-01-01,0.03809678469117146,0.0435686390897295
2021-05-31,2021-01-01,0.1493338834590735,0.13627268660018937
2021-06-01,2021-01-01,0.003462461779289272,0.025712268586114636
2021-06-02,2021-01-01,0.029486398690045452,0.023230224017712343
2021-06-03,2021-01-01,0.07696716176487108,0.05476900951948452
2021-06-04,2021-01-01,0.061123999256301464,0.05918018421126044
2021-06-05,2021-01-01,0.03569257953459356,0.02688358705523511
2021-06-06,2021-01-01,0.031297538203925494,0.02927125278686522
2021-06-07,2021-01-01,0.025684320885483076,0.046932766058204525
2021-06-08,2021-01-01,0.040384443925158435,0.03283855527581113
2021-06-09,2021-01-01,0.04331267677447148,0.03300826121836942
2021-06-10,2021-01-01,0.06085773651249122,0.05314056133065571
2021-06-11,2021-01-01,0.05840153101038162,0.05277729500944539
2021-06-12,2021-01-01,0.004060303048702396,0.003990669256057198
2021-06-13,2021-01-01,0.06921994781414777,0.0552994333298288
2021-06-14,2021-01-01,0.011923065484925732,0.012232029110936016
2021-06-15,2021-01-01,0.018228273738197596,0.02672032623855866
2021-06-16,2021-01-01,0.08475434356687875,0.093934721224768
2021-06-17,2021-01-01,0.01765263040813117,0.005587464601880196
2021-06-18,2021-01-01,0.05904051001800203,0.06047943061000457
2021-06-19,2021-01-01,0.053213985216843625,0.029817761480804245
2021-06-20,2021-01-01,0.0337187085940664,0.028714209416910656
2021-06-21,2021-01-01,0.15178340934768964,0.16023551961779606
2021-06-22,2021-01-01,0.01521821286295324,0.017334810087918675
2021-06-23,2021-01-01,0.08094984201529772,0.060095382745858406
2021-06-24,2021-01-01,0.0057934255594175865,0.0008390784043194879
2021-06-25,2021-01-01,0.1070495273058907,0.0903338032166469
2021-06-26,2021-01-01,0.006363284102933909,0.0024616485681416746
2021-06-27,2021-01-01,0.09499728833747405,0.0804484977972626
2021-06-28,2021-01-01,0.050090548924510536,0.052001440729588615
2021-06-29,2021-01-01,0.04641528103378499,0.03891642947181069
2021-06-30,2021-01-01,0.04754217688782326,0.05213170751994152
2021-07-01,2021-07-01,0.0717080461234064,0.0755506003928755
2021-07-02,2021-07-01,0.012999700273701302,0.009833841330225208
2021-07-03,2021-07-01,0.03618570134431357,0.02989831861229717
2021-07-04,2021-07-01,0.037761169090010434,0.03780059562509691
2021-07-05,2021-07-01,0.04594266458109773,0.0580353702291036
2021-07-06,2021-07-01,0.057389004116218445,0.05032796803101382
2021-07-07,2021-07-01,0.008323269822312625,0.008741103727439418
2021-07-08,2021-07-01,0.08916962812619121,0.0902877333962108
2021-07-09,2021-07-01,0.00790275251612603,0.004917391665971885
2021-07-10,2021-07-01,0.016479824671606615,0.02201567383307123
2021-07-11,2021-07-01,0.01535859792396358,0.007144831398219864
2021-07-12,2021-07-01,0.048216508283743145,0.05370632418482095
2021-07-13,2021-07-01,0.0480496288260085,0.05435521264335702
2021-07-14,2021-07-01,0.024717486926322824,0.02109948311085111
2021-07-15,2021-07-01,0.055753911281240576,0.04696799597310047
2021-07-16,2021-07-01,0.020275562012538283,0.022892357409045702
2021-07-17,2021-07-01,0.01049686863015401,0.003604117422901572
2021-07-18,2021-07-01,0.0014750933066910127,0.007394683174457389
2021-07-19,2021-07-01,0.04822054760595142,0.04721072429258017
2021-07-20,2021-07-01,0.017182765119985635,0.02314570833724106
2021-07-21,2021-07-01,0.11835477433862582,0.10761294944709918
2021-07-22,2021-07-01,0.01743946230327761,0.013717949831314361
2021-07-23,2021-07-01,0.04053929292552247,0.04358663744288544
2021-07-24,2021-07-01,0.030400843832657055,0.025474743634315306
2021-07-25,2021-07-01,0.0016541959465378097,0.004285401984799446
2021-07-26,2021-07-01,0.022483330702626515,0.013284051264043154
2021-07-27,2021-07-01,0.032253563079333636,0.023608538919534988
2021-07-28,2021-07-01,0.005738726319488524,0.006058974839377932
2021-07-29,2021-07-01,0.03527478438424313,0.030839770860784217
2021-07-30,2021-07-01,0.03927322528231477,0.03101333982810279
2021-07-31,2021-07-01,0.026278189459296882,0.022928765452594386
2021-08-01,2021-07-01,0.008321083296524763,0.004799934656170623
2021-08-02,2021-07-01,0.015382243551305928,0.013168645786771469
2021-08-03,2021-07-01,0.047129573960509784,0.0467935323497143
2021-08-04,2021-07-01,0.0848563538555287,0.08205843837155481
2021-08-05,2021-07-01,0.03409463486437087,0.03370737638502189
2021-08-06,2021-07-01,0.009283407914451662,0.01736354444853041
2021-08-07,2021-07-01,0.08874358452167501,0.08668647918172834
2021-08-08,2021-07-01,0.052153744319541936,0.04940497158610019
2021-08-09,2021-07-01,0.03255575449036774,0.04424963576288466
2021-08-10,2021-07-01,0.012508180797131861,0.01304045718471501
2021-08-11,2021-07-01,0.004539992202619433,0.0010925582400383342
2021-08-12,2021-07-01,0.044821104701293676,0.043914738076859236
2021-08-13,2021-07-01,0.09201767173122972,0.0849118512236728
2021-08-14,2021-07-01,0.011065324885839334,0.021019869519366616
2021-08-15,2021-07-01,0.002346755878602419,0.007506030192629253
2021-08-16,2021-07-01,0.04845221663831109,0.05210048589431072
2021-08-17,2021-07-01,0.05880761956884157,0.05175408034916826
2021-08-18,2021-07-01,0.0010818467043323073,0.005068987324165339
2021-08-19,2021-07-01,0.05876222996546553,0.048016898017458495
2021-08-20,2021-07-01,0.033243992867306664,0.02799913030103318
2021-08-21,2021-07-01,0.02262270840985326,0.02373466419188127
2021-08-22,2021-07-01,0.007119981345757659,0.0013222558416096774
2021-08-23,2021-07-01,0.014311138063567222,0.018023416050148455
2021-08-24,2021-07-01,0.05065408219448497,0.04961299444402116
2021-08-25,2021-07-01,0.009795333120933246,0.009705168752235793
2021-08-26,2021-07-01,0.04279983239467489,0.04414681983303437
2021-08-27,2021-07-01,0.06353585200756884,0.04821193665348771
2021-08-28,2021-07-01,0.0012711215561639188,0.012716211404993686
2021-08-29,2021-07-01,0.009874833800209926,0.011446336960649856
2021-08-30,2021-07-01,0.004879412009390917,0.0068077893583488765
2021-08-31,2021-07-01,0.06470540338234299,0.05903006629463647
2021-09-01,2021-07-01,0.11079956935609499,0.11229570721441305
2021-09-02,2021-07-01,0.0030180848280246565,0.014884760159159353
2021-09-03,2021-07-01,0.03507637549206918,0.033283869676926765
2021-09-04,2021-07-01,0.015990867200853853,0.018439544325097253
2021-09-05,2021-07-01,0.013931662348485334,0.010352061655821511
2021-09-06,2021-07-01,0.014742587397405426,0.011538898017851436
2021-09-07,2021-07-01,0.13656190852162026,0.13380499368287188
2021-09-08,2021-07-01,0.01415215138337437,0.012119858722592448
2021-09-09,2021-07-01,0.00992123909477987,0.025391737033652346
2021-09-10,2021-07-01,0.06038734070106501,0.06929486643938569
2021-09-11,2021-07-01,0.02187640126063696,0.011096725311002541
2021-09-12,2021-07-01,0.04997516600397574,0.03729839542330462
2021-09-13,2021-07-01,0.04291732499808964,0.041538179444921754
2021-09-14,2021-07-01,0.032072965395337424,0.037046692115190794
2021-09-15,2021-07-01,0.05354126790551531,0.049330404773709605
2021-09-16,2021-07-01,0.020039547777855177,0.016930001805398612
2021-09-17,2021-07-01,0.05753281541732974,0.05454227558005792
2021-09-18,2021-07-01,0.004631446618989566,0.0029523222572088326
2021-09-19,2021-07-01,0.03189220942426702,0.035539167641134996
2021-09-20,2021-07-01,0.11434622248682885,0.11778796465851872
2021-09-21,2021-07-01,0.06437301173991596,0.07397088083579978
2021-09-22,2021-07-01,0.11692907626499462,0.10616510954277111
2021-09-23,2021-07-01,0.04589157471910264,0.021769110578957033
2021-09-24,2021-07-01,0.06900394355004337,0.07635251189653858
2021-09-25,2021-07-01,0.0026583467042222905,0.009475061145221371
2021-09-26,2021-07-01,0.05139993717973773,0.04083334110714814
2021-09-27,2021-07-01,0.04962548255736504,0.04673981651113117
2021-09-28,2021-07-01,0.05605670876488175,0.05002191803750318
2021-09-29,2021-07-01,0.022614905790730045,0.009555858885491587
2021-09-30,2021-07-01,0.05604022500622796,0.046540947785922215
2021-10-01,2021-07-01,0.09898870634842628,0.09709293938379204
2021-10-02,2021-07-01,0.03603388098280597,0.021689316091523546
2021-10-03,2021-07-01,0.0005906114123894303,0.0024626501739298066
2021-10-04,2021-07-01,0.015505053075844197,0.016925473265716202
2021-10-05,2021-07-01,0.04118548340596236,0.034829538774940806
2021-10-06,2021-07-01,0.013199178144474485,0.01261846322158183
2021-10-07,2021-07-01,0.002393727554730505,0.003463818152924542
2021-10-08,2021-07-01,0.008284208439071234,0.01259878174193902
2021-10-09,2021-07-01,0.00023558029459700867,0.002673033498712725
2021-10-10,2021-07-01,0.04303616950177353,0.04772249723817695
2021-10-11,2021-07-01,0.023824554796765075,0.028110619346919802
2021-10-12,2021-07-01,0.01475345547900004,0.0200150035744446
2021-10-13,2021-07-01,0.03280143220150827,0.02631626335149461
2021-10-14,2021-07-01,0.05143118432998371,0.04467160701222321
2021-10-15,2021-07-01,0.021848514043293295,0.015387952670542842
2021-10-16,2021-07-01,0.010646457186227934,0.013832782923892097
2021-10-17,2021-07-01,0.013646276643176263,0.0017050156428706515
2021-10-18,2021-07-01,0.04383427614300533,0.03135155266711069
2021-10-19,2021-07-01,0.02376860197047404,0.027955161943872812
2021-10-20,2021-07-01,0.07143590315616852,0.06663438736580524
2021-10-21,2021-07-01,0.02106082205745496,0.02885174763285058
2021-10-22,2021-07-01,0.024776103111701725,0.027190754416681097
2021-10-23,2021-07-01,0.05217114055462806,0.04443940766650519
2021-10-24,2021-07-01,0.019070409968389806,0.024882521383994435
2021-10-25,2021-07-01,0.023615194538743077,0.025459585972601017
2021-10-26,2021-07-01,0.02740532481344463,0.025776170899336252
2021-10-27,2021-07-01,0.05458294880468034,0.05495369218142552
2021-10-28,2021-07-01,0.09164040708274228,0.08394927690191545
2021-10-29,2021-07-01,0.04041435292920684,0.025778376273719435
2021-10-30,2021-07-01,0.029062912913356487,0.025486707820100592
2021-10-31,2021-07-01,0.016565817919141242,0.0150113496751508
2021-11-01,2021-07-01,0.008592407692100647,0.002466607920801977
2021-11-02,2021-07-01,0.054786006788817905,0.05445931632761746
2021-11-03,2021-07-01,0.006321672597385862,0.00026450616973606924
2021-11-04,2021-07-01,0.017723696143528856,0.020977967350307526
2021-11-05,2021-07-01,0.018332961866749507,0.017464541064848262
2021-11-06,2021-07-01,0.010391489225116176,0.0017619967435533205
2021-11-07,2021-07-01,0.017812023237641757,0.016175644946820084
2021-11-08,2021-07-01,0.029712878321266963,0.03602478145911985
2021-11-09,2021-07-01,0.013786540676768676,0.021026679952168056
2021-11-10,2021-07-01,0.024359373956291362,0.027129241949558545
2021-11-11,2021-07-01,0.020983019863293935,0.014003619392243052
2021-11-12,2021-07-01,0.006448802593714034,0.018821066987176303
2021-11-13,2021-07-01,0.01327855593394369,0.009532517071897626
2021-11-14,2021-07-01,0.015454055196367444,0.011345341774279701
2021-11-15,2021-07-01,0.011612146861273945,0.020880893797744285
2021-11-16,2021-07-01,0.07741128629438258,0.08104874706168443
2021-11-17,2021-07-01,0.015393931409443652,0.009435875958978041
2021-11-18,2021-07-01,0.06131539549247885,0.07241493991106375
2021-11-19,2021-07-01,0.06343824510684734,0.06709409484713476
2021-11-20,2021-07-01,0.034410463591286904,0.021688633110719287
2021-11-21,2021-07-01,0.027843296772173752,0.03716797956531121
2021-11-22,2021-07-01,0.047525434342295156,0.049023812470843774
2021-11-23,2021-07-01,0.05718771972525813,0.054947216761289934
2021-11-24,2021-07-01,0.02430515806634696,0.027779455164718313
2021-11-25,2021-07-01,0.0016076346018843671,0.0017910579801342615
2021-11-26,2021-07-01,0.04741717693376074,0.06273990677574236
2021-11-27,2021-07-01,0.011475091544112739,0.009280602773661484
2021-11-28,2021-07-01,0.05308323119019652,0.04270671606361731
2021-11-29,2021-07-01,0.037210329560022876,0.0302032650584584
2021-11-30,2021-07-01,0.04014134024066661,0.03675874251906208
2021-12-01,2021-07-01,0.004738762941576936,0.014623084605140158
2021-12-02,2021-07-01,0.017395963911374233,0.022609121968978678
2021-12-03,2021-07-01,0.07170034907215884,0.07064280078630804
2021-12-04,2021-07-01,0.02834791778472969,0.03119411100825391
2021-12-05,2021-07-01,0.02089583478025467,0.012754091113710498
2021-12-06,2021-07-01,0.034801116434316104,0.03273817605489677
2021-12-07,2021-07-01,0.0013176979395721211,0.015109468960571151
2021-12-08,2021-07-01,0.024897816020080003,0.022689351186934523
2021-12-09,2021-07-01,0.07307309489396216,0.07725083384808062
2021-12-10,2021-07-01,0.05865411755747089,0.05871262222320995
2021-12-11,2021-07-01,0.04375513713814002,0.03808843726675337
2021-12-12,2021-07-01,0.01103164506681366,0.007331223824745842
2021-12-13,2021-07-01,0.08105292425572982,0.09036011542029061
2021-12-14,2021-07-01,0.017964250553784374,0.017927882997131307
2021-12-15,2021-07-01,0.07141273666461437,0.06681658459728201
2021-12-16,2021-07-01,0.01421160810773228,0.018259527577950192
2021-12-17,2021-07-01,0.030863011907230148,0.027158580458601183
2021-12-18,2021-07-01,0.023171803028101803,0.01465656597973548
2021-12-19,2021-07-01,0.0055347740223542115,0.015093598435625487
2021-12-20,2021-07-01,0.0031852829157364496,0.003231684427375969
2021-12-21,2021-07-01,0.02232862642585086,0.016147792405017403
2021-12-22,2021-07-01,0.006071025453466614,0.014915337167353465
2021-12-23,2021-07-01,0.02429156493838804,0.025523827226749878
2021-12-24,2021-07-01,0.016516241281587966,0.019826225700427424
2021-12-25,2021-07-01,0.0037140800267245182,0.0049803713977170285
2021-12-26,2021-07-01,0.0016509739362626811,0.011981362587394002
2021-12-27,2021-07-01,0.008301146993149848,0.013346908960262579
2021-12-28,2021-07-01,0.0541237004181606,0.06464973388120472
2021-12-29,2021-07-01,0.040575692354336765,0.052466207052271396
2021-12-30,2021-07-01,0.020808201280134456,0.016701162643571247
2021-12-31,2021-07-01,0.012824578014233905,0.013773300877837525
2022-01-01,2022-01-01,0.020877552234052743,0.0204602507296774
2022-01-02,2022-01-01,0.01638824638618932,0.014129159971586543
2022-01-03,2022-01-01,0.0174139491276127,0.02000836610923143
2022-01-04,2022-01-01,0.009646347933231965,0.0051584477462485
2022-01-05,2022-01-01,0.07208174168415007,0.06654259571798743
2022-01-06,2022-01-01,0.04617986358186119,0.042546346213600934
2022-01-07,2022-01-01,0.06392434330840577,0.06984932832014079
2022-01-08,2022-01-01,0.030383813128018702,0.03695031538201053
2022-01-09,2022-01-01,0.02072684236441877,0.01753137746868177
2022-01-10,2022-01-01,0.01884866242221047,0.025392216187154638
2022-01-11,2022-01-01,0.0477172806141903,0.046492524450186666
2022-01-12,2022-01-01,0.04519205070610273,0.04081442872149104
2022-01-13,2022-01-01,0.03224417501709869,0.038047390510063867
2022-01-14,2022-01-01,0.012228138683020116,0.014597313833053986
2022-01-15,2022-01-01,0.0037424225839477387,0.0043797274266654885
2022-01-16,2022-01-01,0.004234691689121292,0.0035464195806969323
2022-01-17,2022-01-01,0.044810766270265555,0.04388887183042847
2022-01-18,2022-01-01,0.021040959783650615,0.0194694390611068
2022-01-19,2022-01-01,0.020973596090184714,0.024729630523037845
2022-01-20,2022-01-01,0.0316339216542201,0.03414249540419084
2022-01-21,2022-01-01,0.14974198731163996,0.1515604420802535
2022-01-22,2022-01-01,0.06330065325920682,0.06828981869218645
2022-01-23,2022-01-01,0.07112236064270683,0.04946335544823843
2022-01-24,2022-01-01,0.028944212582607605,0.03766467615547713
2022-01-25,2022-01-01,0.0027412627861890687,0.0019093920230063791
2022-01-26,2022-01-01,0.007419893718349447,0.002600312161431819
2022-01-27,2022-01-01,0.015434222163094643,0.020818420904660184
2022-01-28,2022-01-01,0.04516739845721579,0.047714068545343304
2022-01-29,2022-01-01,0.010286885410301838,0.019027016791852966
2022-01-30,2022-01-01,0.004127181054089643,0.0002881711346230838
2022-01-31,2022-01-01,0.03460071191757803,0.029850162374413885
2022-02-01,2022-01-01,0.044750423593321924,0.037185382548885766
2022-02-02,2022-01-01,0.04341380600318375,0.04045656864228884
2022-02-03,2022-01-01,0.007087317907337664,0.005862569509351171
2022-02-04,2022-01-01,0.1128101355650646,0.11099253064835646
2022-02-05,2022-01-01,0.011061399871082426,0.012256008008218817
2022-02-06,2022-01-01,0.013007742711692503,0.011402308263826898
2022-02-07,2022-01-01,0.030224015764255478,0.025586053096564497
2022-02-08,2022-01-01,0.011203503928892963,0.008005974047107157
2022-02-09,2022-01-01,0.03734245326125528,0.03430295273686261
2022-02-10,2022-01-01,0.05764677877112865,0.05120841050065308
2022-02-11,2022-01-01,0.06530600961360382,0.053694464805378546
2022-02-12,2022-01-01,0.001211213892784484,0.00792266867760502
2022-02-13,2022-01-01,0.01249293619092164,0.014297406300952309
2022-02-14,2022-01-01,0.006968314182752743,0.014148047449839532
2022-02-15,2022-01-01,0.08847574462264512,0.08200193010539152
2022-02-16,2022-01-01,0.01140625441289719,0.015795091974459146
2022-02-17,2022-01-01,0.09182571046506825,0.08251942408267188
2022-02-18,2022-01-01,0.03545252651790103,0.039082953098249815
2022-02-19,2022-01-01,0.015810397048910095,0.011661046659305943
2022-02-20,2022-01-01,0.05547279819771106,0.0517899683275805
2022-02-21,2022-01-01,0.022058311061284266,0.025540394586586107
2022-02-22,2022-01-01,0.026602922647841507,0.022064704303126105
2022-02-23,2022-01-01,0.013373397571233469,0.020171457987205616
2022-02-24,2022-01-01,0.0026268268279418306,0.0006231081510220384
2022-02-25,2022-01-01,0.05414248019400576,0.06152991659063477
2022-02-26,2022-01-01,0.00642399425976263,0.00582436828061058
2022-02-27,2022-01-01,0.051456023242021434,0.06005560908529519
2022-02-28,2022-01-01,0.10770683090893991,0.10835313889280249
2022-03-01,2022-01-01,0.021757555846331197,0.020327403923773028
2022-03-02,2022-01-01,0.01299405466688928,0.01001385243504614
2022-03-03,2022-01-01,0.049716230364090334,0.04232321713499154
2022-03-04,2022-01-01,0.08671581760696913,0.0809650978287148
2022-03-05,2022-01-01,0.02660117606443567,0.012543995627357142
2022-03-06,2022-01-01,0.045569063785142035,0.04288612474714688
2022-03-07,2022-01-01,0.02994892987017673,0.026896874552663288
2022-03-08,2022-01-01,0.043785668236376585,0.028147840578857997
2022-03-09,2022-01-01,0.0743841881460308,0.05801737506476363
2022-03-10,2022-01-01,0.046788886600118026,0.045074938401747026
2022-03-11,2022-01-01,0.032716574083453846,0.02338471285631155
2022-03-12,2022-01-01,0.0014702346579196102,0.0026301510730150027
2022-03-13,2022-01-01,0.031016702529158502,0.02410392839413466
2022-03-14,2022-01-01,0.02883155518499434,0.024841699625560102
2022-03-15,2022-01-01,0.009714528985827385,0.009866854462117183
2022-03-16,2022-01-01,0.05801319313452641,0.05557009091963343
2022-03-17,2022-01-01,0.016147397177729655,0.014988174301288404
2022-03-18,2022-01-01,0.040835472744100806,0.043989908949623485
2022-03-19,2022-01-01,0.007259497397309779,0.0006276508653363288
2022-03-20,2022-01-01,0.031092839434956086,0.032050550351160965
2022-03-21,2022-01-01,0.010847901048477139,0.00919550672556635
2022-03-22,2022-01-01,0.019773388629358183,0.023840353253884984
2022-03-23,2022-01-01,0.02739227561855269,0.01773290201032268
2022-03-24,2022-01-01,0.020296224455418038,0.02333536555577064
2022-03-25,2022-01-01,0.007085475090158965,0.0022486807646496256
2022-03-26,2022-01-01,0.006993034688971229,0.008881407431424024
2022-03-27,2022-01-01,0.04340455882613693,0.044944777922110456
2022-03-28,2022-01-01,0.0038529757518172766,0.012799040587231367
2022-03-29,2022-01-01,0.020523442625840507,0.01719504936630826
2022-03-30,2022-01-01,0.005118105479046672,0.006958271724601846
2022-03-31,2022-01-01,0.036250116933524576,0.03360692615446188
2022-04-01,2022-01-01,0.0467989386371249,0.04720900768544294
2022-04-02,2022-01-01,0.010010518677366756,0.0018530552991126881
2022-04-03,2022-01-01,0.012415717081003459,0.019561831847962872
2022-04-04,2022-01-01,0.004008579526927543,0.002277614959213633
2022-04-05,2022-01-01,0.030221634155353783,0.03394172437876751
2022-04-06,2022-01-01,0.07342149797740814,0.07436959489004318
2022-04-07,2022-01-01,0.01464513643374948,0.013963227683489007
2022-04-08,2022-01-01,0.013088522201576134,0.014405478673186652
2022-04-09,2022-01-01,0.016482979591188114,0.018539199027605653
2022-04-10,2022-01-01,0.011753807026731082,0.017147822129485197
2022-04-11,2022-01-01,0.07845521107382397,0.07531931414911898
2022-04-12,2022-01-01,0.013896936058347088,0.010968151247186933
2022-04-13,2022-01-01,0.026758291254709923,0.027255857928878434
2022-04-14,2022-01-01,0.03441491545077792,0.03320968059653695
2022-04-15,2022-01-01,0.0016065610052795618,0.002817907605837708
2022-04-16,2022-01-01,0.01419775984621928,0.0047061554576152175
2022-04-17,2022-01-01,0.023687704201254708,0.024992166770497246
2022-04-18,2022-01-01,0.014253850874417452,0.01776743104397982
2022-04-19,2022-01-01,0.014148968898310136,0.013424635479701718
2022-04-20,2022-01-01,0.01405171604304928,0.010713672504981552
2022-04-21,2022-01-01,0.02605574709690736,0.03247833651588351
2022-04-22,2022-01-01,0.009915801496569066,0.011471834259150528
2022-04-23,2022-01-01,0.010977352680344329,0.011938962980028386
2022-04-24,2022-01-01,0.004706228808592238,0.008311001968823338
2022-04-25,2022-01-01,0.03157457983291714,0.02673439042387537
2022-04-26,2022-01-01,0.07020204837565557,0.06834746286980169
2022-04-27,2022-01-01,0.029684570107707114,0.023146116359095616
2022-04-28,2022-01-01,0.017375598382191597,0.015317615082503051
2022-04-29,2022-01-01,0.05174435787180009,0.04351170387600933
2022-04-30,2022-01-01,0.02830145042468226,0.03481536604428892
2022-05-01,2022-01-01,0.03604438148441417,0.0319435579450833
2022-05-02,2022-01-01,0.01325958164357326,0.009312761277689968
2022-05-03,2022-01-01,0.029793674985634788,0.028346072129035737
2022-05-04,2022-01-01,0.05022233464929719,0.05263388746586007
2022-05-05,2022-01-01,0.06845546901571907,0.06545482562767335
2022-05-06,2022-01-01,0.016389486739357723,0.02533770535755165
2022-05-07,2022-01-01,0.024522606960561348,0.025113203121619517
2022-05-08,2022-01-01,0.0529299843484014,0.04854833205269567
2022-05-09,2022-01-01,0.10333122900731834,0.11252281575078416
2022-05-10,2022-01-01,0.03972793921370341,0.03676638324601107
2022-05-11,2022-01-01,0.10610931676930109,0.11633313387426222
2022-05-12,2022-01-01,0.05720044770331287,0.06088510908433043
2022-05-13,2022-01-01,0.034773973080982894,0.022473926268148377
2022-05-14,2022-01-01,0.014799435498196116,0.01934159204304111
2022-05-15,2022-01-01,0.053709403410317505,0.041476694445790045
2022-05-16,2022-01-01,0.05797705095834849,0.05838950316955568
2022-05-17,2022-01-01,0.0271054732197179,0.028220627752058282
2022-05-18,2022-01-01,0.07730309593683701,0.08426964670764858
2022-05-19,2022-01-01,0.04621889535679315,0.0468082617068767
2022-05-20,2022-01-01,0.03517760708458566,0.02850009424592391
2022-05-21,2022-01-01,0.003527629513881575,0.0026202731789463857
2022-05-22,2022-01-01,0.050759021859690036,0.03242016479886131
2022-05-23,2022-01-01,0.04419754050409287,0.036115646387814324
2022-05-24,2022-01-01,0.011397728068807378,0.0008435316750514941
2022-05-25,2022-01-01,0.02051661392458777,0.019716279783166507
2022-05-26,2022-01-01,0.07060017675114512,0.07591255991733689
2022-05-27,2022-01-01,0.04893166243436323,0.049382110883037705
2022-05-28,2022-01-01,0.030189148837385014,0.01493780810688307
2022-05-29,2022-01-01,0.02712440008217172,0.028982136051370833
2022-05-30,2022-01-01,0.10278247748558979,0.10018817167283808
2022-05-31,2022-01-01,0.02209673917427033,0.02587025159554053
2022-06-01,2022-01-01,0.07705260097689912,0.06541088238783813
2022-06-02,2022-01-01,0.010080681566891212,0.0007069248080456003
2022-06-03,2022-01-01,0.04025930703662574,0.03446131566502488
2022-06-04,2022-01-01,0.007942528973846463,0.010877459115471385
2022-06-05,2022-01-01,0.0021320348409577575,7.092757440189772e-06
2022-06-06,2022-01-01,0.04155715423345658,0.027233428481134494
2022-06-07,2022-01-01,0.025550168784585763,0.02587425622991834
2022-06-08,2022-01-01,0.013535916173146407,0.015140668349896668
2022-06-09,2022-01-01,0.014954871563157456,0.005184473011836594
2022-06-10,2022-01-01,0.07545159697192014,0.07250024875407189
2022-06-11,2022-01-01,0.07600711918011803,0.08685452841197672
2022-06-12,2022-01-01,0.05407496680117858,0.06093557962917906
2022-06-13,2022-01-01,0.15901699656566665,0.17113173850876195
2022-06-14,2022-01-01,0.0008692171846971701,0.0033506060945304545
2022-06-15,2022-01-01,0.027045283311042077,0.01598078884490446
2022-06-16,2022-01-01,0.14014844193584533,0.13623497231371506
2022-06-17,2022-01-01,0.022939945243231293,0.009368617987419538
2022-06-18,2022-01-01,0.07970752200846123,0.0869506821935852
2022-06-19,2022-01-01,0.1327540651642955,0.12860789265659506
2022-06-20,2022-01-01,0.016982207880773467,0.0030531225688741922
2022-06-21,2022-01-01,0.0147839402086083,0.005816531258144127
2022-06-22,2022-01-01,0.05994816442270087,0.06809603192605994
2022-06-23,2022-01-01,0.08636204565076191,0.08209626994440822
2022-06-24,2022-01-01,0.07266127439737836,0.07405422986685173
2022-06-25,2022-01-01,0.00841471762324126,0.013361560523747446
2022-06-26,2022-01-01,0.024285124413496235,0.03757956643345569
2022-06-27,2022-01-01,0.004755765640798876,0.009344586543213563
2022-06-28,2022-01-01,0.024500342884848383,0.043938550414829934
2022-06-29,2022-01-01,0.04780659320714718,0.044254840283163066
2022-06-30,2022-01-01,0.034993383422375,0.03297389983216684
2022-07-01,2022-07-01,0.006331049821435824,0.009569642569568031
2022-07-02,2022-07-01,0.018219391231312027,0.0052372785227859635
2022-07-03,2022-07-01,0.008461556485604054,0.004939424345794339
2022-07-04,2022-07-01,0.06270180436251305,0.06955482915113541
2022-07-05,2022-07-01,0.00587424610381386,0.014109732022645826
2022-07-06,2022-07-01,0.029499362647338278,0.04070252331402397
2022-07-07,2022-07-01,0.04564773593327046,0.04204237969430677
2022-07-08,2022-07-01,0.01685273223415535,0.015266435781104863
2022-07-09,2022-07-01,0.008242229602329156,0.008980414617359973
2022-07-10,2022-07-01,0.05465589182377246,0.04340740087020324
2022-07-11,2022-07-01,0.06027256853269658,0.06520521631341947
2022-07-12,2022-07-01,0.061957295381386085,0.05796032627467948
2022-07-13,2022-07-01,0.07844031851410821,0.06953661266561847
2022-07-14,2022-07-01,0.07239603962597564,0.07202990233646313
2022-07-15,2022-07-01,0.03370780498307079,0.03350836595262432
2022-07-16,2022-07-01,0.10194660998018644,0.09417186830068439
2022-07-17,2022-07-01,0.011824254774445634,0.010567152987883301
2022-07-18,2022-07-01,0.17808221336042618,0.17304980391589306
2022-07-19,2022-07-01,0.03408021012234906,0.019202837474365735
2022-07-20,2022-07-01,0.03807591789985589,0.02507934885505833
2022-07-21,2022-07-01,0.03016454882396993,0.034360216121498977
2022-07-22,2022-07-01,0.024332730020090725,0.02736061916793495
2022-07-23,2022-07-01,0.0013303401556199667,0.0029531173863837175
2022-07-24,2022-07-01,0.02423552707122327,0.02960973309149978
2022-07-25,2022-07-01,0.09407370223201696,0.09789991333092804
2022-07-26,2022-07-01,0.007605955798624086,0.009668159136799472
2022-07-27,2022-07-01,0.14388065373872855,0.1348934342094643
2022-07-28,2022-07-01,0.05148496340145536,0.05673794091212253
2022-07-29,2022-07-01,0.004442645123627113,0.002867715000410268
2022-07-30,2022-07-01,0.02343576992669304,0.022619079112470162
2022-07-31,2022-07-01,0.018514344498241034,0.01259175811334397
2022-08-01,2022-07-01,0.03714958368544022,0.03062268123455918
2022-08-02,2022-07-01,0.0178994977779258,0.0061839141352857604
2022-08-03,2022-07-01,0.02171761965996273,0.011075793961127713
2022-08-04,2022-07-01,0.006406666537624143,0.00916580924062687
2022-08-05,2022-07-01,0.09264847315028277,0.07519108574698634
2022-08-06,2022-07-01,0.03114854294045039,0.023201209607721103
2022-08-07,2022-07-01,0.0007858296628165708,0.001252129078723162
2022-08-08,2022-07-01,0.04363250484112198,0.042937697153635636
2022-08-09,2022-07-01,0.04862737581175553,0.042536024389171645
2022-08-10,2022-07-01,0.08128635225506445,0.08176190177354997
2022-08-11,2022-07-01,0.02231977429644794,0.01737581002540408
2022-08-12,2022-07-01,0.026226692052486966,0.03545402266793733
2022-08-13,2022-07-01,0.0079964254386208,0.01089329247044726
2022-08-14,2022-07-01,0.026172910040482326,0.026731470533591796
2022-08-15,2022-07-01,0.03174806345483605,0.02100994828367851
2022-08-16,2022-07-01,0.01076043724170183,0.017209110132000594
2022-08-17,2022-07-01,0.029528484123362488,0.02698619894676773
2022-08-18,2022-07-01,0.0013357408520248233,0.004199756681394885
2022-08-19,2022-07-01,0.11458532576996464,0.12799018717346702
2022-08-20,2022-07-01,0.02738188814740714,0.030024414675659465
2022-08-21,2022-07-01,0.026455831560637317,0.027240333426070497
2022-08-22,2022-07-01,0.0022777533705488438,0.0009369593227612485
2022-08-23,2022-07-01,0.018889948107853237,0.022299238697604192
2022-08-24,2022-07-01,0.005966102234253224,0.005065411025108735
2022-08-25,2022-07-01,0.031124414694364173,0.02086554382009001
2022-08-26,2022-07-01,0.11207480410327798,0.11291250394237805
2022-08-27,2022-07-01,0.028837658686753462,0.019326989805919695
2022-08-28,2022-07-01,0.040855991832173984,0.04090915450594389
2022-08-29,2022-07-01,0.08322223853196259,0.0815628890027702
2022-08-30,2022-07-01,0.01184009542325417,0.01599383554811573
2022-08-31,2022-07-01,0.012123318970723546,0.013572222170072546
2022-09-01,2022-07-01,0.03070199219583861,0.020676890187357872
2022-09-02,2022-07-01,0.009590382547603112,0.008741839442380784
2022-09-03,2022-07-01,0.01142029867600046,0.01627674056768846
2022-09-04,2022-07-01,0.0004407269069653403,0.009262796884119608
2022-09-05,2022-07-01,0.033603526505749645,0.023515708435633494
2022-09-06,2022-07-01,0.037103081256340445,0.036465845650841565
2022-09-07,2022-07-01,0.03913446994848774,0.03893761071884186
2022-09-08,2022-07-01,0.004221955936776034,0.0031562027457822262
2022-09-09,2022-07-01,0.04455590856033037,0.04723835775270159
2022-09-10,2022-07-01,0.03498071299981995,0.03254264552988942
2022-09-11,2022-07-01,0.01844799536083987,0.011659775845936466
2022-09-12,2022-07-01,0.025508898688747814,0.031023204121875193
2022-09-13,2022-07-01,0.08099377778009567,0.08181605406026758
2022-09-14,2022-07-01,0.03436715133498543,0.028884410494417926
2022-09-15,2022-07-01,0.10661797917485233,0.09928803319952191
2022-09-16,2022-07-01,0.02738310764369903,0.03405889892924681
2022-09-17,2022-07-01,0.019271764452193495,0.025769247019457844
2022-09-18,2022-07-01,0.08762441439687124,0.09217808979083598
2022-09-19,2022-07-01,0.029702190831380145,0.025681002566888756
2022-09-20,2022-07-01,0.038370459017078584,0.03753060955793641
2022-09-21,2022-07-01,0.052679663805235304,0.058924167984218775
2022-09-22,2022-07-01,0.06080375398898032,0.056949482203590224
2022-09-23,2022-07-01,0.0037124924227493953,0.001410502047263073
2022-09-24,2022-07-01,0.020008439743364623,0.011668355871246011
2022-09-25,2022-07-01,0.014504197077965535,0.02073230695374722
2022-09-26,2022-07-01,0.02422325477097615,0.028363665159498872
2022-09-27,2022-07-01,0.0032924073827921,0.00475244937587943
2022-09-28,2022-07-01,0.0028450469483013423,0.0014964439067805813
2022-09-29,2022-07-01,0.003981337172708769,0.0037461667460196
2022-09-30,2022-07-01,0.004574274294289195,0.008740905357515677
2022-10-01,2022-07-01,0.006236345311883409,0.014806013214063789
2022-10-02,2022-07-01,0.029313913193043745,0.03050655440982519
2022-10-03,2022-07-01,0.03232629340776297,0.033652471074521635
2022-10-04,2022-07-01,0.03451458875970377,0.028894741335752323
2022-10-05,2022-07-01,0.010201216708870992,0.00930859275628089
2022-10-06,2022-07-01,0.007822358523087086,0.004577592845393684
2022-10-07,2022-07-01,0.011055507583314991,0.016850665300588742
2022-10-08,2022-07-01,0.014595362638591807,0.01613178673753156
2022-10-09,2022-07-01,0.002731311466047725,0.0022205262238558713
2022-10-10,2022-07-01,0.023377327210679057,0.02594285373475386
2022-10-11,2022-07-01,0.012755229242412725,0.012731538963573086
2022-10-12,2022-07-01,0.011727954903376895,0.009861838365226536
2022-10-13,2022-07-01,0.0034346745595895223,0.0071977633070667724
2022-10-14,2022-07-01,0.0003500422811935971,0.004065460991405493
2022-10-15,2022-07-01,0.01816577118500331,0.01964274150841393
2022-10-16,2022-07-01,0.026517271309424724,0.021091307179999606
2022-10-17,2022-07-01,0.014558443258122115,0.01825881374812247
2022-10-18,2022-07-01,0.01623601487136469,0.018777201202542667
2022-10-19,2022-07-01,0.024264816611029957,0.02272621106019702
2022-10-20,2022-07-01,0.006767776404301339,0.0051863829621836945
2022-10-21,2022-07-01,0.015385277491822141,0.010811892900417779
2022-10-22,2022-07-01,0.0049758750603446054,0.008741120168624541
2022-10-23,2022-07-01,0.03426406184789613,0.034735255753688674
2022-10-24,2022-07-01,0.013479776507969185,0.014962004440899894
2022-10-25,2022-07-01,0.08620497575595167,0.08249856998625921
2022-10-26,2022-07-01,0.07254801140923732,0.07268289690287022
2022-10-27,2022-07-01,0.03791987501933465,0.03627847092740581
2022-10-28,2022-07-01,0.018819906575673433,0.020909069188980313
2022-10-29,2022-07-01,0.036835999380494644,0.03973249534527959
2022-10-30,2022-07-01,0.021602279677551125,0.020229962918429528
2022-10-31,2022-07-01,0.022075977278085752,0.01645840829357323
2022-11-01,2022-07-01,0.001641340311898912,0.0011963798053086752
2022-11-02,2022-07-01,0.03957446715581136,0.04023321060494178
2022-11-03,2022-07-01,0.007123334845596511,0.003597769604313129
2022-11-04,2022-07-01,0.07057736180684047,0.07254459460266996
2022-11-05,2022-07-01,0.013256096269300445,0.010523952135536526
2022-11-06,2022-07-01,0.034070429519108984,0.0390261797019956
2022-11-07,2022-07-01,0.007241805335093438,0.006244340870776124
2022-11-08,2022-07-01,0.1569295449458028,0.15259683005004526
2022-11-09,2022-07-01,0.18263315052512094,0.18317765079876516
2022-11-10,2022-07-01,0.17494680721710962,0.17570905943330054
2022-11-11,2022-07-01,0.004260076035083056,0.00020232662098151194
2022-11-12,2022-07-01,0.024439925917379406,0.03164316114856572
2022-11-13,2022-07-01,0.023432439930584397,0.02863676548398178
2022-11-14,2022-07-01,0.012266612629727414,0.012746782787536066
2022-11-15,2022-07-01,0.01669260175894703,0.007830474232667825
2022-11-16,2022-07-01,0.044446596434693064,0.03313694096023963
2022-11-17,2022-07-01,0.02467431582136556,0.016471658451857538
2022-11-18,2022-07-01,0.020548851425137536,0.007723983124089033
2022-11-19,2022-07-01,0.01942377867850815,0.003900985124148989
2022-11-20,2022-07-01,0.08227681412574445,0.06568707552893498
2022-11-21,2022-07-01,0.03440733793478687,0.035201416814156616
2022-11-22,2022-07-01,0.029287896400663163,0.022469750552264314
2022-11-23,2022-07-01,0.041500918443077114,0.04145273454166015
2022-11-24,2022-07-01,0.021853408714297994,0.01621327600206619
2022-11-25,2022-07-01,0.001441307792130714,0.007209145614345275
2022-11-26,2022-07-01,0.010042595891500245,0.0027635901267360047
2022-11-27,2022-07-01,0.01173345953137547,0.011543894421010094
2022-11-28,2022-07-01,0.02282030717431043,0.02458907581938715
2022-11-29,2022-07-01,0.021771972792423943,0.0361760933969079
2022-11-30,2022-07-01,0.06883845614059733,0.06424395204669152
2022-12-01,2022-07-01,0.016890956183729378,0.016115609194067557
2022-12-02,2022-07-01,0.006735285714545564,0.009004236301768404
2022-12-03,2022-07-01,0.03324153378998878,0.041355584435256706
2022-12-04,2022-07-01,0.0301753933357689,0.02462967408854541
2022-12-05,2022-07-01,0.021751831738723283,0.016770828991278644
2022-12-06,2022-07-01,0.000298957449761654,0.004702249774112238
2022-12-07,2022-07-01,0.030295317341228593,0.03223502272460701
2022-12-08,2022-07-01,0.034934233538945446,0.03519968648325815
2022-12-09,2022-07-01,0.0019348922640413727,0.013027614094816148
2022-12-10,2022-07-01,0.01419675605479907,0.0032602386245480603
2022-12-11,2022-07-01,0.0026648545698350432,0.0039494898644884865
2022-12-12,2022-07-01,0.0027305529771229926,0.005250317771618107
2022-12-13,2022-07-01,0.03695915312629557,0.03404164921303025
2022-12-14,2022-07-01,0.012931640234668886,0.010423849209102309
2022-12-15,2022-07-01,0.03630317406515372,0.03687533108907898
2022-12-16,2022-07-01,0.08030104472730962,0.08134225073311893
2022-12-17,2022-07-01,0.01369268543552499,0.012035569339563531
2022-12-18,2022-07-01,0.004404786525412961,0.0027728931229175444
2022-12-19,2022-07-01,0.023161744600671382,0.01779598296085691
2022-12-20,2022-07-01,0.046717869473201945,0.040444257824981386
2022-12-21,2022-07-01,0.002065221811414656,0.003789582752488238
2022-12-22,2022-07-01,0.008635305500738436,0.0002521021081010404
2022-12-23,2022-07-01,0.004527150825939273,0.0011365682800756989
2022-12-24,2022-07-01,0.004463963904828029,0.0023964866753606174
2022-12-25,2022-07-01,0.00815576478985811,0.0045478853900218375
2022-12-26,2022-07-01,0.006413220658247374,0.0036261957681906374
2022-12-27,2022-07-01,0.017412872857701572,0.014051073253067814
2022-12-28,2022-07-01,0.018411058211578755,0.022158170272254515
2022-12-29,2022-07-01,0.010639819825352465,0.00673924079150112
2022-12-30,2022-07-01,0.009036345094047927,0.003957842581080952
2022-12-31,2022-07-01,0.0014610371727719544,0.005005478950194075
2023-01-01,2023-01-01,0.0036517468900812778,0.006586850063604889
2023-01-02,2023-01-01,0.013855887040324144,0.014514620380843963
2023-01-03,2023-01-01,0.001067941728887817,0.003271835274954172
2023-01-04,2023-01-01,0.03359304227232627,0.037367737323056927
2023-01-05,2023-01-01,0.007785811107444977,0.0015337341423234006
2023-01-06,2023-01-01,0.011908751676452906,0.01805725484766142
2023-01-07,2023-01-01,0.006974898013912417,0.0008746176632068838
2023-01-08,2023-01-01,0.010821213898829098,0.021217007889385152
2023-01-09,2023-01-01,0.02720280811568386,0.029769529458454576
2023-01-10,2023-01-01,0.010468401619013544,0.014546776649903222
2023-01-11,2023-01-01,0.038086351722615944,0.04146521379478453
2023-01-12,2023-01-01,0.021071331766778514,0.024886610734524216
2023-01-13,2023-01-01,0.021295569786019677,0.02678026969173643
2023-01-14,2023-01-01,0.06108422716909116,0.07137218762921112
2023-01-15,2023-01-01,0.0002913273569257577,0.004528545789410544
2023-01-16,2023-01-01,0.009355298616410268,0.018471072065685316
2023-01-17,2023-01-01,0.010424439378230264,0.0026319369380398716
2023-01-18,2023-01-01,0.03641889010316588,0.030468033419184425
2023-01-19,2023-01-01,0.018108676025638048,0.027302443667661866
2023-01-20,2023-01-01,0.06670459260485173,0.07239361989095978
2023-01-21,2023-01-01,0.020783168290990306,0.016125834901292716
2023-01-22,2023-01-01,0.0025661226834938116,0.003469768006159101
2023-01-23,2023-01-01,0.0017939583956970912,0.002969650880776008
2023-01-24,2023-01-01,0.04771685414623899,0.04094141960939376
2023-01-25,2023-01-01,0.028749795311305483,0.03818401707813781
2023-01-26,2023-01-01,0.009694508504048422,0.0018819226080833604
2023-01-27,2023-01-01,0.005635191382934997,8.166859539154858e-05
2023-01-28,2023-01-01,0.015193332845786875,0.01300162900608621
2023-01-29,2023-01-01,0.04127665412501805,0.04977640831304881
2023-01-30,2023-01-01,0.05162906801398826,0.04437265716810889
2023-01-31,2023-01-01,0.003608793115677104,0.01480676560325134
2023-02-01,2023-01-01,0.0352798347289375,0.03813431671862057
2023-02-02,2023-01-01,0.0013105718659137938,0.004202705446920339
2023-02-03,2023-01-01,0.015423689816798147,0.01606610894979407
2023-02-04,2023-01-01,0.005102323728527424,0.004443522949757609
2023-02-05,2023-01-01,0.025095326143108047,0.018207086626743314
2023-02-06,2023-01-01,0.011749021960333056,0.006524183940706198
2023-02-07,2023-01-01,0.030824449312030305,0.03751766491462372
2023-02-08,2023-01-01,0.01672059605006332,0.009292303994217922
2023-02-09,2023-01-01,0.06275740259291201,0.0602970779261576
2023-02-10,2023-01-01,0.023417473688670698,0.017770460424261135
2023-02-11,2023-01-01,0.01547514168608269,0.019726803364607814
2023-02-12,2023-01-01,0.007778633093281561,0.012786479715968819
2023-02-13,2023-01-01,0.012489303280714984,0.0022422727241521987
2023-02-14,2023-01-01,0.032915929907264156,0.036122449061358475
2023-02-15,2023-01-01,0.07787431908334076,0.07844295814108755
2023-02-16,2023-01-01,0.019716778703172084,0.016666537578598054
2023-02-17,2023-01-01,0.0218741775416694,0.0359442570751909
2023-02-18,2023-01-01,7.069243479661106e-05,0.0015354474960470146
2023-02-19,2023-01-01,0.011348567358878472,0.0032472950911516885
2023-02-20,2023-01-01,0.00822035444749055,0.015626633871845482
2023-02-21,2023-01-01,0.030783600918379637,0.02308783109747304
2023-02-22,2023-01-01,0.010283539720666278,0.0060368899535308985
2023-02-23,2023-01-01,0.006382634489147711,0.007875465421750686
2023-02-24,2023-01-01,0.02630053844104917,0.022709516865644992
2023-02-25,2023-01-01,0.009520607205088079,0.005406855973527245
2023-02-26,2023-01-01,0.030824978685259657,0.031904298774098616
2023-02-27,2023-01-01,0.0016846254512962434,0.0005867559114270927
2023-02-28,2023-01-01,0.022653277764353934,0.014416631144449004
2023-03-01,2023-01-01,0.03603532381956406,0.03876624182090615
2023-03-02,2023-01-01,0.010342482772905035,0.006305820736903476
2023-03-03,2023-01-01,0.05230796716344464,0.044539476909437097
2023-03-04,2023-01-01,0.010276525533505288,0.0012850407919586734
2023-03-05,2023-01-01,0.002811061504739573,0.0016753488563765611
2023-03-06,2023-01-01,0.0021496576781382722,0.005044073522374588
2023-03-07,2023-01-01,0.0027626401861897284,0.0003930561579409517
2023-03-08,2023-01-01,0.01951606282519793,0.014765361053222344
2023-03-09,2023-01-01,0.0590078931131304,0.059185548713730635
2023-03-10,2023-01-01,0.00730495788182125,0.003917377455068741
2023-03-11,2023-01-01,0.03490413815087675,0.04070152835473364
2023-03-12,2023-01-01,0.07407795366732262,0.07610961263975975
2023-03-13,2023-01-01,0.05924903787853098,0.06009985696751204
2023-03-14,2023-01-01,0.00954801939177482,0.01694882147335181
2023-03-15,2023-01-01,0.029398657238221392,0.02492713251054975
2023-03-16,2023-01-01,0.007693996747292865,0.015361744316777419
2023-03-17,2023-01-01,0.05938120327623934,0.07189725887865962
2023-03-18,2023-01-01,0.020180656758670645,0.013667423992344076
2023-03-19,2023-01-01,0.011033445369056162,0.016273095433446745
2023-03-20,2023-01-01,0.02511658326527263,0.024977792339377698
2023-03-21,2023-01-01,0.04140639133157175,0.04396627795870005
2023-03-22,2023-01-01,0.03900331693691769,0.034752951221316934
2023-03-23,2023-01-01,0.03351538102467522,0.04792170312214651
2023-03-24,2023-01-01,0.029688914414546984,0.03182598906780818
2023-03-25,2023-01-01,0.006319109186355556,0.0020448788008507806
2023-03-26,2023-01-01,0.02099996360146671,0.021472183178692233
2023-03-27,2023-01-01,0.04082382168191784,0.030710341926977566
2023-03-28,2023-01-01,0.03102732044423294,0.03624013018426901
2023-03-29,2023-01-01,0.006270431456978948,0.014815537327298997
2023-03-30,2023-01-01,0.0011398156246734343,0.0029104761337338694
2023-03-31,2023-01-01,0.012180709274155557,0.01939835012858246
2023-04-01,2023-01-01,0.009892478843802108,0.0013997989998967755
2023-04-02,2023-01-01,0.014026070850511246,0.0069942897626099655
2023-04-03,2023-01-01,0.005710266065795961,0.011095069500077786
2023-04-04,2023-01-01,0.03703617640380243,0.03669859927644155
2023-04-05,2023-01-01,0.017019978845136133,0.023687089246087756
2023-04-06,2023-01-01,0.019263613940259806,0.015876415563946075
2023-04-07,2023-01-01,0.01583743717758412,0.0010909831250279752
2023-04-08,2023-01-01,0.008752797850184742,0.005567448607517926
2023-04-09,2023-01-01,0.003867514696507172,0.008388122580796131
2023-04-10,2023-01-01,0.028090225998764623,0.03101648769877346
2023-04-11,2023-01-01,0.012770290455757996,0.006657856297654362
2023-04-12,2023-01-01,0.014770584156051926,0.017976415383012426
2023-04-13,2023-01-01,0.046795391106682745,0.05104747931137723
2023-04-14,2023-01-01,0.04055664131059119,0.04755432676068915
2023-04-15,2023-01-01,0.005778884878163393,0.0011674877342335633
2023-04-16,2023-01-01,0.0045440249261974285,0.01594773239525463
2023-04-17,2023-01-01,0.022824676968440153,0.01753106872086663
2023-04-18,2023-01-01,0.00951623056679754,0.016472959575734553
2023-04-19,2023-01-01,0.0816521455322598,0.07668442439105629
2023-04-20,2023-01-01,0.006809818043736193,0.0059355683230407465
2023-04-21,2023-01-01,0.04063868419580238,0.04445666139424586
2023-04-22,2023-01-01,0.009241224529453128,0.015905827037645082
2023-04-23,2023-01-01,0.002942771491901173,0.003041443166458735
2023-04-24,2023-01-01,0.013156608915016908,0.007328981317615396
2023-04-25,2023-01-01,0.01494293450152132,0.016122727569518353
2023-04-26,2023-01-01,0.0011074220968019348,0.003096145545596853
2023-04-27,2023-01-01,0.02188153240307391,0.025662599980730658
2023-04-28,2023-01-01,0.012172894710545688,0.0052905988141379295
2023-04-29,2023-01-01,0.0037594916262703223,0.011552140910569109
2023-04-30,2023-01-01,0.021394363713884715,0.013600726505139625
2023-05-01,2023-01-01,0.02945497131398261,0.021088916338160946
2023-05-02,2023-01-01,0.020496438792663545,0.02418351990651908
2023-05-03,2023-01-01,0.017428779673102683,0.02141209119843983
2023-05-04,2023-01-01,0.011073531653948388,0.010960926755879235
2023-05-05,2023-01-01,0.058652489102807924,0.06540298369662036
2023-05-06,2023-01-01,0.039438146117697054,0.043995214672191814
2023-05-07,2023-01-01,0.02072866014583296,0.011760676748039598
2023-05-08,2023-01-01,0.011900690442549138,0.00975125904528135
2023-05-09,2023-01-01,0.006375525536900016,0.0028071310668148853
2023-05-10,2023-01-01,0.0022031422474041345,0.00013209578376043984
2023-05-11,2023-01-01,0.027424713747416004,0.021869679012618503
2023-05-12,2023-01-01,0.005910033658359877,0.009370361847554465
2023-05-13,2023-01-01,0.004874198180308846,0.0033285529703166805
2023-05-14,2023-01-01,0.0009861896839796964,0.00544512011132332
2023-05-15,2023-01-01,0.006949862099925291,0.01262546797400645
2023-05-16,2023-01-01,0.004297474513125404,0.006766102034841693
2023-05-17,2023-01-01,0.001966738607603348,0.00184778217613263
2023-05-18,2023-01-01,0.016865882099120356,0.008031908453984712
2023-05-19,2023-01-01,0.005623796114662216,0.00902599718136841
2023-05-20,2023-01-01,0.0004469777213096022,0.007499180404944876
2023-05-21,2023-01-01,0.009491032686499257,0.00566258483876006
2023-05-22,2023-01-01,0.0025830453951226125,0.010215600496763688
2023-05-23,2023-01-01,0.022331486906735896,0.023424188738476733
2023-05-24,2023-01-01,0.030566395433709776,0.026061368495079094
2023-05-25,2023-01-01,0.001543208354380203,0.006036625995318101
2023-05-26,2023-01-01,0.013517758483387347,0.01577689123217018
2023-05-27,2023-01-01,0.0008083987651603104,0.004513964550205237
2023-05-28,2023-01-01,0.044154307382323454,0.04664669971976269
2023-05-29,2023-01-01,0.012761399052369535,0.00599514736267539
2023-05-30,2023-01-01,0.00029068873928915755,0.007053499299412553
2023-05-31,2023-01-01,0.01447397498342646,0.011060047230151832
2023-06-01,2023-01-01,0.010449795527610696,0.003458874428069029
2023-06-02,2023-01-01,0.021397152146114606,0.02731590713345883
2023-06-03,2023-01-01,0.006180909984793127,0.004515237230587568
2023-06-04,2023-01-01,0.004294376453904205,0.0019617929104899325
2023-06-05,2023-01-01,0.042218202973559285,0.03853060757232701
2023-06-06,2023-01-01,0.039098369964016055,0.042880557169513216
2023-06-07,2023-01-01,0.027296431817494728,0.024107679649623796
2023-06-08,2023-01-01,0.0020159374858646955,0.010358588814031807
2023-06-09,2023-01-01,0.0030017607227334616,3.74848858345515e-05
2023-06-10,2023-01-01,0.04850743175193989,0.04471248382815099
2023-06-11,2023-01-01,4.948885361289064e-05,0.0033907458665034776
2023-06-12,2023-01-01,0.009148815075567439,0.0029895699227425695
2023-06-13,2023-01-01,0.0032790069716590333,0.0011053014474289207
2023-06-14,2023-01-01,0.052486623680590504,0.04774511799025501
2023-06-15,2023-01-01,0.009231473832348118,0.011798571501186607
2023-06-16,2023-01-01,0.031174622475271835,0.03410570747707532
2023-06-17,2023-01-01,0.007160176254630641,0.009430888222625501
2023-06-18,2023-01-01,0.006012522453578788,0.0008080974235167675
2023-06-19,2023-01-01,0.005574481914201587,0.012909766622518973
2023-06-20,2023-01-01,0.03712008820417651,0.03450632317912118
2023-06-21,2023-01-01,0.0521748832732876,0.05840312434609768
2023-06-22,2023-01-01,0.01470595651533342,0.006252171575036247
2023-06-23,2023-01-01,0.0036015938238049836,0.01340308730925317
2023-06-24,2023-01-01,0.005872166698290719,0.005787228250832601
2023-06-25,2023-01-01,0.008768297453788189,0.015963768136359646
2023-06-26,2023-01-01,0.022001089856893506,0.018424236630637577
2023-06-27,2023-01-01,0.011315642977945127,0.01915248032466419
2023-06-28,2023-01-01,0.031003669057523164,0.02936564548444722
2023-06-29,2023-01-01,0.013185606705549989,0.016086177061773954
2023-06-30,2023-01-01,0.04590873913822547,0.047010230553258536
2023-07-01,2023-07-01,0.005730092610490718,0.00420802081538463
2023-07-02,2023-07-01,0.0028040415060192592,0.006077460148379737
2023-07-03,2023-07-01,0.004909619716040393,0.008857341555932525
2023-07-04,2023-07-01,0.011508460469531478,0.009953161127088307
2023-07-05,2023-07-01,0.0141741385581222,0.014146931897674098
2023-07-06,2023-07-01,0.03924872416286801,0.03319010129876183
2023-07-07,2023-07-01,0.008646147088834932,0.010780719951362124
2023-07-08,2023-07-01,0.0003488227510271757,0.0030163528595216794
2023-07-09,2023-07-01,0.0007588610738513022,0.0019303638476756218
2023-07-10,2023-07-01,0.005779564354676291,0.008868284120400952
2023-07-11,2023-07-01,0.0008169513177536537,0.0015385210303571887
2023-07-12,2023-07-01,0.005444967091617287,0.0038606039225878193
2023-07-13,2023-07-01,0.06885867901317759,0.07120416666910813
2023-07-14,2023-07-01,0.03205518183779451,0.03271961655916963
2023-07-15,2023-07-01,0.009606243171373107,0.00519418967288619
2023-07-16,2023-07-01,0.00819643202025517,0.004627419323021576
2023-07-17,2023-07-01,0.009873904920259108,0.006852588307925431
2023-07-18,2023-07-01,0.008530755019225388,0.00798462421068577
2023-07-19,2023-07-01,0.009417770294427412,0.005183438711206207
2023-07-20,2023-07-01,0.002073522100589767,0.00043281819488792
2023-07-21,2023-07-01,0.002039185669576305,8.097012064332604e-05
2023-07-22,2023-07-01,0.014060902569882587,0.014874020045207333
2023-07-23,2023-07-01,0.010681661887306432,0.012237198904548437
2023-07-24,2023-07-01,0.02029097740985266,0.021036309685703636
2023-07-25,2023-07-01,0.0006662573205785558,0.0032872356454363176
2023-07-26,2023-07-01,0.005975353925147903,0.007311693081377883
2023-07-27,2023-07-01,0.008011014344762805,0.006691674317375551
2023-07-28,2023-07-01,0.004933162832737675,0.007094596928947719
2023-07-29,2023-07-01,0.0018255557205803666,0.0029855908017923077
2023-07-30,2023-07-01,0.012664546810419192,0.0107930407925677
2023-07-31,2023-07-01,0.0017970658459145988,0.0036549468472023366
2023-08-01,2023-07-01,0.005705413860113896,0.007843234366466173
2023-08-02,2023-07-01,0.017767806855018088,0.017846246478562335
2023-08-03,2023-07-01,0.00373899959920711,0.0029876038360280633
2023-08-04,2023-07-01,0.004672489512568571,0.0046076537901772584
2023-08-05,2023-07-01,0.004427542412194052,0.0033833788718961076
2023-08-06,2023-07-01,0.0051966778519375615,0.004555682410116055
2023-08-07,2023-07-01,0.005634943333573201,0.0008855898566211622
2023-08-08,2023-07-01,0.016088305668988032,0.015270971559888368
2023-08-09,2023-07-01,0.0017773538308182265,0.0010576859480567274
2023-08-10,2023-07-01,0.003774583487434569,0.0024535749999784143
2023-08-11,2023-07-01,0.0027895902011669757,0.0025212661839432195
2023-08-12,2023-07-01,0.0003897896161207285,0.00039526533825079955
2023-08-13,2023-07-01,0.006346968857125241,0.005706077302506949
2023-08-14,2023-07-01,0.0003727468372277318,0.002048631202365554
2023-08-15,2023-07-01,0.009728233567209595,0.009833134281570594
2023-08-16,2023-07-01,0.013035310878707249,0.012337150302840615
2023-08-17,2023-07-01,0.06808328574159703,0.06759187584910341
2023-08-18,2023-07-01,0.017261081751325628,0.015952345266866064
2023-08-19,2023-07-01,0.007566887608381267,0.004362686170470283
2023-08-20,2023-07-01,0.009053897464680816,0.008782399529170188
2023-08-21,2023-07-01,0.009288040531113491,0.01079772014629288
2023-08-22,2023-07-01,0.022132270007994833,0.020731828694261347
2023-08-23,2023-07-01,0.029192633480198498,0.026893675060709634
2023-08-24,2023-07-01,0.011720563729956973,0.011539024722193513
2023-08-25,2023-07-01,0.01029197950445001,0.004956261587879552
2023-08-26,2023-07-01,0.005881872694035638,0.0046107965657295955
2023-08-27,2023-07-01,0.008531248678369036,0.006210530076653699
2023-08-28,2023-07-01,0.001964138790192023,0.003454037840274033
2023-08-29,2023-07-01,0.04337524989457451,0.046178728195423964
2023-08-30,2023-07-01,0.012419997070439547,0.013922378520756225
2023-08-31,2023-07-01,0.03869740009097152,0.035664129545014515
2023-09-01,2023-07-01,0.011405221484893124,0.011567589285764228
2023-09-02,2023-07-01,0.0032612325389212446,0.004533713927952631
2023-09-03,2023-07-01,0.0021089642023410507,0.0009843357795790934
2023-09-04,2023-07-01,0.007057559299032159,0.004485852140839791
2023-09-05,2023-07-01,0.0026831496738676155,0.0018422206314840286
2023-09-06,2023-07-01,0.00219807284217529,0.0013248665712183622
2023-09-07,2023-07-01,0.00813355672329455,0.00886067963840785
2023-09-08,2023-07-01,0.01255180164766097,0.007314208500149569
2023-09-09,2023-07-01,0.005374749186430072,0.001247094992324213
2023-09-10,2023-07-01,0.00899205499775111,0.011748035772718213
2023-09-11,2023-07-01,0.040471945756606655,0.04104568573216113
2023-09-12,2023-07-01,0.02650182320084919,0.02504662368934603
2023-09-13,2023-07-01,0.01032336037601938,0.009718427816989669
2023-09-14,2023-07-01,0.010118049996705326,0.011453797714197179
2023-09-15,2023-07-01,0.006046339737600234,0.008696624352870021
2023-09-16,2023-07-01,0.003580038523077066,0.004277045820458066
2023-09-17,2023-07-01,0.00922071665244146,0.008134169668201937
2023-09-18,2023-07-01,0.00556849426955932,0.008243989365758595
2023-09-19,2023-07-01,0.0016532567472906903,0.0034189981819413504
2023-09-20,2023-07-01,0.0134754923604371,0.013025965719977042
2023-09-21,2023-07-01,0.022013827817225225,0.024525188808254685
2023-09-22,2023-07-01,0.0018656249170029456,0.004708193247064353
2023-09-23,2023-07-01,0.0017994238966966762,5.1764758165502806e-05
2023-09-24,2023-07-01,0.010115011987527974,0.008678115725268073
2023-09-25,2023-07-01,0.003380065956363032,0.004053466343554704
2023-09-26,2023-07-01,0.004232949412964202,0.0027666376140788084
2023-09-27,2023-07-01,0.004657933314712065,0.0020877974339573264
2023-09-28,2023-07-01,0.03249574677046612,0.03419316394741693
2023-09-29,2023-07-01,0.0059549487720740625,0.009203521573500057
2023-09-30,2023-07-01,0.0003525066015768368,0.0015615721571064613
2023-10-01,2023-07-01,0.034659406919876935,0.036994128583163234
2023-10-02,2023-07-01,0.042656113423833145,0.04033751534923725
2023-10-03,2023-07-01,0.009838058279182722,0.005424333129018214
2023-10-04,2023-07-01,0.007395427186095005,0.005937287192473294
2023-10-05,2023-07-01,0.02304360946625528,0.022685302727554944
2023-10-06,2023-07-01,0.02351443547671071,0.02040088743858362
2023-10-07,2023-07-01,0.006897599857136578,0.007021438927274863
2023-10-08,2023-07-01,0.0014352857380734649,0.0012390585123250339
2023-10-09,2023-07-01,0.03465283112947607,0.03343522871148764
2023-10-10,2023-07-01,0.012179579862860723,0.00876686536686444
2023-10-11,2023-07-01,0.0016229940323936715,0.0015884134966891827
2023-10-12,2023-07-01,0.017496662632500545,0.017550517078706127
2023-10-13,2023-07-01,0.005919877411597442,0.007275508342121908
2023-10-14,2023-07-01,0.0008913306536400718,0.0016612613980963279
2023-10-15,2023-07-01,0.0033292877854102128,0.0013188705658864087
2023-10-16,2023-07-01,0.02466986531156243,0.026760357548274983
2023-10-17,2023-07-01,0.023892749790380818,0.021967489189033795
2023-10-18,2023-07-01,0.004587594059498967,0.0019992191170767615
2023-10-19,2023-07-01,0.0030213794380948445,0.0018271787565914076
2023-10-20,2023-07-01,0.02156528372540999,0.02325630361430054
2023-10-21,2023-07-01,0.016754140874078154,0.01525059458798634
2023-10-22,2023-07-01,0.0195591143788174,0.020689520365984745
2023-10-23,2023-07-01,0.058534774528742714,0.0611352597086134
2023-10-24,2023-07-01,0.01130910560155987,0.011356620163602407
2023-10-25,2023-07-01,0.004901316002130994,0.0013171516227242692
2023-10-26,2023-07-01,0.002938370563417411,0.008810661961703173
2023-10-27,2023-07-01,0.014068905200379185,0.013660757951415503
2023-10-28,2023-07-01,0.004162477359390021,0.002689233495817161
2023-10-29,2023-07-01,0.00858180567713024,0.010094921081315704
2023-10-30,2023-07-01,0.009385855598187928,0.00776394896042491
2023-10-31,2023-07-01,0.0012439803598344621,0.0031366238337810636
2023-11-01,2023-07-01,0.014012173597466919,0.01639831902021912
2023-11-02,2023-07-01,0.028904444271709337,0.025383972473451373
2023-11-03,2023-07-01,0.015616833291860161,0.016892151799855364
2023-11-04,2023-07-01,0.012352741495245168,0.013382553496469645
2023-11-05,2023-07-01,0.016518411757290484,0.019340978969080165
2023-11-06,2023-07-01,0.0029239906223912726,0.0028200657945862263
2023-11-07,2023-07-01,0.010553066917311234,0.006640702056699861
2023-11-08,2023-07-01,0.002408050007174608,2.2203720107057037e-06
2023-11-09,2023-07-01,0.11715814161035745,0.12187843732128009
2023-11-10,2023-07-01,0.020252575718806995,0.018279052675385703
2023-11-11,2023-07-01,0.021353492982488745,0.013201961761820022
2023-11-12,2023-07-01,0.004463594724966443,0.004414158096770577
2023-11-13,2023-07-01,0.0033009068009476664,0.004338830070369485
2023-11-14,2023-07-01,0.0384765997063777,0.03751868575061681
2023-11-15,2023-07-01,0.032229314906200866,0.0399213795610064
2023-11-16,2023-07-01,0.04666020995993759,0.04809361093387408
2023-11-17,2023-07-01,0.0025785195776398175,0.0011864339720045476
2023-11-18,2023-07-01,0.0012661064619710256,0.0005039314474592496
2023-11-19,2023-07-01,0.018643973254686887,0.024920549728258138
2023-11-20,2023-07-01,0.004786465743008589,0.004414836993660945
2023-11-21,2023-07-01,0.044259802026113994,0.042566949364224456
2023-11-22,2023-07-01,0.06142216912231681,0.06447039166951542
2023-11-23,2023-07-01,0.003460232126478393,0.00042231860351498547
2023-11-24,2023-07-01,0.003614525766059192,0.008633758115967229
2023-11-25,2023-07-01,0.00599864659095,0.0012023478769650077
2023-11-26,2023-07-01,0.014555349637002018,0.010634788330507398
2023-11-27,2023-07-01,0.01260709345238174,0.018091149937040526
2023-11-28,2023-07-01,0.0023223997132339,0.00997767398899091
2023-11-29,2023-07-01,0.00984630449280127,0.009801577477030901
2023-11-30,2023-07-01,0.008704295515019356,0.010451442242503666
2023-12-01,2023-07-01,0.020549599187392867,0.016522553507121663
2023-12-02,2023-07-01,0.03635829937317462,0.03741537039188022
2023-12-03,2023-07-01,0.014456378184674518,0.013065452297372899
2023-12-04,2023-07-01,0.013137379234103611,0.022274919631924937
2023-12-05,2023-07-01,0.018272908666077205,0.022441879975035873
2023-12-06,2023-07-01,0.03026257475593954,0.027234508390340285
2023-12-07,2023-07-01,0.051212813726973276,0.055411174483304126
2023-12-08,2023-07-01,0.0034800228747493417,0.0009705825996568118
2023-12-09,2023-07-01,0.014657324842267408,0.007966130622960636
2023-12-10,2023-07-01,0.003185959079221954,0.004160596424679938
2023-12-11,2023-07-01,0.0567091057205116,0.054800840893262745
2023-12-12,2023-07-01,0.011227804537463061,0.011627202383575137
2023-12-13,2023-07-01,0.02306005306474981,0.025916430808064408
2023-12-14,2023-07-01,0.02527240963844,0.024692483986802162
2023-12-15,2023-07-01,0.04254089745882546,0.042064245178845015
2023-12-16,2023-07-01,0.0028361427925497713,0.002141732549463224
2023-12-17,2023-07-01,0.016778799964504505,0.014132287301549163
2023-12-18,2023-07-01,0.006353787253635442,0.008697923513998417
2023-12-19,2023-07-01,0.02258285405989201,0.018125636919796555
2023-12-20,2023-07-01,0.0028396064184706762,0.010194590832346046
2023-12-21,2023-07-01,0.023754358559541583,0.01676280886405047
2023-12-22,2023-07-01,0.037788637671323906,0.038617316014182994
2023-12-23,2023-07-01,0.009265132308752222,0.007349032958451738
2023-12-24,2023-07-01,0.024810135362248558,0.01944088075960267
2023-12-25,2023-07-01,0.0031379858223858133,0.002171082052985416
2023-12-26,2023-07-01,0.021663322707178075,0.01855305701817401
2023-12-27,2023-07-01,0.06336686998058515,0.0651514181310475
2023-12-28,2023-07-01,0.011476742219324036,0.012453133653861472
2023-12-29,2023-07-01,0.025257202195506555,0.02073430286211967
2023-12-30,2023-07-01,0.0031427600231920053,0.004631503080123169
2023-12-31,2023-07-01,0.006151453536220665,0.0052119719449685445
2024-01-01,2024-01-01,0.02767235808399362,0.029735640951860227
2024-01-02,2024-01-01,0.003615272081662018,0.0005237015859260552
2024-01-03,2024-01-01,0.0623884007897467,0.06284322879532504
2024-01-04,2024-01-01,0.023191788384826745,0.024472556148359813
2024-01-05,2024-01-01,0.008402199258366726,0.0011848971970612509
2024-01-06,2024-01-01,0.01786084414929351,0.013189555919607722
2024-01-07,2024-01-01,0.013692211298364789,0.009763043809540869
2024-01-08,2024-01-01,0.04796797461886589,0.04820181373150973
2024-01-09,2024-01-01,0.008206876256092906,0.004271430458575454
2024-01-10,2024-01-01,0.09765064100405266,0.09996385734718928
2024-01-11,2024-01-01,0.013365960158883963,0.014256626197311504
2024-01-12,2024-01-01,0.040843802384734375,0.03746069993314793
2024-01-13,2024-01-01,0.0160595280404945,0.01901508340496477
2024-01-14,2024-01-01,0.043642988466304336,0.04157185858772251
2024-01-15,2024-01-01,0.009381048290356533,0.014146204423993707
2024-01-16,2024-01-01,0.028212091810580115,0.029274759133396507
2024-01-17,2024-01-01,0.02439075153601166,0.023899356082154856
2024-01-18,2024-01-01,0.02257128545968733,0.02576970039851107
2024-01-19,2024-01-01,0.00982307578848388,0.0075955867643966845
2024-01-20,2024-01-01,0.009473809636372597,0.009182173713076513
2024-01-21,2024-01-01,0.015049237535941846,0.007703321338400106
2024-01-22,2024-01-01,0.05881680212332904,0.05964863354825508
2024-01-23,2024-01-01,0.03405901854198383,0.03220757390767013
2024-01-24,2024-01-01,0.0017576294753523488,0.00475505504568078
2024-01-25,2024-01-01,0.008601181589918967,0.008403364123031712
2024-01-26,2024-01-01,0.016099528817183458,0.020969229547143906
2024-01-27,2024-01-01,0.0006793591710008686,0.0007518119324625784
2024-01-28,2024-01-01,0.0021341580760834717,0.005981877297069567
2024-01-29,2024-01-01,0.02279102554459424,0.025194359583423
2024-01-30,2024-01-01,0.010590280588920213,0.010825140657441532
2024-01-31,2024-01-01,0.026585562044527288,0.02758280502928528
2024-02-01,2024-01-01,0.0041800381724412,0.00778402852500957
2024-02-02,2024-01-01,0.005036006289363056,0.0006459515160511468
2024-02-03,2024-01-01,0.006628243786704766,0.006457255934134455
2024-02-04,2024-01-01,0.009340852001023605,0.004155511674033817
2024-02-05,2024-01-01,0.000850200343781954,0.002776510137097753
2024-02-06,2024-01-01,0.03483978360517596,0.030655045050980066
2024-02-07,2024-01-01,0.021760815417706348,0.02076818476719948
2024-02-08,2024-01-01,0.0006650382866772492,0.0026453676352724016
2024-02-09,2024-01-01,0.024330593667662662,0.026645892915232224
2024-02-10,2024-01-01,0.0035051595798218597,0.004513571742553328
2024-02-11,2024-01-01,0.00023983620498119586,0.0013133168082784413
2024-02-12,2024-01-01,0.05490781032631621,0.05878493808727644
2024-02-13,2024-01-01,0.006146670486102932,0.006673690198644725
2024-02-14,2024-01-01,0.04635237606602957,0.050027855058722495
2024-02-15,2024-01-01,0.014607898208014867,0.015964130529209166
2024-02-16,2024-01-01,0.010592652434606775,0.008436318843628606
2024-02-17,2024-01-01,0.007157578234166827,0.007419946221823872
2024-02-18,2024-01-01,0.02845629867515576,0.03179476005867998
2024-02-19,2024-01-01,0.022563291005980354,0.02148312552397955
2024-02-20,2024-01-01,0.019224147117315994,0.022701872392856436
2024-02-21,2024-01-01,0.016186392794585554,0.015359678232587107
2024-02-22,2024-01-01,0.005024910873347591,0.001199744386283523
2024-02-23,2024-01-01,0.019715620752254446,0.017883963385018953
2024-02-24,2024-01-01,0.01757780997215454,0.022767157819117347
2024-02-25,2024-01-01,0.03741240178537865,0.039170367493127634
2024-02-26,2024-01-01,0.019742181228089118,0.020420870021821608
2024-02-27,2024-01-01,0.019283456384052065,0.019545778931908196
2024-02-28,2024-01-01,0.04092472097466432,0.042442191460289685
2024-02-29,2024-01-01,0.017250208011557522,0.013777198958553448
2024-03-01,2024-01-01,0.020869518223755573,0.026462432665037068
2024-03-02,2024-01-01,0.011375958248680233,0.0047852424220078404
2024-03-03,2024-01-01,0.016414174414681137,0.01883241661921164
2024-03-04,2024-01-01,0.038772348718433866,0.03886648914064258
2024-03-05,2024-01-01,0.024330878510303043,0.02166832291757589
2024-03-06,2024-01-01,0.07012262043688161,0.07285203587413679
2024-03-07,2024-01-01,0.015059801284508149,0.01389451409201869
2024-03-08,2024-01-01,0.0038094383793985534,0.003436823719986289
2024-03-09,2024-01-01,0.0014980420316860858,0.004769575103810708
2024-03-10,2024-01-01,0.015931291451455526,0.009958141839313381
2024-03-11,2024-01-01,0.044576880539977895,0.04636750980607315
2024-03-12,2024-01-01,0.0226062529452548,0.02199322522396778
2024-03-13,2024-01-01,0.0008679930517552833,0.00509044295114909
2024-03-14,2024-01-01,0.03268140026794675,0.03199007592246193
2024-03-15,2024-01-01,0.04219075195371197,0.0396746190253221
2024-03-16,2024-01-01,0.06433494763894189,0.05850678060638992
2024-03-17,2024-01-01,0.029370875052895987,0.032097327597707566
2024-03-18,2024-01-01,0.02908817407829887,0.035098203342157366
2024-03-19,2024-01-01,0.10397486920467869,0.10405152392522175
2024-03-20,2024-01-01,0.1113527872140282,0.1103798740498586
2024-03-21,2024-01-01,0.0013285745384884907,0.005961351021953209
2024-03-22,2024-01-01,0.049635552632087826,0.0469432018165388
2024-03-23,2024-01-01,0.011314643935428026,0.0008578548876393149
2024-03-24,2024-01-01,0.03432669537002463,0.03411214080118245
2024-03-25,2024-01-01,0.045697939224765775,0.03851420365099511
2024-03-26,2024-01-01,0.008481364725380592,0.0018269333866938306
2024-03-27,2024-01-01,0.030158957743587428,0.02564651366466613
2024-03-28,2024-01-01,0.019310651119841222,0.015960871382012572
2024-03-29,2024-01-01,0.009202222929600717,0.014997945528339269
2024-03-30,2024-01-01,0.012272628493973065,0.0025141580722048227
2024-03-31,2024-01-01,0.03808948112050979,0.038597534323062205
2024-04-01,2024-01-01,0.03476973693436425,0.04003373928638888
2024-04-02,2024-01-01,0.06770205671037267,0.06665704783602058
2024-04-03,2024-01-01,0.007687609868645945,0.008517576945814696
2024-04-04,2024-01-01,0.01038209860715604,0.004446238442913456
2024-04-05,2024-01-01,0.005498773601245786,0.004570226360460418
2024-04-06,2024-01-01,0.003794257214157326,0.009325913717929166
2024-04-07,2024-01-01,0.03245813528860224,0.028437452248781532
2024-04-08,2024-01-01,0.0726872627095423,0.06903282130438579
2024-04-09,2024-01-01,0.05113492632431961,0.05203414283089851
2024-04-10,2024-01-01,0.002443263117300587,0.009215556451601138
2024-04-11,2024-01-01,0.010640875397866874,0.01202705825344237
2024-04-12,2024-01-01,0.07246662706651792,0.07618971999305374
2024-04-13,2024-01-01,0.0773086856257852,0.07544791465195408
2024-04-14,2024-01-01,0.042764301200394754,0.04859534583229633
2024-04-15,2024-01-01,0.004964834836868692,0.01830127838941611
2024-04-16,2024-01-01,0.0059779657577825,0.0068292187551372745
2024-04-17,2024-01-01,0.03592171781874209,0.03380765541284579
2024-04-18,2024-01-01,0.029798804563636885,0.02564048290193199
2024-04-19,2024-01-01,0.00046509080547682763,0.003206041791149336
2024-04-20,2024-01-01,0.02133592300319684,0.030848965372764596
2024-04-21,2024-01-01,0.004326093260270442,0.004231487212053607
2024-04-22,2024-01-01,0.020026900034257916,0.015963450080551306
2024-04-23,2024-01-01,0.007539542233161634,0.004598241197188758
2024-04-24,2024-01-01,0.03374956647467775,0.02609856697589952
2024-04-25,2024-01-01,0.0016217757398749736,0.0037967635382464148
2024-04-26,2024-01-01,0.0055224772353361685,0.009568803676133357
2024-04-27,2024-01-01,0.03755248974045045,0.037617660140384604
2024-04-28,2024-01-01,0.007654912619368074,0.0023721752383822105
2024-04-29,2024-01-01,0.01305832586550237,0.01575588174741008
2024-04-30,2024-01-01,0.06260433980505554,0.06459790509428563
2024-05-01,2024-01-01,0.021059838858873352,0.016012360480468796
2024-05-02,2024-01-01,0.007094207019175493,0.0047761535330736165
2024-05-03,2024-01-01,0.03278523459432096,0.037396252989017706
2024-05-04,2024-01-01,0.007563331390182709,0.003628910725571955
2024-05-05,2024-01-01,0.000808427212940676,0.005077617365201107
2024-05-06,2024-01-01,0.020957927780401883,0.02496738376576733
2024-05-07,2024-01-01,0.01875900829013353,0.019846005178325233
2024-05-08,2024-01-01,0.015025575372425593,0.012406755506217917
2024-05-09,2024-01-01,0.01631334981926249,0.019587802392618835
2024-05-10,2024-01-01,0.0386129159974152,0.04264480639649939
2024-05-11,2024-01-01,0.00039942733500917464,0.0010671257963015416
2024-05-12,2024-01-01,0.00698242490139113,0.004604128148798574
2024-05-13,2024-01-01,0.008604330280127729,0.005835924666639608
2024-05-14,2024-01-01,0.02772561481990082,0.02433064984951171
2024-05-15,2024-01-01,0.04959241913802691,0.05260375553870436
2024-05-16,2024-01-01,0.02824871891546653,0.03100647496951707
2024-05-17,2024-01-01,0.048379792880081145,0.04900961017425549
2024-05-18,2024-01-01,0.008266582110385888,0.008544172482181525
2024-05-19,2024-01-01,0.018734262901293507,0.017549717549237287
2024-05-20,2024-01-01,0.19184942617611822,0.1912829318088312
2024-05-21,2024-01-01,0.03757133323156183,0.03487882483038953
2024-05-22,2024-01-01,0.02532896550638168,0.014690210403967714
2024-05-23,2024-01-01,0.0024718728570332447,0.009210239068980223
2024-05-24,2024-01-01,0.017039988024215795,0.014406774614112277
2024-05-25,2024-01-01,0.005271097552525658,0.004576251439956297
2024-05-26,2024-01-01,0.015274680864608373,0.01923057356252087
2024-05-27,2024-01-01,0.017088868796740684,0.01620608315088752
2024-05-28,2024-01-01,0.011651960908017381,0.014402005024095218
2024-05-29,2024-01-01,0.020846117834313903,0.021475189309830132
2024-05-30,2024-01-01,0.016071683395671627,0.0058189395960014005
2024-05-31,2024-01-01,0.0027303661823213326,0.0021982555974530762
2024-06-01,2024-01-01,0.011854822867569486,0.012900458863092355
2024-06-02,2024-01-01,0.01303263465556342,0.00960731150997819
2024-06-03,2024-01-01,0.0041907831412516345,0.005197633644936175
2024-06-04,2024-01-01,0.012826639468133044,0.010932812947402226
2024-06-05,2024-01-01,0.007735608019563381,0.01241796577869923
2024-06-06,2024-01-01,0.02321793771115525,0.014768028633036775
2024-06-07,2024-01-01,0.03571574075058612,0.03629930719605228
2024-06-08,2024-01-01,0.004789392662440448,0.0009912183510587722
2024-06-09,2024-01-01,0.0064066965465086854,0.005510463423439459
2024-06-10,2024-01-01,0.010739527297276475,0.011782710440714737
2024-06-11,2024-01-01,0.048995408643268665,0.047304473448172034
2024-06-12,2024-01-01,0.019036498801398273,0.015787272398035856
2024-06-13,2024-01-01,0.020962364413844466,0.026478924265558375
2024-06-14,2024-01-01,0.009220638524306319,0.0016397162977582625
2024-06-15,2024-01-01,0.021806915015412404,0.023259012027827895
2024-06-16,2024-01-01,0.014166777183977297,0.014396369600826794
2024-06-17,2024-01-01,0.03073711522600525,0.03128068110768108
2024-06-18,2024-01-01,0.00712900172099869,0.009464101525938483
2024-06-19,2024-01-01,0.020675327727418775,0.020366498304638266
2024-06-20,2024-01-01,0.016240940117100415,0.014618959593147697
2024-06-21,2024-01-01,0.002980186767408682,9.437862978353652e-06
2024-06-22,2024-01-01,0.008054439467344712,0.007308984513781295
2024-06-23,2024-01-01,0.01817178280120113,0.02314036008599862
2024-06-24,2024-01-01,0.019120364384215868,0.02148752430025201
2024-06-25,2024-01-01,0.008412754842856376,0.01189004795146089
2024-06-26,2024-01-01,0.006456267870905424,0.008669007914985155
2024-06-27,2024-01-01,0.022429417999972712,0.02100338803392966
2024-06-28,2024-01-01,0.01940576165545722,0.021712766170170743
2024-06-29,2024-01-01,0.004995515190931186,0.0016799439814023224
2024-06-30,2024-01-01,0.019257410253326234,0.016487494715500504
2024-07-01,2024-07-01,0.0015563519462072329,0.0007093926888434815
2024-07-02,2024-07-01,0.008626843933631449,0.008628741523559538
2024-07-03,2024-07-01,0.037743795239491375,0.03790234975136949
2024-07-04,2024-07-01,0.07355946171275478,0.07453153159195802
2024-07-05,2024-07-01,0.026187055869200192,0.026462489869030582
2024-07-06,2024-07-01,0.030292440959709566,0.02745841660780708
2024-07-07,2024-07-01,0.04270296349169167,0.04692420750616924
2024-07-08,2024-07-01,0.030811166613866774,0.028245716547769053
2024-07-09,2024-07-01,0.0202602769435421,0.013704174628536946
2024-07-10,2024-07-01,0.009572388282279111,0.010966703373356859
2024-07-11,2024-07-01,0.001921232658429002,0.002136568583812166
2024-07-12,2024-07-01,0.0037015218335482627,0.009219761525334193
2024-07-13,2024-07-01,0.014679832930823868,0.012185289518677454
2024-07-14,2024-07-01,0.02003025171016142,0.019538128260840393
2024-07-15,2024-07-01,0.07476349659946756,0.07424765250840265
2024-07-16,2024-07-01,0.01586539042123365,0.013931264377736233
2024-07-17,2024-07-01,0.01855782237344724,0.017751313033603625
2024-07-18,2024-07-01,0.008801355616126917,0.009185146851239829
2024-07-19,2024-07-01,0.02122454808734565,0.021651043218053605
2024-07-20,2024-07-01,0.005312942753273339,0.0024744661455280872
2024-07-21,2024-07-01,0.00023801831465757733,0.00328326617025395
2024-07-22,2024-07-01,0.02663490291439844,0.028819359712249814
2024-07-23,2024-07-01,0.012527170882682136,0.010060930345522252
2024-07-24,2024-07-01,0.04101099922521653,0.04336390857033637
2024-07-25,2024-07-01,0.06041163965525499,0.05073633655394509
2024-07-26,2024-07-01,0.030932850313833277,0.029691560530411654
2024-07-27,2024-07-01,0.008264937448932998,0.009935670188825607
2024-07-28,2024-07-01,0.0068864126701886005,0.005554260925427289
2024-07-29,2024-07-01,0.017594199761425348,0.01340889364104323
2024-07-30,2024-07-01,0.013248554117506799,0.014105947106825107
2024-07-31,2024-07-01,0.016560870215350892,0.016289879297288593
2024-08-01,2024-07-01,0.014452142427842513,0.011065321072969668
2024-08-02,2024-07-01,0.07166311007888793,0.06912545681114021
2024-08-03,2024-07-01,0.03183769367132189,0.030196709460547155
2024-08-04,2024-07-01,0.0715952757314168,0.07676528373341603
2024-08-05,2024-07-01,0.1046175979961446,0.10282339331400779
2024-08-06,2024-07-01,0.02130202752541694,0.014239677997312013
2024-08-07,2024-07-01,0.0435239723547871,0.051142595119913994
2024-08-08,2024-07-01,0.14707376661691393,0.14610151324401344
2024-08-09,2024-07-01,0.025077287824069906,0.03104107429775
2024-08-10,2024-07-01,0.0006078095394577978,0.0019362757013642626
2024-08-11,2024-07-01,0.01942535104244319,0.02338507982315553
2024-08-12,2024-07-01,0.059612522354825725,0.06508841511605172
2024-08-13,2024-07-01,0.00494644989267864,0.008465523627236553
2024-08-14,2024-07-01,0.027298416477380374,0.016853576643533732
2024-08-15,2024-07-01,0.031153413466004386,0.03673153359581171
2024-08-16,2024-07-01,0.009167766599172874,0.006868256796352882
2024-08-17,2024-07-01,0.013640535357078189,0.006665871908274696
2024-08-18,2024-07-01,0.005587838420376947,0.002035603411326804
2024-08-19,2024-07-01,0.013172579882331257,0.0074747822697319435
2024-08-20,2024-07-01,0.020213611090894514,0.025911915730539872
2024-08-21,2024-07-01,0.023946805366255684,0.020665055431003474
2024-08-22,2024-07-01,0.0024060250407942183,0.0046094692329246125
2024-08-23,2024-07-01,0.045868836773563904,0.052221507919056984
2024-08-24,2024-07-01,0.006496559557069437,0.0007785428541704218
2024-08-25,2024-07-01,0.018638406523514478,0.008966848833671043
2024-08-26,2024-07-01,0.022035714066263194,0.0264434812097629
2024-08-27,2024-07-01,0.09062787475473624,0.08501538737863644
2024-08-28,2024-07-01,0.02532356371897547,0.025622075316607894
2024-08-29,2024-07-01,0.0024048578448208615,0.0011800355212977737
2024-08-30,2024-07-01,0.006842487729145054,0.0028562687500888273
2024-08-31,2024-07-01,0.0016593681843818345,0.006618927422976105
2024-09-01,2024-07-01,0.03227808396916574,0.03575947851128889
2024-09-02,2024-07-01,0.03810619155830209,0.04331512091916096
2024-09-03,2024-07-01,0.05074829578682156,0.04744157176946043
2024-09-04,2024-07-01,0.007267945336260902,0.009458928417517633
2024-09-05,2024-07-01,0.03536576269313648,0.03471009384009082
2024-09-06,2024-07-01,0.05733453868536341,0.06285702343924565
2024-09-07,2024-07-01,0.017034531136982226,0.02014379757476676
2024-09-08,2024-07-01,0.01191060801210955,0.008794407871226298
2024-09-09,2024-07-01,0.027017984139033533,0.02507934600681728
2024-09-10,2024-07-01,0.014517175553902228,0.011835173319582459
2024-09-11,2024-07-01,0.021062313246853148,0.02233399503906362
2024-09-12,2024-07-01,0.007117001042678235,0.0074328537091022315
2024-09-13,2024-07-01,0.033125845816348407,0.03223236543273112
2024-09-14,2024-07-01,0.012399523770582097,0.010685791484719695
2024-09-15,2024-07-01,0.042156911865230205,0.04219622956625562
2024-09-16,2024-07-01,0.010534284317080797,0.013224745178220698
2024-09-17,2024-07-01,0.017816964800338522,0.01840432709771431
2024-09-18,2024-07-01,0.010718689036121044,0.010535482027810919
2024-09-19,2024-07-01,0.03464474104754736,0.03856470590173627
2024-09-20,2024-07-01,0.0422649902046813,0.03789645015568798
2024-09-21,2024-07-01,0.02707139970292001,0.02019631818468396
2024-09-22,2024-07-01,0.0148150660453394,0.014029700955731644
2024-09-23,2024-07-01,0.018095544343780124,0.02358919598316328
2024-09-24,2024-07-01,0.0006010602247715747,0.0008273332526657774
2024-09-25,2024-07-01,0.032373147729916306,0.029898946506743386
2024-09-26,2024-07-01,0.016871709667044994,0.018437552644383928
2024-09-27,2024-07-01,0.023894660084593098,0.02277286987307978
2024-09-28,2024-07-01,0.005660347414306535,0.008191953863783085
2024-09-29,2024-07-01,0.013567786027265848,0.00856322971351349
2024-09-30,2024-07-01,0.023881052648513736,0.02293330225399331
2024-10-01,2024-07-01,0.054626678079281926,0.06116364542868083
2024-10-02,2024-07-01,0.038694657784384495,0.03659785261754594
2024-10-03,2024-07-01,0.008899611784746582,0.008638825621157005
2024-10-04,2024-07-01,0.02718244541499492,0.02589813771757705
2024-10-05,2024-07-01,0.0021658498542353427,0.000990764214126432
2024-10-06,2024-07-01,0.007666141463069836,0.008390905461484667
2024-10-07,2024-07-01,0.009386174047988102,0.009001064991622815
2024-10-08,2024-07-01,0.0026493703873762134,0.005674067567079368
2024-10-09,2024-07-01,0.033504486206401396,0.030919244445696097
2024-10-10,2024-07-01,0.0013317282342606377,0.0045260238831169
2024-10-11,2024-07-01,0.026507540303475755,0.02048691394349929
2024-10-12,2024-07-01,0.019272321005473332,0.015013485664684682
2024-10-13,2024-07-01,0.004727708601077062,0.005050438142487477
2024-10-14,2024-07-01,0.059906852541912074,0.06360550388143307
2024-10-15,2024-07-01,0.00927921068011133,0.009569444198050699
2024-10-16,2024-07-01,0.004200672023887282,0.00015692268714120774
2024-10-17,2024-07-01,0.005929729655227336,0.004274718892996391
2024-10-18,2024-07-01,0.012750081826674718,0.012598206768499176
2024-10-19,2024-07-01,0.005528151390744488,0.0011848932277985832
2024-10-20,2024-07-01,0.03496041579739087,0.03523925145668607
2024-10-21,2024-07-01,0.03158248326960617,0.030589326557821726
2024-10-22,2024-07-01,0.019671959942523996,0.01912486186116484
2024-10-23,2024-07-01,0.04590199176903448,0.04429805078684432
2024-10-24,2024-07-01,0.002282702584004684,0.00790947003308294
2024-10-25,2024-07-01,0.03667704559982104,0.040446171579910956
2024-10-26,2024-07-01,0.01898078765061383,0.01575743428662026
2024-10-27,2024-07-01,0.014481202770656903,0.009162043801952392
2024-10-28,2024-07-01,0.025604196698136242,0.022155922605344526
2024-10-29,2024-07-01,0.02646604703118013,0.026916526589717563
2024-10-30,2024-07-01,8.834315374089095e-05,0.006030009727170605
2024-10-31,2024-07-01,0.059017292624675026,0.054867370820861044
2024-11-01,2024-07-01,0.006736542291584765,0.0039054020732337165
2024-11-02,2024-07-01,0.009304731006265651,0.009990435602204363
2024-11-03,2024-07-01,0.013611142021414899,0.015694062049447156
2024-11-04,2024-07-01,0.02465523252626003,0.026038549644477837
2024-11-05,2024-07-01,0.010019619898898121,0.008704144571373704
2024-11-06,2024-07-01,0.1275122099711395,0.12290817510584028
2024-11-07,2024-07-01,0.0661950752006907,0.06279645449432081
2024-11-08,2024-07-01,0.012713993211252878,0.022141767611251174
2024-11-09,2024-07-01,0.0537230201428243,0.05560290220815205
2024-11-10,2024-07-01,0.01800861433790966,0.018250690430260234
2024-11-11,2024-07-01,0.051669088921323506,0.056050340303749675
2024-11-12,2024-07-01,0.04601901359753588,0.03905782054279142
2024-11-13,2024-07-01,0.02496432522069303,0.018690107873719133
2024-11-14,2024-07-01,0.04299529687624936,0.04375205399381426
2024-11-15,2024-07-01,0.011830403806321131,0.012207264092774641
2024-11-16,2024-07-01,0.009238748476003077,0.008239749032369514
2024-11-17,2024-07-01,0.019153093731134645,0.019948973470318297
2024-11-18,2024-07-01,0.04520185653019132,0.041067380984990125
2024-11-19,2024-07-01,0.028352825685308423,0.03122016282391327
2024-11-20,2024-07-01,0.01521389007732835,0.014657155811943079
2024-11-21,2024-07-01,0.08736230258759517,0.0921848715804503
2024-11-22,2024-07-01,0.011080620088535189,0.009271195545126426
2024-11-23,2024-07-01,0.007688648131803732,0.01760365135981503
2024-11-24,2024-07-01,0.013768562703914071,0.011029638044078645
2024-11-25,2024-07-01,0.011418434341055892,0.013026862414608462
2024-11-26,2024-07-01,0.02942214835660177,0.02699282838582265
2024-11-27,2024-07-01,0.09235139159381908,0.09742056807547575
2024-11-28,2024-07-01,0.01868779662049749,0.021614605184447373
2024-11-29,2024-07-01,0.0057306778729503075,0.001873957229994512
2024-11-30,2024-07-01,0.03221636758384046,0.02958993197890798
2024-12-01,2024-07-01,0.00749789180483108,0.00018015245321319944
2024-12-02,2024-07-01,0.021476003340224994,0.019709881083875815
2024-12-03,2024-07-01,0.016668825301097694,0.008354310692550491
2024-12-04,2024-07-01,0.056861323365907476,0.05916842233165758
2024-12-05,2024-07-01,0.004483531360218302,0.00881569796827348
2024-12-06,2024-07-01,0.044400602900806926,0.0493333322239307
2024-12-07,2024-07-01,0.005239379076582893,0.001823218851524516
2024-12-08,2024-07-01,0.0016237473343636995,0.0009408468684319542
2024-12-09,2024-07-01,0.07042833696767792,0.07332577026199846
2024-12-10,2024-07-01,0.036269645240667676,0.025936095024069968
2024-12-11,2024-07-01,0.05857724246076848,0.0533651344100653
2024-12-12,2024-07-01,0.013035587055362811,0.012126550808680522
2024-12-13,2024-07-01,0.004829616534450164,0.0057178135270646935
2024-12-14,2024-07-01,0.012664274717323514,0.012536298731301123
2024-12-15,2024-07-01,0.024705459822217425,0.019773954911728828
2024-12-16,2024-07-01,0.00027965703224195997,0.007579279538952791
2024-12-17,2024-07-01,0.033867721100844884,0.026828965284049253
2024-12-18,2024-07-01,0.0739733114146052,0.07094491101640703
2024-12-19,2024-07-01,0.056744202238748764,0.05805112905683942
2024-12-20,2024-07-01,0.02264254462893481,0.01360467703552281
2024-12-21,2024-07-01,0.04233606556793743,0.040455241037763684
2024-12-22,2024-07-01,0.020735608227617525,0.020055970915127657
2024-12-23,2024-07-01,0.04139598086339165,0.040273888103279705
2024-12-24,2024-07-01,0.027462355823067,0.02117085091667987
2024-12-25,2024-07-01,0.003982737484439463,0.0010650222136741943
2024-12-26,2024-07-01,0.04820492584098127,0.04805763763551781
2024-12-27,2024-07-01,0.004197231262258638,0.002956530764978596
2024-12-28,2024-07-01,0.022206788527701665,0.019030786150744064
2024-12-29,2024-07-01,0.015240236398752756,0.01566526301600254
2024-12-30,2024-07-01,0.0034755481491727932,0.00019208608585296835
2024-12-31,2024-07-01,0.007495617425388572,0.008767098320326398
2025-01-01,2025-01-01,0.005006525433883027,0.004209549956805196
2025-01-02,2025-01-01,0.028606378952510347,0.02723503720593596
2025-01-03,2025-01-01,0.04609549552478567,0.04277839612527972
2025-01-04,2025-01-01,0.018800693617423474,0.01303871088432154
2025-01-05,2025-01-01,0.008703641729255068,0.0083214186186279
2025-01-06,2025-01-01,0.012509576879498515,0.012921645225139231
2025-01-07,2025-01-01,0.08610333567957962,0.0851087313879356
2025-01-08,2025-01-01,0.0244945444928166,0.019160732681000926
2025-01-09,2025-01-01,0.035047946530327716,0.03432135632133252
2025-01-10,2025-01-01,0.012614715704099267,0.012600295330801814
2025-01-11,2025-01-01,0.008902466103053926,0.0026339487638637675
2025-01-12,2025-01-01,0.0027864314825854714,0.006924760753905213
2025-01-13,2025-01-01,0.03699891556206809,0.04200604967502388
2025-01-14,2025-01-01,0.02580332460517633,0.02572034302627741
2025-01-15,2025-01-01,0.07376226898335565,0.06862452068792109
2025-01-16,2025-01-01,0.04461382448168571,0.042535259353925464
2025-01-17,2025-01-01,0.04281051486906033,0.047695822178388934
2025-01-18,2025-01-01,0.048455552136889325,0.04998356957674762
2025-01-19,2025-01-01,0.034598953072450984,0.03176899137491701
2025-01-20,2025-01-01,0.018913640888110986,0.01921742092441426
2025-01-21,2025-01-01,0.01069993366344453,0.013253048552253607
2025-01-22,2025-01-01,0.023118322387173006,0.028066554144015876
2025-01-23,2025-01-01,0.028164092027227153,0.02689265584882227
2025-01-24,2025-01-01,0.0027325170639145918,0.00927959198235336
2025-01-25,2025-01-01,0.0003322907115458798,0.00024654912648328477
2025-01-26,2025-01-01,0.022407100653183337,0.026452556559517983
2025-01-27,2025-01-01,0.027140852230906745,0.019932244662792364
2025-01-28,2025-01-01,0.03207861501069936,0.03421596833940919
2025-01-29,2025-01-01,0.009448552539116403,0.009334268565333733
2025-01-30,2025-01-01,0.039824149446440006,0.041391103059803154
2025-01-31,2025-01-01,0.015151628401846536,0.013952558157059192
2025-02-01,2025-01-01,0.052415801815093394,0.05641408358647495
2025-02-02,2025-01-01,0.08271328722982998,0.08259928084426131
2025-02-03,2025-01-01,0.0013005522836445236,0.0027329590641446506
2025-02-04,2025-01-01,0.04709073410963317,0.053802314055114334
2025-02-05,2025-01-01,0.010849236474630725,0.016761817122629044
2025-02-06,2025-01-01,0.028786683479755465,0.03748173691224317
2025-02-07,2025-01-01,0.0195134065473989,0.026978766659613334
2025-02-08,2025-01-01,0.006565645192242318,0.001591338378651586
2025-02-09,2025-01-01,0.008979492167756294,0.003342463848820575
2025-02-10,2025-01-01,0.011049319802779255,0.010315330936246293
2025-02-11,2025-01-01,0.02753154568974374,0.023834926753283723
2025-02-12,2025-01-01,0.0558706173613746,0.04930249072487714
2025-02-13,2025-01-01,0.016713240761714085,0.02380468056851244
2025-02-14,2025-01-01,0.013485019665019617,0.016530581842875473
2025-02-15,2025-01-01,0.01210737675199029,0.013770110851171607
2025-02-16,2025-01-01,0.015768542667728504,0.013356658687139956
2025-02-17,2025-01-01,0.029929694322894586,0.027867868368999904
2025-02-18,2025-01-01,0.028717908553843173,0.028649541797650998
2025-02-19,2025-01-01,0.017866269519948637,0.015121391930325058
2025-02-20,2025-01-01,0.008835345157330587,0.007214009078713522
2025-02-21,2025-01-01,0.023875863213964323,0.03138397890965348
2025-02-22,2025-01-01,0.03643706869177277,0.03694229484549823
2025-02-23,2025-01-01,0.02232017976615306,0.019086562914350968
2025-02-24,2025-01-01,0.11477255943187091,0.11079628550630516
2025-02-25,2025-01-01,0.01820867616644995,0.01112068444247779
2025-02-26,2025-01-01,0.06102858291998402,0.06712932172996634
2025-02-27,2025-01-01,0.011842077959747007,0.01378406198115712
2025-02-28,2025-01-01,0.02494668893447769,0.03144335087287028
2025-03-01,2025-01-01,0.011113091214167274,0.011800786501128412
2025-03-02,2025-01-01,0.14324662275470276,0.13460553754381355
2025-03-03,2025-01-01,0.1432319116758635,0.14916447416975973
2025-03-04,2025-01-01,0.0006274019390956308,0.007948545165550387
2025-03-05,2025-01-01,0.03146330545494,0.031236893381582292
2025-03-06,2025-01-01,0.01385152044275573,0.019306189604511925
2025-03-07,2025-01-01,0.031735068647711015,0.03100931872323212
2025-03-08,2025-01-01,0.020456510796006598,0.026931671334920883
2025-03-09,2025-01-01,0.07409037547939612,0.08622174609688582
2025-03-10,2025-01-01,0.08032654752517172,0.07941774804871278
2025-03-11,2025-01-01,0.0266155105087158,0.028765517961436084
2025-03-12,2025-01-01,0.006007434016478349,0.0073732891703769884
2025-03-13,2025-01-01,0.012379678052557871,0.02616812564847057
2025-03-14,2025-01-01,0.020907069758034906,0.022707986113398162
2025-03-15,2025-01-01,0.020831335390742008,0.012850545073278593
2025-03-16,2025-01-01,0.02178534322883718,0.02765639661533899
2025-03-17,2025-01-01,0.013342175427041657,0.018698969528754425
2025-03-18,2025-01-01,0.00013809809181872766,0.0010605641891823217
2025-03-19,2025-01-01,0.05864881963555797,0.06280387257566283
2025-03-20,2025-01-01,0.02941885185836261,0.03814832655173979
2025-03-21,2025-01-01,0.019439556151330188,0.01106919103585641
2025-03-22,2025-01-01,0.012245640778524684,0.005625330163719674
2025-03-23,2025-01-01,0.015515522727096344,0.010817953390601438
2025-03-24,2025-01-01,0.03733335407777634,0.03410453485088547
2025-03-25,2025-01-01,0.006879667811264768,0.006340055307257751
2025-03-26,2025-01-01,0.026298285003626708,0.030384312613728773
2025-03-27,2025-01-01,0.010427050096280314,0.005692406794487069
2025-03-28,2025-01-01,0.04917249009570162,0.05541577245232876
2025-03-29,2025-01-01,0.042107837076903555,0.03850460904113948
2025-03-30,2025-01-01,0.016150940776478856,0.013919100072158085
2025-03-31,2025-01-01,0.01738809462529735,0.007426225706705267
2025-04-01,2025-01-01,0.04061965564836509,0.04305252114806964
2025-04-02,2025-01-01,0.05717664939114478,0.05939778037172216
2025-04-03,2025-01-01,0.009706165456783917,0.008748136761587392
2025-04-04,2025-01-01,0.0038441220159516837,0.002079275404838823
2025-04-05,2025-01-01,0.011552297449913885,0.007171153086682928
2025-04-06,2025-01-01,0.1260658577282913,0.12900289078695107
2025-04-07,2025-01-01,0.022334982681836486,0.016877910878966743
2025-04-08,2025-01-01,0.04739373175614601,0.05532973121466588
2025-04-09,2025-01-01,0.1334648426123211,0.13022297534589516
2025-04-10,2025-01-01,0.0793498983187695,0.08797092407567728
2025-04-11,2025-01-01,0.019577054075779258,0.02646721336038415
2025-04-12,2025-01-01,0.057983624856839416,0.04699382369093133
2025-04-13,2025-01-01,0.03235430743644921,0.030036837453723444
2025-04-14,2025-01-01,0.011487004025078972,0.01404899380858032
2025-04-15,2025-01-01,0.02686276528722366,0.022897336017519924
2025-04-16,2025-01-01,0.002060476598154605,0.008843606332351671
2025-04-17,2025-01-01,0.005164541426540641,0.0007328827757573436
2025-04-18,2025-01-01,0.0028889768946832152,0.00204112435745626
2025-04-19,2025-01-01,0.014363245211142805,0.013127910065196539
2025-04-20,2025-01-01,0.01703220977882537,0.017620990494708215
2025-04-21,2025-01-01,0.003850065632924978,0.007067286295268392
2025-04-22,2025-01-01,0.11049563625332968,0.11035712427566363
2025-04-23,2025-01-01,0.035242853198046514,0.021141348626686086
2025-04-24,2025-01-01,0.02309336587935008,0.016414789231155892
2025-04-25,2025-01-01,0.00726310677393697,0.007336486414472859
2025-04-26,2025-01-01,0.01245760549268571,0.017802922409065124
2025-04-27,2025-01-01,0.012875369613143822,0.017748288792343952
2025-04-28,2025-01-01,0.012539615945114158,0.0011712474582993137
2025-04-29,2025-01-01,0.003505060156929327,0.0018049923106086354
2025-04-30,2025-01-01,0.002497157025010557,0.00501413566826154
2025-05-01,2025-01-01,0.027814182339873924,0.023291057525999494
2025-05-02,2025-01-01,0.002593420564050066,0.00012643347588863776
2025-05-03,2025-01-01,0.0071773357958589915,0.0068062402373993604
2025-05-04,2025-01-01,0.016396911181609235,0.015828819907664608
2025-05-05,2025-01-01,0.0019137550340850044,0.003989533430355822
2025-05-06,2025-01-01,0.004956580314102488,0.004490339271207242
2025-05-07,2025-01-01,0.008903388983053064,0.0039564730703227895
2025-05-08,2025-01-01,0.2197119105366662,0.21595342608831958
2025-05-09,2025-01-01,0.06328113528086517,0.06309669172277443
2025-05-10,2025-01-01,0.09625952381142665,0.09963128208967117
2025-05-11,2025-01-01,0.03416392359155882,0.028983045235363197
2025-05-12,2025-01-01,0.018982492378476584,0.0077899600063139045
2025-05-13,2025-01-01,0.06854408362727679,0.07152430043901394
2025-05-14,2025-01-01,0.036283129649209746,0.027442239504007447
2025-05-15,2025-01-01,0.027307441976994647,0.026477050663212626
2025-05-16,2025-01-01,0.0028168138141666218,0.006401570982265216
2025-05-17,2025-01-01,0.02255313013893306,0.02592833451910867
2025-05-18,2025-01-01,0.001863613145026908,0.0068325113059341126
2025-05-19,2025-01-01,0.006478151293254305,0.010452404023660992
2025-05-20,2025-01-01,0.006862351227532863,0.0038675054341900036
2025-05-21,2025-01-01,0.012023039441742534,0.00912856648464613
2025-05-22,2025-01-01,0.0444991415907884,0.041899537650526154
2025-05-23,2025-01-01,0.0586035964630659,0.05327955088388838
2025-05-24,2025-01-01,0.0050506274624456185,0.0008488785984590631
2025-05-25,2025-01-01,0.00030054099614786403,0.006338663350635754
2025-05-26,2025-01-01,0.0004646776764367722,0.0029168730441456667
2025-05-27,2025-01-01,0.03168924320778074,0.036615602084656765
2025-05-28,2025-01-01,0.006223735528486264,0.005548797644722292
2025-05-29,2025-01-01,0.02093538089181265,0.020417384599138715
2025-05-30,2025-01-01,0.03869707121264899,0.04120924405873144
2025-05-31,2025-01-01,0.002300982501191395,0.002735345080395294
2025-06-01,2025-01-01,0.0011356033364282854,0.0008159591071194715
2025-06-02,2025-01-01,0.02106521618305882,0.025940625936904386
2025-06-03,2025-01-01,0.009000044245236573,0.007043047928499188
2025-06-04,2025-01-01,0.000983656100670507,0.003860603453412074
2025-06-05,2025-01-01,0.07334238110876928,0.0756973348508623
2025-06-06,2025-01-01,0.01972650874071137,0.022476309425618207
2025-06-07,2025-01-01,0.015253931452172135,0.018126970922813176
2025-06-08,2025-01-01,0.005834400655962327,0.008038154674956291
2025-06-09,2025-01-01,0.06853055642758543,0.06592460279422686
2025-06-10,2025-01-01,0.04988442726435075,0.047871029973920426
2025-06-11,2025-01-01,0.009078469012526045,0.015741149266103146
2025-06-12,2025-01-01,0.053695186602706294,0.04604067995100208
2025-06-13,2025-01-01,0.03654439088556587,0.02971282283402411
2025-06-14,2025-01-01,0.018270575330959746,0.02013444124901457
2025-06-15,2025-01-01,0.0019267018788059614,0.003095576671764067
2025-06-16,2025-01-01,0.003388990944723651,0.004412242462918745
2025-06-17,2025-01-01,0.007968802504636021,0.013784521097884755
2025-06-18,2025-01-01,0.010708179574185794,0.0032629865729674216
2025-06-19,2025-01-01,0.004837889898931222,0.0030130049750116596
2025-06-20,2025-01-01,0.048115515722386,0.04737142040631185
2025-06-21,2025-01-01,0.0535357679798278,0.04682499734553948
2025-06-22,2025-01-01,0.032006955415069614,0.033872361186687
2025-06-23,2025-01-01,0.08738775516258378,0.08456620792489032
2025-06-24,2025-01-01,0.01847020275114268,0.009638865591861261
2025-06-25,2025-01-01,0.01444339858411595,0.013622242621497471
2025-06-26,2025-01-01,0.004986162341118804,0.003437649829835034
2025-06-27,2025-01-01,0.000564571766064754,0.0011658149071134146
2025-06-28,2025-01-01,0.00019864607599037049,0.003479388341652106
2025-06-29,2025-01-01,0.0202142835180068,0.02423766402085874
2025-06-30,2025-01-01,0.0016087562892427845,0.007555806040480629
2025-07-01,2025-07-01,0.02865501241781977,0.0339975265827352
2025-07-02,2025-07-01,0.06947033945076773,0.06712328673913288
2025-07-03,2025-07-01,0.008565732037052088,0.006711181710456247
2025-07-04,2025-07-01,0.043171056666493665,0.03346127489977545
2025-07-05,2025-07-01,0.0031928463343225207,0.001750290866127075
2025-07-06,2025-07-01,0.02068710149838455,0.02009494231631997
2025-07-07,2025-07-01,0.0066974515055130985,0.01227906891660016
2025-07-08,2025-07-01,0.025882790442666927,0.02689021723984642
2025-07-09,2025-07-01,0.059907048845563415,0.05809598212873816
2025-07-10,2025-07-01,0.06672739722292086,0.06527449336073918
2025-07-11,2025-07-01,0.0010608561409459754,0.0002467687963669772
2025-07-12,2025-07-01,0.016773366621274894,0.006783956424312655
2025-07-13,2025-07-01,0.004439588451662053,0.008811661803004085
2025-07-14,2025-07-01,0.011427973920501152,0.01210710220837225
2025-07-15,2025-07-01,0.038909885034409966,0.04062510955547268
2025-07-16,2025-07-01,0.07554278158996025,0.0725517170923321
2025-07-17,2025-07-01,0.035787084454136205,0.030102749596690438
2025-07-18,2025-07-01,0.014539719488291487,0.01924080185743012
2025-07-19,2025-07-01,0.002882945651322917,0.011527160552970251
2025-07-20,2025-07-01,0.03993348992641194,0.044216455621611
2025-07-21,2025-07-01,0.0043863858423347,0.0001604285852516809
2025-07-22,2025-07-01,0.008244207620337275,0.005351428264823015
2025-07-23,2025-07-01,0.035184776830668986,0.03334110823072974
2025-07-24,2025-07-01,0.01947475930158762,0.01995600743036203
2025-07-25,2025-07-01,0.004919545466979687,0.003979038983883447
2025-07-26,2025-07-01,0.003203128579646276,0.0023132342961474685
2025-07-27,2025-07-01,0.028822823810382106,0.03429598083400195
2025-07-28,2025-07-01,0.022303540230442943,0.023917132865076362
2025-07-29,2025-07-01,0.0018519238644943885,0.00014257562440350528
2025-07-30,2025-07-01,0.0024699085476171897,0.002464305683631911
2025-07-31,2025-07-01,0.030800740756763163,0.030701978261302675
2025-08-01,2025-07-01,0.05815648245590499,0.05799167294960107
2025-08-02,2025-07-01,0.03359166665057625,0.029138435382448542
2025-08-03,2025-07-01,0.02859756097180889,0.029413867377880036
2025-08-04,2025-07-01,0.06127602249482081,0.06221177406697697
2025-08-05,2025-07-01,0.030478729368522216,0.029978398938694625
2025-08-06,2025-07-01,0.013220096538297367,0.0180418319030681
2025-08-07,2025-07-01,0.06696768464050444,0.061217474120588214
2025-08-08,2025-07-01,0.02466940032606415,0.0232732665752279
2025-08-09,2025-07-01,0.053589347215563785,0.06174810960154412
2025-08-10,2025-07-01,0.009887667924870482,0.0033796440471690814
2025-08-11,2025-07-01,0.00833460273474877,0.008055559440200562
2025-08-12,2025-07-01,0.08345398704602877,0.08459071944611582
2025-08-13,2025-07-01,0.031033588950950333,0.03511434021321029
2025-08-14,2025-07-01,0.05027143309915869,0.04522626091954437
2025-08-15,2025-07-01,0.030663224164404992,0.025677100298226584
2025-08-16,2025-07-01,0.002209464610363248,0.004587253301522032
2025-08-17,2025-07-01,0.011725206714589936,0.009294660571229013
2025-08-18,2025-07-01,0.03738060089538492,0.037318685711101585
2025-08-19,2025-07-01,0.06143719818174581,0.05714629858958253
2025-08-20,2025-07-01,0.0652613591929984,0.06238879690359364
2025-08-21,2025-07-01,0.02242571455965163,0.02656565541754155
2025-08-22,2025-07-01,0.13611674483523178,0.14217497840338883
2025-08-23,2025-07-01,0.01369966484130954,0.012005179261417143
2025-08-24,2025-07-01,0.00826177275149436,0.0012378351832727274
2025-08-25,2025-07-01,0.08473185855028627,0.08660102179279468
2025-08-26,2025-07-01,0.042408365737044325,0.050029145806811254
2025-08-27,2025-07-01,0.014916385809026489,0.021912770513999386
2025-08-28,2025-07-01,0.009077707901862441,0.0008057961546127917
2025-08-29,2025-07-01,0.03202862401030538,0.034039331514538515
2025-08-30,2025-07-01,0.004754793332040725,0.0015814860070836943
2025-08-31,2025-07-01,0.008675875630504426,0.0022334671051843663
2025-09-01,2025-07-01,0.02796987360141169,0.018677143014091756
2025-09-02,2025-07-01,0.0023767551925392193,0.0008978299125972854
2025-09-03,2025-07-01,0.027955997136961324,0.027526639432575915
2025-09-04,2025-07-01,0.030120044971312744,0.035375241337109446
2025-09-05,2025-07-01,0.0009617458056435507,0.00013808917097582994
2025-09-06,2025-07-01,0.017734089107675093,0.009004289785573974
2025-09-07,2025-07-01,0.008012134211073255,0.005800321805153102
2025-09-08,2025-07-01,0.005562482054474341,0.0007620673854315047
2025-09-09,2025-07-01,0.0008087963888350727,0.0012631336413854283
2025-09-10,2025-07-01,0.007597543893018146,0.007838566980786589
2025-09-11,2025-07-01,0.029137493020342495,0.024355618888641097
2025-09-12,2025-07-01,0.05452517303027035,0.055588422143390465
2025-09-13,2025-07-01,0.0066407238979970026,0.011177909843424505
2025-09-14,2025-07-01,0.01625793877924066,0.014280996212069418
2025-09-15,2025-07-01,0.019250364223876878,0.019503217537070856
2025-09-16,2025-07-01,0.016002296202854135,0.006660957378892675
2025-09-17,2025-07-01,0.015565358301338622,0.018389931060302456
2025-09-18,2025-07-01,0.0003579239999045807,0.0019082543279355275
2025-09-19,2025-07-01,0.02590758716446135,0.02744704361784961
2025-09-20,2025-07-01,0.003887350459501644,0.0008886668185679022
2025-09-21,2025-07-01,0.007246262700441798,0.008295528825696147
2025-09-22,2025-07-01,0.05970316587098975,0.05732206126458058
2025-09-23,2025-07-01,0.014111339749448535,0.010698012814516124
2025-09-24,2025-07-01,9.487427273312038e-05,0.004220490112272261
2025-09-25,2025-07-01,0.06723607089291841,0.07006245301247292
2025-09-26,2025-07-01,0.04223698090325133,0.041414888574102054
2025-09-27,2025-07-01,0.004685073450053599,0.0052764546357522545
2025-09-28,2025-07-01,0.02858568945503074,0.028967586316972854
2025-09-29,2025-07-01,0.01861116390541732,0.016993033254293806
2025-09-30,2025-07-01,0.02104851804262598,0.018402418748080854
2025-10-01,2025-07-01,0.04815445779350828,0.04783455412875943
2025-10-02,2025-07-01,0.03251732748760239,0.03032002779874157
2025-10-03,2025-07-01,0.0013697893990768035,0.004600019300487722
2025-10-04,2025-07-01,0.007966019734643547,0.007220002035422958
2025-10-05,2025-07-01,0.006547413615631669,0.004304892791946029
2025-10-06,2025-07-01,0.03516006689486137,0.03678271142635214
2025-10-07,2025-07-01,0.05590418410037688,0.051720608979613045
2025-10-08,2025-07-01,0.011848359880431873,0.015289286628354711
2025-10-09,2025-07-01,0.03280695608823873,0.036214778377766814
2025-10-10,2025-07-01,0.11920070983583031,0.12212043540984831
2025-10-11,2025-07-01,0.02762469002962479,0.02616975159196536
2025-10-12,2025-07-01,0.11097590149758636,0.10911118685794832
2025-10-13,2025-07-01,0.02611367216511197,0.018845414009612236
2025-10-14,2025-07-01,0.03135486487567811,0.02999348823669394
2025-10-15,2025-07-01,0.040283209454491015,0.035293345861142494
2025-10-16,2025-07-01,0.02212682071327616,0.024862720289381336
2025-10-17,2025-07-01,0.016425558153749412,0.017465773340612074
2025-10-18,2025-07-01,0.001993736271424221,0.013610216209596883
2025-10-19,2025-07-01,0.026904475757632457,0.022983730228012617
2025-10-20,2025-07-01,0.012313358941949362,0.0022838627767160554
2025-10-21,2025-07-01,0.027685756504526916,0.02772358342002534
2025-10-22,2025-07-01,0.024262009161592372,0.019396162234622975
2025-10-23,2025-07-01,0.008935980672145603,0.01106454279825142
2025-10-24,2025-07-01,0.018838038922668783,0.01906544242972885
2025-10-25,2025-07-01,0.003961713620828085,0.00344750043163196
2025-10-26,2025-07-01,0.05286910006373846,0.050217378128656
2025-10-27,2025-07-01,0.005136935019602192,0.01029057469652997
2025-10-28,2025-07-01,0.03880794876030755,0.03517068449551451
2025-10-29,2025-07-01,0.028476182434391026,0.021515573157599572
2025-10-30,2025-07-01,0.02736105125839862,0.02681369182780103
2025-10-31,2025-07-01,0.00972269011437672,0.00972082293041794
2025-11-01,2025-07-01,0.0073567337897256545,0.005750642469959464
2025-11-02,2025-07-01,0.007616350289992746,0.008071050608082081
2025-11-03,2025-07-01,0.07381211546858704,0.08039083171622892
2025-11-04,2025-07-01,0.08159983404924084,0.08800693088640647
2025-11-05,2025-07-01,0.03562411695945791,0.03849110813753422
2025-11-06,2025-07-01,0.03353430334381117,0.033857985821073855
2025-11-07,2025-07-01,0.034296081263944386,0.03541182325795939
2025-11-08,2025-07-01,0.010145730070213601,0.011349256773315304
2025-11-09,2025-07-01,0.05609371655157122,0.051937515385745064
2025-11-10,2025-07-01,0.003467918366481214,0.00511587745346026
2025-11-11,2025-07-01,0.05235165382611876,0.04462987562724954
2025-11-12,2025-07-01,0.008996383694805118,0.0023964397833833475
2025-11-13,2025-07-01,0.05312207418116563,0.05412778953600654
2025-11-14,2025-07-01,0.03896821078986561,0.041631078366071134
2025-11-15,2025-07-01,0.019467039390725773,0.018718809817276926
2025-11-16,2025-07-01,0.015711438358952556,0.024491891993014017
2025-11-17,2025-07-01,0.020600875406736403,0.02373758628516497
2025-11-18,2025-07-01,0.031100997120292625,0.03094137590475137
2025-11-19,2025-07-01,0.03200294948637467,0.033207014311856214
2025-11-20,2025-07-01,0.06843643372227845,0.06505812657837556
2025-11-21,2025-07-01,0.02560599927481798,0.025148780976606895
2025-11-22,2025-07-01,0.0006186065256752365,0.0006957639975527954
2025-11-23,2025-07-01,0.020122647243312596,0.010979367368870393
2025-11-24,2025-07-01,0.05463988457598029,0.05251304282661953
2025-11-25,2025-07-01,0.0017767821249621628,0.0005701977901973422
2025-11-26,2025-07-01,0.018735819005550006,0.021964688617016122
2025-11-27,2025-07-01,0.0059406558130687985,0.005782685046642074
2025-11-28,2025-07-01,0.002000077683239052,0.004320382617934628
2025-11-29,2025-07-01,0.01120481610475638,0.014804347811774756
2025-11-30,2025-07-01,0.000752640086211625,0.0013917365023837834
2025-12-01,2025-07-01,0.060171505268207234,0.06553403893111609
2025-12-02,2025-07-01,0.06771959015332697,0.0687747879463178
2025-12-03,2025-07-01,0.06819136101759338,0.06375244979969284
2025-12-04,2025-07-01,0.022499764980190594,0.01919025164520536
2025-12-05,2025-07-01,0.04227026890397122,0.036928044900819204
2025-12-06,2025-07-01,0.0042340626258492485,0.003530005550421318
2025-12-07,2025-07-01,0.007789909698462121,0.0056391715187472605
2025-12-08,2025-07-01,0.020881719499061483,0.019473436401764656
2025-12-09,2025-07-01,0.05984612107255849,0.06133351392916442
2025-12-10,2025-07-01,0.0035668909869948657,0.00018128881759845003
2025-12-11,2025-07-01,0.02447989672076156,0.028239413852678256
2025-12-12,2025-07-01,0.055319528064025916,0.048935493774561786
2025-12-13,2025-07-01,0.0021808530055197825,0.00886519692085691
2025-12-14,2025-07-01,0.013701815238129338,0.019193047079197906
2025-12-15,2025-07-01,0.03311856364721662,0.03304819605114854
2025-12-16,2025-07-01,0.003350883444154937,0.0016036834352634434
2025-12-17,2025-07-01,0.037648938461900434,0.046156165265277396
2025-12-18,2025-07-01,0.002009537599974294,0.0032892609407811162
2025-12-19,2025-07-01,0.04315332932996922,0.05199988400764108
2025-12-20,2025-07-01,0.000654134977734959,0.0012514461395185539
2025-12-21,2025-07-01,0.005768549949985675,0.0064347178421284455
2025-12-22,2025-07-01,0.0012285523669208695,7.28583739888428e-07
2025-12-23,2025-07-01,0.01581356264206681,0.01569512356830714
2025-12-24,2025-07-01,0.009375580267892184,0.007558370775205773
2025-12-25,2025-07-01,0.015340362351423775,0.015713497866683454
2025-12-26,2025-07-01,0.007338130340692686,0.00614027126604378
2025-12-27,2025-07-01,0.008173739789717046,0.006248329518065533
2025-12-28,2025-07-01,0.0035918494208480372,0.0012544665906342864
2025-12-29,2025-07-01,0.005521663383681069,0.00626657003357174
2025-12-30,2025-07-01,0.010436403014222044,0.01104262745815032
2025-12-31,2025-07-01,0.0012020714600175617,0.002855245461261529
2026-01-01,2026-01-01,0.00988956105597482,0.010479832683288294
2026-01-02,2026-01-01,0.03897131572479161,0.04069988192229597
2026-01-03,2026-01-01,0.0020394013077998777,0.00010904249478687841
2026-01-04,2026-01-01,0.0005123700713952047,0.003969788715201641
2026-01-05,2026-01-01,0.024730434540058063,0.026500524082044716
2026-01-06,2026-01-01,0.021468597857037704,0.02114751065450033
2026-01-07,2026-01-01,0.04191832746437768,0.039730240950397185
2026-01-08,2026-01-01,0.02517721665869411,0.020835877462829045
2026-01-09,2026-01-01,0.0068873607741242,0.007768420048395038
2026-01-10,2026-01-01,0.0012051270778213328,0.0010024812562962617
2026-01-11,2026-01-01,0.015082685046901582,0.011097068944932039
2026-01-12,2026-01-01,0.011380041003282763,0.009149541942234763
2026-01-13,2026-01-01,0.07332219071340303,0.07347643004072582
2026-01-14,2026-01-01,0.012733521770457456,0.009765188778282198
2026-01-15,2026-01-01,0.02036584118727388,0.011911714573596632
2026-01-16,2026-01-01,0.012362380264562246,0.007366859303255053
2026-01-17,2026-01-01,0.003741504160156563,0.0032706319104462635
2026-01-18,2026-01-01,0.009725023599005993,0.009073255588622476
2026-01-19,2026-01-01,0.03364259840385145,0.029632659287664058
2026-01-20,2026-01-01,0.0793298817275579,0.0797714075613735
2026-01-21,2026-01-01,0.012891308761363317,0.01330453858384056
2026-01-22,2026-01-01,0.006133276057306513,0.010383148814769622
2026-01-23,2026-01-01,0.0030790890213750043,0.00038573514395646167
2026-01-24,2026-01-01,0.0008751327001739707,0.002256417322547149
2026-01-25,2026-01-01,0.042843155235383075,0.04580451024447999
2026-01-26,2026-01-01,0.03714261097477925,0.03810755957169423
2026-01-27,2026-01-01,0.031230348682726825,0.032366240602439214
2026-01-28,2026-01-01,0.0074619711061317765,0.005629844069180392
2026-01-29,2026-01-01,0.06588380471765864,0.0634639316744643
2026-01-30,2026-01-01,0.04810286455434831,0.04241887522518328
2026-01-31,2026-01-01,0.09411989177769275,0.0962834593222657
2026-02-01,2026-01-01,0.0767401493052816,0.07402933579868898
2026-02-02,2026-01-01,0.03520292542124817,0.03233514587225778
2026-02-03,2026-01-01,0.04292638812440995,0.050211807375521667
2026-02-04,2026-01-01,0.03194913016793602,0.03895761875783633
2026-02-05,2026-01-01,0.1478775708531736,0.15119626557236446
2026-02-06,2026-01-01,0.13024688206109938,0.13059103639771472
2026-02-07,2026-01-01,0.021282897227526576,0.013727115153443594
2026-02-08,2026-01-01,0.008374515288889745,0.0015612136964305318
2026-02-09,2026-01-01,0.006145192629259566,0.006324994104625592
2026-02-10,2026-01-01,0.03709811443411819,0.04063480319292984
2026-02-11,2026-01-01,0.03429365952928542,0.040168745202209095
2026-02-12,2026-01-01,0.01187038275381268,0.002183407966294989
2026-02-13,2026-01-01,0.05425691070032444,0.05149048207700773
2026-02-14,2026-01-01,0.02946403840324035,0.018029283613937817
2026-02-15,2026-01-01,0.052628874829512416,0.058118460956996174
2026-02-16,2026-01-01,0.012658844951957324,0.014934582836644696
2026-02-17,2026-01-01,0.0014054269159856176,0.003419268021180559
2026-02-18,2026-01-01,0.01669207287471827,0.019962105846017895
2026-02-19,2026-01-01,0.009264265592818743,0.003871864458964866
2026-02-20,2026-01-01,0.014304442966752751,0.009932039080992756
2026-02-21,2026-01-01,0.006234675567345789,0.001752337776932567
2026-02-22,2026-01-01,0.007326664428798902,0.008798509536311378
2026-02-23,2026-01-01,0.06377721463012749,0.053070531681463154
2026-02-24,2026-01-01,0.0018765352949087224,0.0025789401854637226
2026-02-25,2026-01-01,0.11498678800062759,0.10810872241902089
2026-02-26,2026-01-01,0.009836181456019166,0.013293364131544565
2026-02-27,2026-01-01,0.055550673782094905,0.048316078057943676
2026-02-28,2026-01-01,0.019019083844011617,0.016594327388347558
2026-03-01,2026-01-01,0.006034870772831687,0.013767518181761524
2026-03-02,2026-01-01,0.04606372157086664,0.04461233390496697
2026-03-03,2026-01-01,0.028451949173433213,0.022269006373073368
2026-03-04,2026-01-01,0.07031290065144477,0.07152319411174173
2026-03-05,2026-01-01,0.019317676123936582,0.025881636648486476
2026-03-06,2026-01-01,0.05468582911027942,0.04584304851663739
2026-03-07,2026-01-01,0.006088697212470701,0.005833265986496807
2026-03-08,2026-01-01,0.015284781270642825,0.01743291148695786
2026-03-09,2026-01-01,0.03025862288719922,0.028196002784077905
2026-03-10,2026-01-01,0.0163784771591001,0.021702761269626048
2026-03-11,2026-01-01,0.009148712844248303,0.006537631526199187
2026-03-12,2026-01-01,0.013889277384730829,0.009819880495448933
2026-03-13,2026-01-01,0.003882103963062606,0.008722992995224685
2026-03-14,2026-01-01,0.0038392908773156966,0.0015006036658126926
2026-03-15,2026-01-01,0.03693984912574287,0.03760726744830856
2026-03-16,2026-01-01,0.07993042725431185,0.07938004480224323
2026-03-17,2026-01-01,0.016304366099940154,0.014122539697169409
2026-03-18,2026-01-01,0.05366174323250114,0.050263142201072884
2026-03-19,2026-01-01,0.03470679227533057,0.031243464708757013
2026-03-20,2026-01-01,0.007652166048459237,0.0032629666317387654
2026-03-21,2026-01-01,0.037239156707754795,0.03320628539344999
2026-03-22,2026-01-01,0.019211385331916672,0.012427987036300965
2026-03-23,2026-01-01,0.0519006052238369,0.04744203660094889
2026-03-24,2026-01-01,0.008757362737946608,0.0013604476171954647
2026-03-25,2026-01-01,0.0024672906399281734,0.004955706144643966
2026-03-26,2026-01-01,0.055537504822597346,0.050709226472185565
2026-03-27,2026-01-01,0.03792178293018234,0.034365345097768424
2026-03-28,2026-01-01,0.0011776095897405635,0.00029895092673544324
2026-03-29,2026-01-01,0.011309711013954716,0.005800263249274937
2026-03-30,2026-01-01,0.020295438453308882,0.019866820467763644
2026-03-31,2026-01-01,0.04558061280528012,0.039574473805245466
2026-04-01,2026-01-01,0.016912628495995348,0.01578071836687975
2026-04-02,2026-01-01,0.041406780997343705,0.03890486260058576
2026-04-03,2026-01-01,0.00826412590762143,0.002785761127001655
2026-04-04,2026-01-01,0.0032244545871387914,0.0050969866532388705
2026-04-05,2026-01-01,0.020308099675107813,0.020445001227403996
2026-04-06,2026-01-01,0.0009017329811004022,0.0011383585618678885
2026-04-07,2026-01-01,0.06523919187977947,0.06283637196245494
2026-04-08,2026-01-01,0.0168734950359071,0.023118358581690136
2026-04-09,2026-01-01,0.010486626830020298,0.0015338362842687101
2026-04-10,2026-01-01,0.016544180587321804,0.024851714294646887
2026-04-11,2026-01-01,0.014680215705861425,0.01741978727790011
2026-04-12,2026-01-01,0.03845025040806221,0.041370288111131935
2026-04-13,2026-01-01,0.07602875364234003,0.0803063948778293
2026-04-14,2026-01-01,0.013043301333761519,0.019966200076461313
2026-04-15,2026-01-01,0.014864262516178907,0.014575926813506236
2026-04-16,2026-01-01,0.008208898079457044,0.005161371096046594
2026-04-17,2026-01-01,0.022473345464144468,0.03004869310860965
2026-04-18,2026-01-01,0.028061572487006286,0.029358245400580945
2026-04-19,2026-01-01,0.0434922122302129,0.03768041176763429
2026-04-20,2026-01-01,0.019323026520241413,0.0211476544234772
2026-04-21,2026-01-01,0.011524060957359254,0.004996556712654091
2026-04-22,2026-01-01,0.020804297066663965,0.019962807272470264
2026-04-23,2026-01-01,0.021471658831781135,0.019316315626643224
2026-04-24,2026-01-01,0.01236283821237984,0.007711652358337706
2026-04-25,2026-01-01,0.0018401594057174515,0.0005643407861239187
2026-04-26,2026-01-01,0.014418284403271298,0.021226815125541483
2026-04-27,2026-01-01,0.02881448098681511,0.02867408355388809
2026-04-28,2026-01-01,0.00895827940325853,0.006936783716640081
2026-04-29,2026-01-01,0.01161778795733007,0.016503847716545776
2026-04-30,2026-01-01,0.0036412091534670054,0.0003774888121558949
2026-05-01,2026-01-01,0.01665943918964487,0.016494181675802536
2026-05-02,2026-01-01,0.0035167574846807865,0.008625428239560761
2026-05-03,2026-01-01,0.003593547356839019,0.0016644786761467233
2026-05-04,2026-01-01,0.00861488645239196,0.009940079279769011
2026-05-05,2026-01-01,0.00370372404358808,0.005657152141916726
2026-05-06,2026-01-01,0.004453583897061776,0.005086055691832347
2026-05-07,2026-01-01,0.029279032093638094,0.026178207971909246
2026-05-08,2026-01-01,0.002595480714655176,0.005954250063433238
2026-05-09,2026-01-01,0.009250072795689783,0.007901370440579814
2026-05-10,2026-01-01,0.018962365682623564,0.01751955505463398
2026-05-11,2026-01-01,0.01772508143486029,0.013110813408073846
2026-05-12,2026-01-01,0.029400310586821025,0.028531231304091107
2026-05-13,2026-01-01,0.008703690860198692,0.008489211199895411
2026-05-14,2026-01-01,0.011872573117523174,0.009554764328689947
2026-05-15,2026-01-01,0.028068182331686665,0.025898207127410436
2026-05-16,2026-01-01,0.02122401093220402,0.02057979797653296
2026-05-17,2026-01-01,0.024621783279757704,0.024809920357391133
2026-05-18,2026-01-01,0.0009032329352809843,0.0005383384157788165
2026-05-19,2026-01-01,0.008235087192002345,0.00944012217288948
2026-05-20,2026-01-01,0.003953080994895561,0.007243992931258723
2026-05-21,2026-01-01,0.0015074651910278963,0.0014183046691510278
2026-05-22,2026-01-01,0.03077336159622386,0.03205571500070294
2026-05-23,2026-01-01,0.023018549553935924,0.023824425415515507
2026-05-24,2026-01-01,0.0069953600029753794,0.008980585614661677
2026-05-25,2026-01-01,0.005022682371988938,0.0055412362749441895
2026-05-26,2026-01-01,0.020846260278023637,0.01986631904696544
2026-05-27,2026-01-01,0.02572789054565307,0.024417092408411195
2026-05-28,2026-01-01,0.0062693886171994685,0.008187058597238294
2026-05-29,2026-01-01,0.0003798454419686667,0.001411940739775994
2026-05-30,2026-01-01,0.0024987888138387074,0.002999854527514424
2026-05-31,2026-01-01,0.007762500930196992,0.008195203261742997
2026-06-01,2026-01-01,0.002490538537515487,0.001371348973247245
2026-06-02,2026-01-01,0.07311912438507293,0.07337704020671035
2026-06-03,2026-01-01,0.02927999077065715,0.02615831966950796
2026-06-04,2026-01-01,0.02387675934531204,0.02418866961615748
2026-06-05,2026-01-01,0.10670103436543811,0.10758610094799695
2026-06-06,2026-01-01,0.007750169531484352,0.009355839329466554
2026-06-07,2026-01-01,0.07925002553573864,0.07423536729559094
2026-06-08,2026-01-01,0.009536989309216487,0.00217190656325671
2026-06-09,2026-01-01,0.034772239494318236,0.03180068141525723
2026-06-10,2026-01-01,0.01356687167679863,0.011753612468967004
2026-06-11,2026-01-01,0.03440440100340034,0.03136743932562335
2026-06-12,2026-01-01,0.001537791225641771,0.004717732671020863
2026-06-13,2026-01-01,0.0014763804778231623,0.008258867729766547
2026-06-14,2026-01-01,0.025744375068999976,0.02576877635583549
2026-06-15,2026-01-01,0.04968357172305823,0.04028684832923222
2026-06-16,2026-01-01,0.0014184156898984703,0.0029268443673452892
2026-06-17,2026-01-01,0.033493599406333785,0.024533865363532907
2026-06-18,2026-01-01,0.023036376956779934,0.022896969101544082
2026-06-19,2026-01-01,0.0024249975371794705,7.758425927409341e-05
2026-06-20,2026-01-01,0.014688758179473469,0.015830997185580283
2026-06-21,2026-01-01,0.016932681329469977,0.02055404177544041
2026-06-22,2026-01-01,0.01633856115395327,0.011930424277466434
2026-06-23,2026-01-01,0.03373869974664659,0.035985198709247095
2026-06-24,2026-01-01,0.03319740214216558,0.02839978165359599
2026-06-25,2026-01-01,0.0377479403531214,0.0349889875682158
2026-06-26,2026-01-01,0.004770682036569551,0.0065053912992137424
2026-06-27,2026-01-01,0.0005836274219087954,0.0038421266669190026
2026-06-28,2026-01-01,0.003252301687219657,0.0015574965290425478
2026-06-29,2026-01-01,0.02952100960211028,0.024624880471765725
2026-06-30,2026-01-01,0.018431257912167577,0.025736089238199877
