date,close,volume,returns
2017-11-10,299.25299072265625,885985984,-0.06741068978776144
2017-11-11,314.6809997558594,842300992,0.05155507049719543
2017-11-12,307.9079895019531,1613479936,-0.0215234166001792
2017-11-13,316.71600341796875,1041889984,0.028605993401674246
2017-11-14,337.6310119628906,1069680000,0.06603710680612629
2017-11-15,333.35699462890625,722665984,-0.012658841109222885
2017-11-16,330.92401123046875,797254016,-0.007298432124233423
2017-11-17,332.3940124511719,621732992,0.0044421110914172335
2017-11-18,347.61199951171875,649638976,0.04578297589756475
2017-11-19,354.385986328125,1181529984,0.01948720650012503
2017-11-20,366.7300109863281,807027008,0.03483214668306278
2017-11-21,360.4010009765625,949912000,-0.017257954953682764
2017-11-22,380.6520080566406,800819008,0.0561902076442764
2017-11-23,410.1659851074219,1845680000,0.07753532472207425
2017-11-24,474.9110107421875,2292829952,0.15785079208313424
2017-11-25,466.2760009765625,1422080000,-0.018182374319202
2017-11-26,471.3299865722656,1197779968,0.010839042938341592
2017-11-27,480.3550109863281,1396480000,0.019147995398503648
2017-11-28,472.9020080566406,1346499968,-0.015515613992209687
2017-11-29,427.52301025390625,2675940096,-0.09595856441637107
2017-11-30,447.114013671875,1903040000,0.04582444207233105
2017-12-01,466.5400085449219,1247879936,0.043447519601349516
2017-12-02,463.4490051269531,943649984,-0.006625376948076078
2017-12-03,465.8529968261719,990556992,0.005187176307693608
2017-12-04,470.2040100097656,1005550016,0.009339884498408058
2017-12-05,463.281005859375,1216720000,-0.014723405166720771
2017-12-06,428.5880126953125,1998259968,-0.07488542099779771
2017-12-07,434.4079895019531,2129570048,0.013579420408984078
2017-12-08,456.031005859375,2336379904,0.04977582567533467
2017-12-09,473.50201416015625,2003849984,0.03831100972587986
2017-12-10,441.72100830078125,1404179968,-0.06711905104721572
2017-12-11,515.135986328125,1771440000,0.16620214263694977
2017-12-12,651.4310302734375,5179829760,0.2645807079346558
2017-12-13,702.7670288085938,4524539904,0.07880496345654286
2017-12-14,695.8159790039062,3821580032,-0.009890973138668269
2017-12-15,684.447998046875,2758710016,-0.016337625608002115
2017-12-16,696.208984375,2165690112,0.01718317003144998
2017-12-17,719.9749755859375,2147389952,0.034136289166496026
2017-12-18,794.64501953125,3249230080,0.10371199899627581
2017-12-19,826.822998046875,4096549888,0.04049352569353082
2017-12-20,819.0859985351562,3969939968,-0.009357504000245709
2017-12-21,821.06298828125,3569060096,0.0024136534498566675
2017-12-22,674.8599853515625,4977710080,-0.1780655138721301
2017-12-23,719.3870239257812,2480339968,0.0659796691768928
2017-12-24,694.1480102539062,2300549888,-0.0350840546638479
2017-12-25,765.833984375,2491760128,0.1032718859121593
2017-12-26,773.8359985351562,2201159936,0.010448758247111112
2017-12-27,762.8419799804688,2100029952,-0.014207168670750336
2017-12-28,737.0230102539062,2389149952,-0.03384576413482587
2017-12-29,753.5919799804688,2648969984,0.022480939531120514
2017-12-30,717.2570190429688,3187780096,-0.04821569483587351
2017-12-31,756.7329711914062,2554269952,0.05503738701798966
2018-01-01,772.6409912109375,2595760128,0.021021972908733533
2018-01-02,884.4439697265625,5783349760,0.14470236473009224
2018-01-03,962.719970703125,5093159936,0.08850306368278194
2018-01-04,980.9219970703125,6502859776,0.018906875229661724
2018-01-05,997.719970703125,6683149824,0.017124678295504125
2018-01-06,1041.6800537109375,4662219776,0.04406054233517298
2018-01-07,1153.1700439453125,5569880064,0.10702901513492269
2018-01-08,1148.530029296875,8450970112,-0.004023703765806075
2018-01-09,1299.739990234375,7965459968,0.13165520890217386
2018-01-10,1255.8199462890625,9214950400,-0.033791407724088396
2018-01-11,1154.9300537109375,7235899904,-0.08033786441778834
2018-01-12,1273.199951171875,5222300160,0.10240438118388306
2018-01-13,1396.4200439453125,5746760192,0.09677984409284934
2018-01-14,1366.77001953125,4841630208,-0.021232883717632767
2018-01-15,1291.9200439453125,4781100032,-0.05476413333357155
2018-01-16,1053.68994140625,8405139968,-0.1844000359430501
2018-01-17,1014.25,8545160192,-0.037430310242511755
2018-01-18,1036.280029296875,5938319872,0.02172051200086278
2018-01-19,1039.0999755859375,4084450048,0.002721220335564878
2018-01-20,1155.1500244140625,3975190016,0.11168323698851568
2018-01-21,1049.5799560546875,3378089984,-0.09139078572320014
2018-01-22,1003.260009765625,3810099968,-0.04413188916371513
2018-01-23,986.22900390625,3556699904,-0.01697566502561354
2018-01-24,1058.780029296875,3944039936,0.07356407599377568
2018-01-25,1056.030029296875,4050190080,-0.002597328929434206
2018-01-26,1055.1700439453125,3617690112,-0.0008143569100351744
2018-01-27,1107.0699462890625,3002870016,0.04918629242893857
2018-01-28,1246.010009765625,5372329984,0.1255025158458094
2018-01-29,1182.3599853515625,3715079936,-0.051083076311750575
2018-01-30,1071.1300048828125,4107859968,-0.09407454738556376
2018-01-31,1118.31005859375,3757560064,0.04404699102430554
2018-02-01,1036.7900390625,5261680128,-0.07289572234891606
2018-02-02,915.7849731445312,6713290240,-0.11671125431276863
2018-02-03,964.0189819335938,3243480064,0.052669578780531134
2018-02-04,834.6820068359375,2997090048,-0.13416434481221196
2018-02-05,697.9509887695312,4269530112,-0.16381210682223524
2018-02-06,793.1220092773438,6518269952,0.13635774150215973
2018-02-07,757.0679931640625,3896179968,-0.04545834775929625
2018-02-08,817.8070068359375,3708189952,0.08022927163784144
2018-02-09,883.864990234375,2495820032,0.08077453830337444
2018-02-10,860.4149780273438,2930530048,-0.02653121513593726
2018-02-11,814.6599731445312,2486650112,-0.0531778340118092
2018-02-12,868.7069702148438,2243450112,0.06634301285442423
2018-02-13,845.2579956054688,2081170048,-0.026992962429639222
2018-02-14,923.5609741210938,2818370048,0.0926379625188114
2018-02-15,936.9760131835938,2900100096,0.01452534206013456
2018-02-16,944.2100219726562,2369449984,0.007720591228886686
2018-02-17,974.114990234375,2525720064,0.03167194539964835
2018-02-18,923.9210205078125,2567290112,-0.05152776646470214
2018-02-19,943.864990234375,2169019904,0.02158622791762088
2018-02-20,895.3709716796875,2545260032,-0.051378130406813494
2018-02-21,849.9710083007812,2531729920,-0.05070519909053717
2018-02-22,812.844970703125,2150370048,-0.043679181095690245
2018-02-23,864.1890258789062,2334820096,0.06316586437308924
2018-02-24,840.5150146484375,1926579968,-0.02739448259759092
2018-02-25,844.8099975585938,1646960000,0.0051099419228730625
2018-02-26,869.3150024414062,2044480000,0.029006528040185664
2018-02-27,878.2650146484375,2053980032,0.010295476532552472
2018-02-28,855.198974609375,1963980032,-0.02626318896272517
2018-03-01,872.2000122070312,1868519936,0.019879628136155958
2018-03-02,856.85302734375,1894419968,-0.017595717322276716
2018-03-03,857.2249755859375,1699369984,0.0004340863955869523
2018-03-04,866.677978515625,1697939968,0.01102744693506641
2018-03-05,853.6840209960938,1898489984,-0.014992832218705066
2018-03-06,816.9509887695312,1943069952,-0.04302883891829412
2018-03-07,752.8309936523438,2175419904,-0.07848695454027577
2018-03-08,704.5960083007812,1891640064,-0.06407146591767099
2018-03-09,728.916015625,2233019904,0.03451624340431536
2018-03-10,686.8900146484375,1532960000,-0.057655477552551515
2018-03-11,723.3389892578125,1562680064,0.05306377124732298
2018-03-12,699.8309936523438,1764999936,-0.03249927897511695
2018-03-13,690.8270263671875,1425959936,-0.012865916723930004
2018-03-14,614.291015625,1810560000,-0.11078896427179907
2018-03-15,611.3040161132812,1770460032,-0.004862515380726684
2018-03-16,601.666015625,1417350016,-0.015766296694008974
2018-03-17,552.7789916992188,1267810048,-0.08125275926545106
2018-03-18,538.6439819335938,2685499904,-0.025570815783310774
2018-03-19,556.7260131835938,2046790016,0.033569541026134075
2018-03-20,557.1749877929688,1833680000,0.0008064552378423961
2018-03-21,561.7319946289062,1781270016,0.008178771365865423
2018-03-22,539.7020263671875,1523459968,-0.03921793394779349
2018-03-23,539.6190185546875,1596349952,-0.00015380304027901026
2018-03-24,526.4390258789062,1300009984,-0.024424625935317246
2018-03-25,524.2869873046875,1151170048,-0.004087916108852063
2018-03-26,489.95098876953125,1638880000,-0.06549084636197922
2018-03-27,450.1159973144531,1617939968,-0.08130403319548385
2018-03-28,446.27899169921875,1514179968,-0.008524481773869996
2018-03-29,385.9679870605469,1970230016,-0.1351419308559343
2018-03-30,394.6449890136719,1878130048,0.022481144146713428
2018-03-31,396.4570007324219,1323920000,0.004591498103849512
2018-04-01,379.60699462890625,1256930048,-0.04250147196893139
2018-04-02,386.42498779296875,1102259968,0.017960662634068703
2018-04-03,416.89300537109375,1363399936,0.07884587834793066
2018-04-04,380.5429992675781,1287730048,-0.08719265047673075
2018-04-05,383.23199462890625,1210680064,0.007066206359080507
2018-04-06,370.2850036621094,967105984,-0.03378369016223137
2018-04-07,385.3139953613281,951475008,0.040587632635895154
2018-04-08,400.50799560546875,948488000,0.0394327754170789
2018-04-09,398.5260009765625,1478390016,-0.004948701775378983
2018-04-10,414.2430114746094,1196000000,0.03943785464319349
2018-04-11,430.5400085449219,1439040000,0.03934163430373627
2018-04-12,492.9410095214844,2519360000,0.1449365906491631
2018-04-13,492.7349853515625,2419249920,-0.0004179489349483978
2018-04-14,501.4779968261719,1519079936,0.01774384148584729
2018-04-15,531.7020263671875,1726089984,0.060269901635369605
2018-04-16,511.1470031738281,1758979968,-0.038658914531133126
2018-04-17,502.8940124511719,1760359936,-0.016146021929917542
2018-04-18,524.7890014648438,1762940032,0.04353797911999946
2018-04-19,567.8889770507812,2256869888,0.08212819907740543
2018-04-20,615.718017578125,2849469952,0.08422251964765093
2018-04-21,605.39501953125,2612460032,-0.01676578848135657
2018-04-22,621.8599853515625,2426269952,0.027197061900279706
2018-04-23,642.5479736328125,2386830080,0.03326792006009871
2018-04-24,708.1580200195312,3581860096,0.10210917951507215
2018-04-25,615.416015625,4216140032,-0.13096230187716207
2018-04-26,662.8090209960938,2984009984,0.07700970427778464
2018-04-27,647.031982421875,2598129920,-0.023803294877472347
2018-04-28,683.677978515625,2496659968,0.056637070638428266
2018-04-29,688.8809814453125,2740559872,0.007610312300805777
2018-04-30,669.9240112304688,2853100032,-0.027518498442315686
2018-05-01,673.6129760742188,2678960128,0.0055065422076368
2018-05-02,687.1489868164062,2822269952,0.020094640725412782
2018-05-03,779.5430297851562,4210939904,0.13445998574023377
2018-05-04,785.6240234375,3533410048,0.007800715829656912
2018-05-05,816.1199951171875,3035040000,0.03881751419241519
2018-05-06,792.3109741210938,3105570048,-0.02917343177295273
2018-05-07,753.7249755859375,4316120064,-0.04870057312781695
2018-05-08,752.8569946289062,2920489984,-0.001151588424354033
2018-05-09,752.2750244140625,2877870080,-0.0007730156178340497
2018-05-10,727.2769775390625,2748950016,-0.033229930628722704
2018-05-11,679.5859985351562,3290080000,-0.06557471290412842
2018-05-12,686.0479736328125,2668480000,0.009508693692314107
2018-05-13,733.4959716796875,2362500096,0.06916134129166629
2018-05-14,730.5490112304688,3005110016,-0.004017691388911504
2018-05-15,708.8709716796875,2523069952,-0.029673627939443503
2018-05-16,707.0499877929688,2476130048,-0.002568850974957959
2018-05-17,672.656982421875,2350619904,-0.04864296155134695
2018-05-18,694.3670043945312,2305740032,0.032275026558841624
2018-05-19,696.530029296875,2021549952,0.0031151032359750808
2018-05-20,715.3690185546875,2156910080,0.027046916091801432
2018-05-21,699.2219848632812,2005170048,-0.022571614471128876
2018-05-22,647.7410278320312,2230469888,-0.07362605602470584
2018-05-23,583.5850219726562,2995429888,-0.09904576536413501
2018-05-24,601.7550048828125,2791099904,0.03113510838358624
2018-05-25,586.7340087890625,2110919936,-0.02496197949641521
2018-05-26,587.280029296875,1694300032,0.0009306099520962618
2018-05-27,572.6680297851562,1788790016,-0.024880804357017006
2018-05-28,516.0360107421875,2356900096,-0.09889153243671556
2018-05-29,565.3880004882812,2330820096,0.0956367166607488
2018-05-30,559.5900268554688,2053970048,-0.010254857952070484
2018-05-31,577.64501953125,1985040000,0.032264679156700726
2018-06-01,580.0430297851562,1945890048,0.004151356235793768
2018-06-02,591.8079833984375,1880390016,0.02028289800782357
2018-06-03,618.3289794921875,1832550016,0.04481351525786126
2018-06-04,592.9849853515625,1903430016,-0.040987880208104066
2018-06-05,609.302978515625,1844269952,0.027518391809512766
2018-06-06,607.1240234375,1756530048,-0.0035761438150743174
2018-06-07,605.18701171875,1880140032,-0.0031904712117678535
2018-06-08,601.0770263671875,1637779968,-0.006791264967650257
2018-06-09,597.56201171875,1519309952,-0.005847860580667441
2018-06-10,526.47900390625,2234880000,-0.11895503130804119
2018-06-11,533.2839965820312,1982119936,0.012925477797388174
2018-06-12,496.8429870605469,1932760064,-0.06833321411301518
2018-06-13,477.4939880371094,2080130048,-0.03894389078109206
2018-06-14,519.7420043945312,2458650112,0.08847863515747245
2018-06-15,491.0039978027344,1808269952,-0.05529283057519074
2018-06-16,499.6419982910156,1314109952,0.017592525777665236
2018-06-17,500.447998046875,1264870016,0.001613154535880179
2018-06-18,518.8909912109375,1513869952,0.036852966214353744
2018-06-19,537.9569702148438,1726569984,0.03674370788248216
2018-06-20,536.2680053710938,1596290048,-0.003139590965938188
2018-06-21,527.3670043945312,1462070016,-0.01659804591624492
2018-06-22,465.8169860839844,2226030080,-0.11671192508756267
2018-06-23,474.5199890136719,1651379968,0.018683309517868008
2018-06-24,457.6719970703125,2490579968,-0.035505336621075356
2018-06-25,460.30999755859375,4007950080,0.0057639543279199845
2018-06-26,432.7720031738281,1356560000,-0.05982488872894898
2018-06-27,442.364990234375,1368940032,0.022166376267860777
2018-06-28,422.364990234375,1360790016,-0.045211534460273484
2018-06-29,436.0090026855469,1564499968,0.03230384327924685
2018-06-30,455.17999267578125,1475939968,0.04396925263504392
2018-07-01,453.9179992675781,1511730048,-0.002772515111625351
2018-07-02,475.34698486328125,1625789952,0.04720893560132011
2018-07-03,464.19500732421875,1683939968,-0.023460709532574398
2018-07-04,467.3179931640625,1549769984,0.006727745431485133
2018-07-05,474.4119873046875,1828610048,0.015180228975550047
2018-07-06,474.0119934082031,1627609984,-0.0008431361499883216
2018-07-07,491.6600036621094,1358360064,0.037231147100340145
2018-07-08,489.1189880371094,1344560000,-0.005168237412181864
2018-07-09,476.6820068359375,1533799936,-0.025427312178337047
2018-07-10,434.42401123046875,1789069952,-0.08865028467502645
2018-07-11,446.51800537109375,1422470016,0.027839147533235575
2018-07-12,430.0740051269531,1495440000,-0.03682718288252296
2018-07-13,434.0270080566406,1489670016,0.009191448175345007
2018-07-14,436.08599853515625,1235820032,0.004743922475550111
2018-07-15,449.8500061035156,1350160000,0.03156259915382198
2018-07-16,480.6579895019531,1858680064,0.06848501273855323
2018-07-17,501.00201416015625,2288100096,0.042325364609632654
2018-07-18,480.51300048828125,2371559936,-0.040896070460357925
2018-07-19,469.6189880371094,2068739968,-0.022671628946775102
2018-07-20,450.697998046875,1821350016,-0.040290087224367555
2018-07-21,462.4360046386719,1504310016,0.02604406197201725
2018-07-22,459.6570129394531,1338589952,-0.006009462220378237
2018-07-23,450.8529968261719,1596999936,-0.01915344673407804
2018-07-24,479.37298583984375,2287520000,0.06325784505025234
2018-07-25,472.4930114746094,1930780032,-0.0143520276871274
2018-07-26,464.0369873046875,1621560064,-0.017896612149947755
2018-07-27,469.6659851074219,1734259968,0.012130493811344234
2018-07-28,466.89801025390625,1531890048,-0.005893496530055331
2018-07-29,466.6650085449219,1631910016,-0.0004990419831896187
2018-07-30,457.08099365234375,2141590000,-0.02053724774107535
2018-07-31,433.86700439453125,1820680000,-0.0507874743868022
2018-08-01,420.74700927734375,1888060000,-0.03023967018532947
2018-08-02,412.6210021972656,1569300000,-0.019313285420697324
2018-08-03,418.2619934082031,1722340000,0.013671119940328769
2018-08-04,407.25201416015625,1466540000,-0.026323164479593708
2018-08-05,410.5159912109375,1396820000,0.008014636974877254
2018-08-06,406.6579895019531,1384880000,-0.009397932824989463
2018-08-07,380.2149963378906,1828350000,-0.06502514114243285
2018-08-08,356.6130065917969,2016080000,-0.062075378334417564
2018-08-09,365.5880126953125,1616610000,0.0251673549130782
2018-08-10,334.1759948730469,1699400000,-0.08592190315727055
2018-08-11,322.11199951171875,1790370000,-0.036100724008949925
2018-08-12,319.57000732421875,1625420000,-0.007891640768904473
2018-08-13,286.4949951171875,1751190000,-0.10349848686981156
2018-08-14,278.9320068359375,2137850000,-0.026398326009696715
2018-08-15,282.364013671875,1878150000,0.0123040983172511
2018-08-16,288.0459899902344,1552970000,0.020122877007132445
2018-08-17,315.72900390625,1995460000,0.09610622913707001
2018-08-18,295.81201171875,1764020000,-0.06308255478934077
2018-08-19,300.8340148925781,1447910000,0.016977008961363227
2018-08-20,274.31500244140625,1413790000,-0.0881516422291585
2018-08-21,281.9440002441406,1164120000,0.027811084828887278
2018-08-22,271.34100341796875,1507660000,-0.037606747499469906
2018-08-23,277.10400390625,1271160000,0.021238959153563775
2018-08-24,282.9670104980469,1450170000,0.021158144628543374
2018-08-25,279.64599609375,1208360000,-0.011736401350997072
2018-08-26,275.1969909667969,1206650000,-0.01590941829705872
2018-08-27,285.6029968261719,1406790000,0.03781293473746783
2018-08-28,296.4989929199219,1513350000,0.03815084650663403
2018-08-29,289.31201171875,1474460000,-0.024239479299388078
2018-08-30,284.1050109863281,1513100000,-0.01799787261333541
2018-08-31,283.0039978027344,1411910000,-0.003875374037829782
2018-09-01,295.34100341796875,1546630000,0.043593043600160586
2018-09-02,294.3710021972656,1321050000,-0.0032843432150542196
2018-09-03,289.2590026855469,1394490000,-0.017365839276156203
2018-09-04,285.7229919433594,1554870000,-0.012224375764827933
2018-09-05,232.33099365234375,2390390000,-0.18686629986571002
2018-09-06,230.21499633789062,2097310000,-0.009107684175876596
2018-09-07,217.2030029296875,1678260000,-0.056521050388503746
2018-09-08,197.9510040283203,1517200000,-0.08863597022919345
2018-09-09,196.9239959716797,1585980000,-0.005188193218225279
2018-09-10,197.07899475097656,1502960000,0.0007870995026890704
2018-09-11,185.0659942626953,1568900000,-0.06095525554846948
2018-09-12,183.33099365234375,1874850000,-0.0093750373603958
2018-09-13,211.35400390625,2330720000,0.1528547339193893
2018-09-14,211.74899291992188,2232190000,0.0018688503949377822
2018-09-15,223.07400512695312,1670490000,0.05348319276925251
2018-09-16,220.58900451660156,1502260000,-0.011139803622288169
2018-09-17,197.875,2019910000,-0.10296979473830525
2018-09-18,209.97500610351562,1800640000,0.06114974657493688
2018-09-19,209.968994140625,1733330000,-2.86318024329546e-05
2018-09-20,224.59100341796875,1782070000,0.069638897577186
2018-09-21,246.58399963378906,2836200000,0.09792465361976621
2018-09-22,240.47999572753906,1921820000,-0.024754257840392202
2018-09-23,244.3300018310547,1693470000,0.01600967303691081
2018-09-24,228.72999572753906,1748740000,-0.06384809882784048
2018-09-25,218.5050048828125,2120360000,-0.04470332285104606
2018-09-26,215.8470001220703,1756100000,-0.012164502877944239
2018-09-27,228.49400329589844,2030320000,0.05859244356732196
2018-09-28,222.40199279785156,2018120000,-0.026661577153767824
2018-09-29,231.63499450683594,2208720000,0.04151492346283314
2018-09-30,232.84800720214844,1765560000,0.005236741960751967
2018-10-01,230.76800537109375,1597500000,-0.008932873663157093
2018-10-02,227.18099975585938,1542080000,-0.015543773537697203
2018-10-03,220.48899841308594,1683930000,-0.029456694661811555
2018-10-04,222.21800231933594,1479500000,0.007841678807986252
2018-10-05,227.6009979248047,1547330000,0.0242239402266482
2018-10-06,225.1199951171875,1505070000,-0.010900667528869423
2018-10-07,226.11900329589844,1470480000,0.004437669688962531
2018-10-08,229.2550048828125,1470740000,0.013868810410464727
2018-10-09,227.98199462890625,1405130000,-0.005552813359764874
2018-10-10,225.7689971923828,1384040000,-0.009706895670097082
2018-10-11,189.49899291992188,2167620000,-0.16065095174052824
2018-10-12,196.7270050048828,1487900000,0.038142746690033036
2018-10-13,199.84100341796875,1167610000,0.015829033807578385
2018-10-14,195.71499633789062,1169260000,-0.020646448974480758
2018-10-15,209.70399475097656,2865830000,0.07147637470219581
2018-10-16,210.1199951171875,1532280000,0.00198375031770337
2018-10-17,207.08299255371094,1444130000,-0.014453658071821196
2018-10-18,203.3520050048828,1365860000,-0.018016870930916418
2018-10-19,203.7270050048828,1264480000,0.0018440929559115915
2018-10-20,205.42999267578125,1238780000,0.008359165103603239
2018-10-21,205.14199829101562,1190300000,-0.0014019101155309244
2018-10-22,204.04400634765625,1328980000,-0.005352350822876106
2018-10-23,204.33599853515625,1237490000,0.001431025555352461
2018-10-24,203.8520050048828,1102220000,-0.002368616072268681
2018-10-25,202.718994140625,1102900000,-0.005558006967999574
2018-10-26,203.32899475097656,1161310000,0.003009094500184828
2018-10-27,204.2100067138672,1084810000,0.004332938172293854
2018-10-28,205.36599731445312,1139140000,0.0056607931177714566
2018-10-29,197.2469940185547,1517230000,-0.03953431143455921
2018-10-30,197.55599975585938,1363500000,0.0015665928844301735
2018-10-31,197.38099670410156,1442380000,-0.0008858402274498633
2018-11-01,198.8719940185547,1336700000,0.007553905083822698
2018-11-02,200.63499450683594,1451870000,0.00886500131394441
2018-11-03,200.18600463867188,1307150000,-0.0022378442468009574
2018-11-04,207.48599243164062,1749300000,0.036466024716088175
2018-11-05,209.09100341796875,1613510000,0.007735514901599627
2018-11-06,218.45199584960938,1856940000,0.04476994360646014
2018-11-07,217.18299865722656,1927830000,-0.005809043709797179
2018-11-08,212.2310028076172,1769080000,-0.022801028995022565
2018-11-09,210.07400512695312,1554750000,-0.010163442909513765
2018-11-10,212.5330047607422,1377760000,0.01170539702093576
2018-11-11,211.33999633789062,1501600000,-0.005613285448039407
2018-11-12,210.41799926757812,1452380000,-0.004362624615732558
2018-11-13,206.8260040283203,1610260000,-0.017070760352065006
2018-11-14,181.39700317382812,2595330000,-0.12294876059690363
2018-11-15,180.80599975585938,2638410000,-0.0032580660519645477
2018-11-16,175.177001953125,2015330000,-0.031132804278260484
2018-11-17,174.00100708007812,1832800000,-0.006713180725410273
2018-11-18,177.06700134277344,1810920000,0.01762055469761914
2018-11-19,149.1750030517578,2745160000,-0.15752228297479987
2018-11-20,130.33900451660156,3134410000,-0.12626779386504117
2018-11-21,136.7010040283203,2685930000,0.048811171569968614
2018-11-22,126.70600128173828,1792150000,-0.07311579616863217
2018-11-23,123.2959976196289,1998010000,-0.026912724161557544
2018-11-24,113.49400329589844,1800960000,-0.07949969595906803
2018-11-25,116.44999694824219,2466750000,0.02604537302853749
2018-11-26,108.33499908447266,2139490000,-0.06968654423732068
2018-11-27,110.01000213623047,2320010000,0.015461328895676196
2018-11-28,122.43800354003906,2673470000,0.11297155860808394
2018-11-29,117.54264831542969,2196099151,-0.03998231825961229
2018-11-30,113.17141723632812,2020748396,-0.03718846854097768
2018-12-01,118.63555908203125,2131475768,0.048281995393701926
2018-12-02,116.38890075683594,1856199149,-0.01893747829554082
2018-12-03,108.92501831054688,1772756193,-0.06412881638845347
2018-12-04,110.21418762207031,1748116495,0.011835383014102474
2018-12-05,102.47555541992188,1990157607,-0.0702144829909247
2018-12-06,91.76105499267578,2310716932,-0.1045566465420994
2018-12-07,93.29456329345703,2554304530,0.01671197329742613
2018-12-08,92.15963745117188,1855759401,-0.01216497298685304
2018-12-09,95.14205932617188,1875567180,0.03236147577707382
2018-12-10,91.68565368652344,1756437577,-0.03632889243861093
2018-12-11,88.94530487060547,1707497898,-0.02988852351194793
2018-12-12,90.59329986572266,1533050103,0.018528184230911737
2018-12-13,86.53931427001953,1754475622,-0.044749287217839995
2018-12-14,84.30829620361328,1651491877,-0.02578039917724606
2018-12-15,84.44081115722656,1496176898,0.001571790198360068
2018-12-16,85.26210021972656,1565817037,0.009726210007277025
2018-12-17,95.13382720947266,2101453024,0.11578095032031754
2018-12-18,101.11245727539062,2277514076,0.06284441866039692
2018-12-19,101.2685775756836,2456482115,0.0015440263692509948
2018-12-20,116.21687316894531,3063842618,0.14761040345501075
2018-12-21,109.49623107910156,2632539990,-0.057828453877552755
2018-12-22,116.7594985961914,2338772939,0.06633349335871452
2018-12-23,130.7652587890625,3579715061,0.11995392547298889
2018-12-24,140.23800659179688,4370343387,0.07244085998418637
2018-12-25,129.84434509277344,3298280609,-0.07411444123900868
2018-12-26,131.86563110351562,2720469126,0.015566992996868478
2018-12-27,116.57591247558594,2612804378,-0.11594923180496619
2018-12-28,137.6470184326172,3130201009,0.18075008386869018
2018-12-29,138.01834106445312,3169029972,0.0026976438433914396
2018-12-30,139.8594512939453,2660086834,0.01333960555744107
2018-12-31,133.36825561523438,2358360234,-0.04641227760194955
2019-01-01,140.8194122314453,2258709868,0.0558690415634393
2019-01-02,155.0476837158203,3328240369,0.10103913415708599
2019-01-03,149.135009765625,2676164880,-0.0381345519552061
2019-01-04,154.58193969726562,3126192535,0.03652348258266658
2019-01-05,155.6385955810547,3338211928,0.006835571386013317
2019-01-06,157.74620056152344,3231294371,0.013541660232799568
2019-01-07,151.69921875,2712108388,-0.03833361304423322
2019-01-08,150.35963439941406,2459808140,-0.0088305290009012
2019-01-09,150.80311584472656,2369241197,0.0029494714261837363
2019-01-10,128.62518310546875,3397734456,-0.1470654808093831
2019-01-11,127.54832458496094,2667585234,-0.008372065986680277
2019-01-12,125.9665298461914,2212109224,-0.012401532861499032
2019-01-13,116.8978042602539,2268263944,-0.07199313656580575
2019-01-14,129.0687255859375,2798085735,0.10411591049723246
2019-01-15,122.03271484375,2735449164,-0.054513676417318746
2019-01-16,123.54706573486328,2746469340,0.01240938459045382
2019-01-17,123.7419204711914,2594091285,0.0015771700863078664
2019-01-18,121.01026153564453,2305389800,-0.02207545288730861
2019-01-19,124.5190200805664,3048261797,0.02899554550494332
2019-01-20,119.4748306274414,2964108269,-0.04050938924721137
2019-01-21,117.15785217285156,2421720343,-0.019393025647509665
2019-01-22,118.74755096435547,2552507405,0.013568862539051318
2019-01-23,117.45260620117188,2556952198,-0.010905022905039141
2019-01-24,117.36288452148438,2520843420,-0.0007638968822354375
2019-01-25,116.37834167480469,2606881898,-0.0083888773754488
2019-01-26,116.48873901367188,2412181169,0.0009486072518172239
2019-01-27,113.40528869628906,2775888287,-0.026469943305171495
2019-01-28,106.58997344970703,3366895505,-0.0600969789410275
2019-01-29,105.59821319580078,2900418606,-0.009304442264207902
2019-01-30,108.90753936767578,2874370355,0.031338846290313915
2019-01-31,107.0610122680664,2828796031,-0.016954997884723433
2019-02-01,107.60978698730469,2541271519,0.005125812913707728
2019-02-02,110.43025970458984,2385157838,0.026210187718501032
2019-02-03,107.49266815185547,2519334757,-0.026601327938489683
2019-02-04,107.82160186767578,2491888675,0.003060057225071633
2019-02-05,107.44351959228516,2515863999,-0.0035065540563441466
2019-02-06,104.9192886352539,2593048199,-0.023493561702091714
2019-02-07,104.5353012084961,2326764622,-0.003659836353758772
2019-02-08,119.26774597167969,3656841347,0.14093272409288482
2019-02-09,119.4308853149414,2884650400,0.0013678412544197993
2019-02-10,124.80648803710938,3148766590,0.04501015552210297
2019-02-11,121.29839324951172,3222473887,-0.02810827259681059
2019-02-12,122.5722885131836,3149576429,0.010502161071923366
2019-02-13,122.55360412597656,3386585799,-0.00015243565600087106
2019-02-14,121.39020538330078,3331701628,-0.009492978611056468
2019-02-15,122.10038757324219,3021741615,0.005850407680742853
2019-02-16,123.26021575927734,2905833287,0.009498972190726596
2019-02-17,133.598876953125,4236081130,0.08387670855646312
2019-02-18,146.09837341308594,5387525773,0.09355989170737233
2019-02-19,145.34619140625,5310842625,-0.0051484625684995455
2019-02-20,149.55433654785156,4500094965,0.02895256560138937
2019-02-21,146.13084411621094,3995766856,-0.02289129496786768
2019-02-22,149.0924530029297,3731099284,0.02026682939272928
2019-02-23,158.79542541503906,4519468458,0.06508023858135004
2019-02-24,135.8526611328125,5957715043,-0.14448000767189428
2019-02-25,139.82286071777344,4914392068,0.029224304859803762
2019-02-26,138.0896759033203,3791292839,-0.012395575412746607
2019-02-27,136.12596130371094,4469776860,-0.014220575048522921
2019-02-28,136.74624633789062,4535438953,0.004556699017873367
2019-03-01,136.44361877441406,3756124824,-0.002213059382476845
2019-03-02,134.2069549560547,3747176425,-0.016392586465016845
2019-03-03,132.24942016601562,3454374053,-0.014585941471364494
2019-03-04,127.77412414550781,4008171341,-0.033839815818397345
2019-03-05,137.8223876953125,4764849990,0.07864083293078838
2019-03-06,138.7893524169922,4589054219,0.007016020675954193
2019-03-07,138.0345001220703,4339206292,-0.005438834332578524
2019-03-08,135.1270751953125,4678816794,-0.021063030794378546
2019-03-09,137.96533203125,5011918715,0.02100435336023576
2019-03-10,136.75868225097656,4578438499,-0.008746036141891955
2019-03-11,133.8340301513672,4689807419,-0.021385494883916167
2019-03-12,134.44288635253906,4709988000,0.004549337716896584
2019-03-13,133.26307678222656,4265162099,-0.008775544785752154
2019-03-14,133.7115936279297,4476532147,0.0033656497848693068
2019-03-15,137.69178771972656,4506861856,0.029767008109052195
2019-03-16,142.39817810058594,4839003569,0.0341806178770756
2019-03-17,140.00054931640625,3827157729,-0.016837496210703407
2019-03-18,139.37460327148438,4551739879,-0.004471025635101045
2019-03-19,140.51919555664062,4251488129,0.008212344704771946
2019-03-20,140.6863555908203,4664134462,0.0011895886075743434
2019-03-21,136.6360626220703,5087247796,-0.028789522279829893
2019-03-22,137.1814422607422,4490899266,0.00399147654144838
2019-03-23,138.2398681640625,4436568613,0.007715518118759368
2019-03-24,136.98692321777344,4266845458,-0.00906355715561069
2019-03-25,135.03102111816406,4480516753,-0.014278020512220713
2019-03-26,135.46035766601562,4499271679,0.0031795401108301036
2019-03-27,140.9881591796875,5228240093,0.04080752191206338
2019-03-28,139.41647338867188,4163212475,-0.011147643888395842
2019-03-29,142.49742126464844,5125602702,0.022098879716942355
2019-03-30,142.09268188476562,5144662127,-0.002840327749729088
2019-03-31,141.51409912109375,4249050197,-0.004071868839389592
2019-04-01,141.830322265625,4611999536,0.002234569887348492
2019-04-02,163.9617462158203,9826645698,0.15604155441984235
2019-04-03,161.45880126953125,10622456246,-0.015265420160837206
2019-04-04,158.0525360107422,7953123529,-0.02109680755713539
2019-04-05,165.5148468017578,7531316908,0.04721411613736115
2019-04-06,165.94720458984375,7167016221,0.0026121994276668836
2019-04-07,174.53164672851562,7596176020,0.05172995929572455
2019-04-08,180.25881958007812,9304964610,0.03281452366327087
2019-04-09,176.1145782470703,7632529578,-0.022990505222779234
2019-04-10,177.3374786376953,7856924879,0.006943777186402933
2019-04-11,165.4970245361328,7859383417,-0.0667679172644201
2019-04-12,164.736328125,6237185309,-0.004596435574989677
2019-04-13,164.5133514404297,4959301561,-0.00135353681308914
2019-04-14,167.83851623535156,4846298303,0.020212127257804413
2019-04-15,161.5741729736328,5672311824,-0.03732363346762779
2019-04-16,167.62344360351562,5180105341,0.03743958900454958
2019-04-17,166.9507598876953,5596102715,-0.004013064648710096
2019-04-18,173.81402587890625,6971581464,0.04110952232758769
2019-04-19,173.70843505859375,6541053061,-0.000607493093716549
2019-04-20,173.7512664794922,6142567812,0.00024657076027412295
2019-04-21,170.04652404785156,6005571688,-0.02132210318062855
2019-04-22,171.87466430664062,6094878077,0.010750824040805629
2019-04-23,171.4477996826172,7097827092,-0.002483580845062061
2019-04-24,165.8260955810547,7351304156,-0.03278959608679355
2019-04-25,154.4593963623047,6820332362,-0.06854590152967832
2019-04-26,156.3470916748047,7505283355,0.012221304478441386
2019-04-27,158.4349365234375,5863109118,0.013353909089498295
2019-04-28,157.29507446289062,5379894433,-0.007194512053711466
2019-04-29,155.20199584960938,6053776253,-0.013306701563468581
2019-04-30,162.16603088378906,6275803460,0.04487078272452005
2019-05-01,160.81834411621094,5789172433,-0.008310536801285462
2019-05-02,162.12278747558594,6044171062,0.008111284608380176
2019-05-03,167.95240783691406,7299410672,0.03595805655763229
2019-05-04,164.02658081054688,6658100049,-0.023374639738295788
2019-05-05,163.45069885253906,5938415562,-0.003510906312635731
2019-05-06,172.65321350097656,7540096853,0.05630147018667553
2019-05-07,169.7986602783203,8411140170,-0.016533449709814407
2019-05-08,170.9481658935547,6416569598,0.0067698155765787416
2019-05-09,170.289306640625,6546914198,-0.0038541463693734235
2019-05-10,173.1427459716797,8036919053,0.0167564211009239
2019-05-11,194.30433654785156,12578331654,0.12222048609321012
2019-05-12,187.3253173828125,10326050090,-0.03591797943902464
2019-05-13,196.84628295898438,10367149039,0.050825834485122456
2019-05-14,217.14857482910156,12751049755,0.10313779648228083
2019-05-15,247.15306091308594,13460006534,0.13817491598827325
2019-05-16,264.010009765625,18661465873,0.06820449154164843
2019-05-17,243.76458740234375,16037551694,-0.07668429837661883
2019-05-18,234.59523010253906,10933142646,-0.0376156249663544
2019-05-19,261.2922058105469,12049250894,0.11380016420768158
2019-05-20,251.86441040039062,10834541285,-0.03608142608353193
2019-05-21,255.21588134765625,11545049593,0.013306647580488828
2019-05-22,244.69891357421875,9818257463,-0.0412081243451744
2019-05-23,245.96566772460938,10671663487,0.005176786982368009
2019-05-24,249.4849853515625,9929433206,0.014308166092893426
2019-05-25,251.75987243652344,8924985385,0.00911833263935824
2019-05-26,267.06964111328125,9664267731,0.060810996321972954
2019-05-27,272.8626403808594,12074664736,0.02169096885527666
2019-05-28,271.7687072753906,10362846898,-0.00400909814528605
2019-05-29,269.4556884765625,9819132174,-0.00851098282071261
2019-05-30,255.85894775390625,13604268584,-0.050460024798618774
2019-05-31,268.1135559082031,11255023515,0.04789595307053229
2019-06-01,265.3912658691406,9942869852,-0.01015349645354957
2019-06-02,270.22552490234375,8744111713,0.018215592051875618
2019-06-03,252.60792541503906,9375712917,-0.06519591179875206
2019-06-04,241.3387908935547,10132549747,-0.0446111676938441
2019-06-05,247.05101013183594,8548917062,0.023668881480394477
2019-06-06,249.47433471679688,8265146806,0.009809004964876467
2019-06-07,250.93035888671875,8379534528,0.005836368585068197
2019-06-08,245.73809814453125,7225996863,-0.020692038879725705
2019-06-09,233.08670043945312,7566421456,-0.051483257177473485
2019-06-10,247.52012634277344,8141159848,0.06192299207165419
2019-06-11,245.78182983398438,7382269700,-0.007022849149575072
2019-06-12,260.9032897949219,8645598618,0.06152391318410899
2019-06-13,256.1687927246094,8442077836,-0.018146559493496417
2019-06-14,264.08746337890625,8676891267,0.030911925570925147
2019-06-15,269.0193176269531,8126853944,0.018675079024750074
2019-06-16,269.22320556640625,9676746453,0.0007578933039145141
2019-06-17,274.3511047363281,6009795781,0.01904701773063544
2019-06-18,265.0518493652344,6205242504,-0.033895454439780814
2019-06-19,269.4317932128906,5516510947,0.016524856771026775
2019-06-20,271.69500732421875,6408981097,0.00839995192972598
2019-06-21,294.9102783203125,9331694140,0.08544607140458238
2019-06-22,309.38031005859375,10613731255,0.04906587800430895
2019-06-23,307.8277893066406,8161062380,-0.005018162764330758
2019-06-24,310.4246826171875,8205712062,0.008436188676779866
2019-06-25,318.1263122558594,9641764965,0.024809978297278157
2019-06-26,336.753173828125,16437084081,0.05855177913508958
2019-06-27,294.26763916015625,14038092503,-0.1261622397942206
2019-06-28,311.2261047363281,11514656820,0.05762939351595553
2019-06-29,320.05889892578125,10929374565,0.028380634063252197
2019-06-30,290.69598388671875,10303111000,-0.09174222350202954
2019-07-01,293.64111328125,10292223948,0.010131304035073674
2019-07-02,291.596435546875,10618413952,-0.006963186154442247
2019-07-03,303.0999755859375,9926711979,0.039450208016048594
2019-07-04,284.5232238769531,8403513106,-0.06128918906401337
2019-07-05,287.9975280761719,8723493015,0.01221096876338379
2019-07-06,287.547119140625,7674615025,-0.0015639333384408483
2019-07-07,305.7005615234375,8119724981,0.06313206140637617
2019-07-08,313.25140380859375,9078905628,0.024700125663908334
2019-07-09,308.8810119628906,10055159803,-0.013951707135440583
2019-07-10,290.0023193359375,11679985167,-0.061119628257438
2019-07-11,268.70404052734375,10216287022,-0.07344175335343406
2019-07-12,276.2767028808594,8148936015,0.028182167780781864
2019-07-13,269.45880126953125,6716829429,-0.02467780142239595
2019-07-14,227.57806396484375,8578339386,-0.1554253826832529
2019-07-15,229.7760009765625,9723674244,0.009657947578191495
2019-07-16,199.1886749267578,9036620494,-0.1331180189393436
2019-07-17,211.48497009277344,9387747640,0.06173189901753706
2019-07-18,226.566162109375,9327816059,0.07131094001614291
2019-07-19,221.3334197998047,7606433131,-0.023095868601261782
2019-07-20,229.1192169189453,7976245988,0.03517678047076145
2019-07-21,225.63076782226562,6685082868,-0.01522547581817979
2019-07-22,217.5600128173828,6338843919,-0.03576974489241791
2019-07-23,212.728515625,6976091534,-0.022207652637152187
2019-07-24,217.04637145996094,7168982843,0.02029749430759198
2019-07-25,219.6179962158203,6731281160,0.011848273429135636
2019-07-26,219.62960815429688,5729852178,5.287334679593414e-05
2019-07-27,207.40830993652344,6257703908,-0.05564503948478372
2019-07-28,211.18655395507812,5504887934,0.01821645439235775
2019-07-29,211.26805114746094,5485190664,0.0003859014262819205
2019-07-30,210.52259826660156,5489918859,-0.0035284695286892376
2019-07-31,218.65414428710938,6003828340,0.03862552565596866
2019-08-01,217.80844116210938,5965442642,-0.0038677662742561125
2019-08-02,217.87156677246094,6159440229,0.0002898216892548433
2019-08-03,222.49034118652344,5697798687,0.021199528155439573
2019-08-04,222.6697235107422,5238542572,0.0008062476926509188
2019-08-05,234.21502685546875,7765060287,0.05184945291482146
2019-08-06,226.02064514160156,7647742672,-0.03498657547247741
2019-08-07,226.39100646972656,7020342210,0.0016386172506186458
2019-08-08,220.94186401367188,6713525644,-0.02406960656709367
2019-08-09,210.48890686035156,6964818795,-0.04731089420280021
2019-08-10,206.73353576660156,6584748527,-0.0178411829381655
2019-08-11,216.09286499023438,6440605605,0.045272428534281595
2019-08-12,211.28807067871094,5674315559,-0.022234858664771595
2019-08-13,208.70904541015625,5946313205,-0.012206203882075273
2019-08-14,186.6077423095703,7444456154,-0.1058952814294768
2019-08-15,188.50205993652344,8197244441,0.010151334577589877
2019-08-16,185.44007873535156,7133915837,-0.016243754589222892
2019-08-17,185.68768310546875,5512696513,0.0013352257602874396
2019-08-18,194.4935302734375,5969012024,0.04742289321886317
2019-08-19,203.09193420410156,6145148692,0.04420920283865293
2019-08-20,196.56541442871094,6408417610,-0.03213579013350509
2019-08-21,186.89163208007812,7775772700,-0.04921406126682193
2019-08-22,191.33291625976562,7569043874,0.02376395417096333
2019-08-23,194.70620727539062,6658162377,0.017630479279609146
2019-08-24,191.28956604003906,6249737982,-0.017547674946588154
2019-08-25,186.84239196777344,5826017143,-0.023248388107769413
2019-08-26,188.92938232421875,7207986636,0.011169790401769575
2019-08-27,187.51666259765625,6042327402,-0.007477501430339428
2019-08-28,173.8899688720703,6696604087,-0.072669241958641
2019-08-29,169.51673889160156,7129569083,-0.025149409185794447
2019-08-30,168.83486938476562,5776520220,-0.004022431715560382
2019-08-31,172.46978759765625,5830212249,0.021529428287748065
2019-09-01,171.62942504882812,5554799576,-0.004872520344192388
2019-09-02,178.34735107421875,6503447137,0.03914204119415654
2019-09-03,179.49932861328125,6962728938,0.0064591794165931304
2019-09-04,175.99288940429688,5938120494,-0.019534553338295457
2019-09-05,174.21713256835938,5589476516,-0.010089935121516014
2019-09-06,169.9561767578125,6797611878,-0.024457731267474303
2019-09-07,178.2626190185547,6791531342,0.04887402399371976
2019-09-08,181.35552978515625,6472677266,0.017350304756150958
2019-09-09,181.1494598388672,7232938985,-0.0011362760569428865
2019-09-10,179.78717041015625,6291476772,-0.007520251122596244
2019-09-11,178.72549438476562,7157139035,-0.0059051823496002465
2019-09-12,181.01609802246094,5838605477,0.012816322850751405
2019-09-13,181.10972595214844,5955041237,0.0005172353769105076
2019-09-14,188.1055145263672,6500686511,0.03862734890376407
2019-09-15,189.78912353515625,6222874780,0.00895034371016834
2019-09-16,197.11317443847656,8242029488,0.0385904669714312
2019-09-17,208.60874938964844,10232590812,0.05831966830182567
2019-09-18,211.39303588867188,9194634557,0.013346930592172068
2019-09-19,221.28085327148438,10620070913,0.04677456540252267
2019-09-20,218.050048828125,8027974273,-0.014600469925861947
2019-09-21,215.51620483398438,7743309778,-0.011620469739669237
2019-09-22,211.54537963867188,7812854576,-0.018424717521224432
2019-09-23,201.9213104248047,7494673136,-0.04549411209219267
2019-09-24,168.11073303222656,11757739233,-0.1674443243333108
2019-09-25,170.8927001953125,9766632018,0.01654842087062125
2019-09-26,166.7271270751953,7848286154,-0.024375371887484842
2019-09-27,174.71099853515625,7909313625,0.047885857568697565
2019-09-28,174.57289123535156,6895423445,-0.0007904900147250871
2019-09-29,170.50347900390625,6497088199,-0.023310676718752976
2019-09-30,179.87220764160156,7552915148,0.054947433873068885
2019-10-01,177.34042358398438,7676276225,-0.014075459965787518
2019-10-02,180.71051025390625,6335595250,0.019003488329472074
2019-10-03,175.1993408203125,6381403725,-0.03049722689538259
2019-10-04,176.98500061035156,6248928449,0.010192160436667708
2019-10-05,176.3515167236328,5837211771,-0.0035793083285821092
2019-10-06,173.05914306640625,5852890674,-0.01866938100898885
2019-10-07,181.18634033203125,7844316834,0.046961964110191046
2019-10-08,182.0215606689453,7466282780,0.004609731260002858
2019-10-09,193.2932586669922,9088122101,0.06192507061593355
2019-10-10,191.65966796875,8375913276,-0.00845135888084203
2019-10-11,182.56968688964844,9128522970,-0.047427720059411094
2019-10-12,180.82664489746094,7494328840,-0.009547269439318606
2019-10-13,182.0751495361328,6733182273,0.006904428489395764
2019-10-14,186.96090698242188,7276520699,0.02683374122573201
2019-10-15,181.40606689453125,7731456579,-0.02971123844843615
2019-10-16,176.0135040283203,7691244590,-0.029726474745445763
2019-10-17,178.02835083007812,6737237423,0.01144711488405803
2019-10-18,173.621337890625,7566257807,-0.024754556894477253
2019-10-19,172.91302490234375,6551453871,-0.004079642496059188
2019-10-20,175.5343780517578,6801091120,0.01515995195211306
2019-10-21,174.92098999023438,6815820627,-0.003494404163625231
2019-10-22,172.3008575439453,6990951966,-0.014978948189324437
2019-10-23,162.4027862548828,9624925919,-0.057446442404025744
2019-10-24,162.16854858398438,7300917537,-0.0014423254446559453
2019-10-25,181.52320861816406,10358594018,0.11934903656214346
2019-10-26,179.83547973632812,13831784986,-0.009297592823990342
2019-10-27,184.24221801757812,10815941952,0.02450427628469698
2019-10-28,182.66281127929688,10406734124,-0.008572447483945034
2019-10-29,190.3425750732422,10622761958,0.04204338989507139
2019-10-30,184.69216918945312,10484902804,-0.029685454668325395
2019-10-31,183.9669189453125,9607939606,-0.003926805599411609
2019-11-01,183.9698944091797,9145611130,1.617390715802358e-05
2019-11-02,183.92572021484375,8087991830,-0.0002401164303420522
2019-11-03,182.42501831054688,8760247744,-0.008159282467639084
2019-11-04,186.35519409179688,10551917945,0.02154406132255149
2019-11-05,189.30416870117188,10024177342,0.01582448304565287
2019-11-06,191.59384155273438,10156458684,0.012095205653800845
2019-11-07,187.97654724121094,9081247799,-0.018880013481685
2019-11-08,184.2114715576172,9176780911,-0.02002949697103662
2019-11-09,185.02871704101562,7277418704,0.0044364527164793
2019-11-10,189.47727966308594,8752784211,0.024042552384364146
2019-11-11,185.48963928222656,7877424106,-0.021045480428840246
2019-11-12,186.84341430664062,7792186666,0.0072983862044944114
2019-11-13,188.2587432861328,7343173596,0.0075749471007278135
2019-11-14,185.9996337890625,7872664470,-0.012000024315665936
2019-11-15,180.52117919921875,8815678477,-0.029454114926144026
2019-11-16,183.34835815429688,6789888120,0.01566120367493351
2019-11-17,185.11923217773438,7364325471,0.009658521304822587
2019-11-18,180.55960083007812,7787662111,-0.02463078143754671
2019-11-19,177.45555114746094,7536699743,-0.017191274617063157
2019-11-20,175.69834899902344,7205785149,-0.0099022100862729
2019-11-21,161.4627227783203,8546371325,-0.08102310751242314
2019-11-22,150.26817321777344,12020749863,-0.06933209949590902
2019-11-23,153.41778564453125,8289198330,0.020959943541692505
2019-11-24,142.83470153808594,7782769098,-0.06898212004549653
2019-11-25,146.47653198242188,10962753356,0.025496818386005815
2019-11-26,148.96507263183594,7648516297,0.016989347137961408
2019-11-27,153.01055908203125,8778095308,0.027157281762240082
2019-11-28,151.7175750732422,7346531960,-0.008450292689250793
2019-11-29,155.3041534423828,7503898278,0.023639834524175507
2019-11-30,152.53968811035156,6565950868,-0.017800330968333444
2019-12-01,151.18572998046875,7102780298,-0.008876103961241388
2019-12-02,149.0591583251953,6670561362,-0.014065954872514497
2019-12-03,147.9564208984375,6204379850,-0.007397985062762902
2019-12-04,146.74774169921875,7865937094,-0.008169156781971831
2019-12-05,149.24899291992188,6745910228,0.01704456362830986
2019-12-06,149.19444274902344,6458766441,-0.0003654977486361455
2019-12-07,148.76815795898438,5911233284,-0.0028572430861661946
2019-12-08,151.2647247314453,6441727252,0.016781593633425462
2019-12-09,148.2251739501953,6744206747,-0.020094247265159848
2019-12-10,146.2670440673828,6859512025,-0.013210508246530694
2019-12-11,143.60800170898438,7037180049,-0.018179367576290573
2019-12-12,145.60400390625,7890383413,0.013898962268902304
2019-12-13,144.9447479248047,7264810247,-0.004527732505692494
2019-12-14,142.86923217773438,7048066973,-0.014319358078066169
2019-12-15,143.114990234375,7235153411,0.001720160827454409
2019-12-16,133.61402893066406,8992282119,-0.06638690530007729
2019-12-17,122.60388946533203,9057166141,-0.08240257069896073
2019-12-18,133.09219360351562,11864518321,0.08554625945328853
2019-12-19,129.32113647460938,9564699140,-0.028334172176471162
2019-12-20,129.06605529785156,8173594150,-0.0019724631542183957
2019-12-21,128.13095092773438,7449064703,-0.007245161153792146
2019-12-22,132.3725128173828,9121058481,0.0331033357587478
2019-12-23,128.6140899658203,9622497693,-0.028392774085564954
2019-12-24,129.0638885498047,7961819689,0.003497272997879941
2019-12-25,126.45463562011719,8418019054,-0.020216754345508625
2019-12-26,126.36122131347656,8600871980,-0.0007387179298136148
2019-12-27,127.21460723876953,8299390176,0.006753542870370666
2019-12-28,128.3227081298828,8069298610,0.008710484708988497
2019-12-29,134.7579803466797,9708776786,0.05014913034942636
2019-12-30,132.63348388671875,9796951716,-0.0157652738227112
2019-12-31,129.61085510253906,8936866397,-0.02278933415306572
2020-01-01,130.802001953125,7935230330,0.009190178165583207
2020-01-02,127.4101791381836,8032709256,-0.025930970201487602
2020-01-03,134.1717071533203,10476845358,0.053068978168561154
2020-01-04,135.06936645507812,7430904515,0.0066903769863495555
2020-01-05,136.2767791748047,7526675353,0.008939204731726713
2020-01-06,144.3041534423828,9093747121,0.05890493095145177
2020-01-07,143.5439910888672,9257954672,-0.005267778753292318
2020-01-08,141.2581329345703,9387194957,-0.015924443349786155
2020-01-09,138.9792022705078,7697325348,-0.016133093484380745
2020-01-10,143.96377563476562,9084816203,0.03586560638444225
2020-01-11,142.92710876464844,9332208590,-0.007200886928300676
2020-01-12,145.87393188476562,8528167453,0.0206176641057616
2020-01-13,144.22659301757812,8378529470,-0.01129289411687917
2020-01-14,165.95535278320312,16712318373,0.15065709666300386
2020-01-15,166.23068237304688,15173694057,0.0016590582058744197
2020-01-16,164.39100646972656,13735193018,-0.01106700566380281
2020-01-17,170.7799530029297,14997091826,0.038864331269726105
2020-01-18,175.3656768798828,14929342256,0.02685165206055795
2020-01-19,166.9698486328125,13713374132,-0.047876120324395366
2020-01-20,167.12051391601562,11144529787,0.0009023502412968121
2020-01-21,169.69715881347656,9789369362,0.01541788519604359
2020-01-22,168.29415893554688,9209827928,-0.008267668638293424
2020-01-23,162.92855834960938,10396868698,-0.03188227458323378
2020-01-24,163.05117797851562,10657671162,0.0007525975197246737
2020-01-25,161.283935546875,8256956802,-0.01083857506306074
2020-01-26,168.0771026611328,9261861590,0.04211930401638453
2020-01-27,170.93089294433594,11004476145,0.016979054481661038
2020-01-28,176.3703155517578,11772875064,0.03182234945202822
2020-01-29,175.0503387451172,10725267311,-0.007484121137455557
2020-01-30,184.6904754638672,12604789338,0.05507065446349446
2020-01-31,180.16017150878906,11728616394,-0.02452916937757532
2020-02-01,183.6739501953125,11569697182,0.019503637552609865
2020-02-02,188.61753845214844,14054425389,0.026915021164291897
2020-02-03,189.8650665283203,12392875241,0.006614061907548319
2020-02-04,189.25059509277344,11714191695,-0.00323635857181348
2020-02-05,204.23023986816406,14865434435,0.07915243155799523
2020-02-06,212.33908081054688,16425589683,0.03970440884570903
2020-02-07,222.72605895996094,16673443564,0.04891694034731886
2020-02-08,223.14651489257812,16741203125,0.0018877716176568526
2020-02-09,228.5785675048828,15031356241,0.02434298655714895
2020-02-10,223.522705078125,16210008511,-0.02211870728715548
2020-02-11,235.8511962890625,16964695963,0.055155431331365135
2020-02-12,265.4061279296875,24545049386,0.12531177329455678
2020-02-13,268.0992431640625,25801317504,0.010147147902660691
2020-02-14,284.2174987792969,23558253463,0.060120481598565645
2020-02-15,264.72857666015625,23682452994,-0.06857045116097638
2020-02-16,259.89471435546875,25152366643,-0.018259692118138604
2020-02-17,266.3634338378906,26024080089,0.02488976929932618
2020-02-18,281.944580078125,26511477187,0.05849581534422277
2020-02-19,259.76397705078125,22679414413,-0.07867008126631714
2020-02-20,257.949462890625,23229828870,-0.006985241682689214
2020-02-21,265.6006164550781,20867593292,0.029661444062387243
2020-02-22,262.33172607421875,16906032862,-0.012307540639357906
2020-02-23,273.754150390625,19585998814,0.04354190965516169
2020-02-24,265.2164306640625,22400845640,-0.031187544424001845
2020-02-25,247.81759643554688,21878882134,-0.06560239946277657
2020-02-26,225.68026733398438,26235617201,-0.08932912521133274
2020-02-27,226.75338745117188,25645522790,0.0047550462867866905
2020-02-28,226.760498046875,22563530559,3.135827774425337e-05
2020-02-29,219.8485107421875,18181296376,-0.030481443479889903
2020-03-01,218.97059631347656,18179807469,-0.003993269846346403
2020-03-02,230.5697784423828,20305587789,0.05297141408109862
2020-03-03,224.47962951660156,19853178572,-0.026413474337024234
2020-03-04,224.51797485351562,16567075208,0.00017081878207236834
2020-03-05,229.2681884765625,18201291785,0.02115738673549905
2020-03-06,243.52529907226562,19374772256,0.06218529788383864
2020-03-07,237.85308837890625,19431652027,-0.023292079775564356
2020-03-08,200.68905639648438,21381823651,-0.15624784288366522
2020-03-09,201.986328125,23645428606,0.006464088036532978
2020-03-10,200.76724243164062,18344930072,-0.0060354861869905685
2020-03-11,194.8685302734375,16984790291,-0.029380849618490856
2020-03-12,112.34712219238281,22134741655,-0.42347221465293294
2020-03-13,133.20181274414062,27864623061,0.18562727860573336
2020-03-14,123.30602264404297,12740784545,-0.07429170741922175
2020-03-15,125.21430206298828,12719251813,0.015475962795865161
2020-03-16,110.60587310791016,15984904590,-0.1166674150987117
2020-03-17,113.9427490234375,12087490572,0.030169066268947553
2020-03-18,114.84226989746094,11617854009,0.007894498612091683
2020-03-19,136.59385681152344,16396753275,0.1894040141620661
2020-03-20,132.73716735839844,18960388062,-0.02823472111521519
2020-03-21,132.81871032714844,13684083308,0.0006143190364296114
2020-03-22,123.32115173339844,12497707224,-0.07150768570449428
2020-03-23,134.91160583496094,14149877968,0.09398593784316334
2020-03-24,138.76144409179688,14609068673,0.028536004986446484
2020-03-25,136.19589233398438,13433092920,-0.01848893815284358
2020-03-26,138.36155700683594,11367261176,0.015901101242766114
2020-03-27,133.9379425048828,11396286629,-0.031971413141401506
2020-03-28,130.9864959716797,12162403960,-0.022035925578709925
2020-03-29,125.58373260498047,9938133669,-0.04124672033266197
2020-03-30,132.904541015625,11841123306,0.05829424129056493
2020-03-31,133.59356689453125,11065246317,0.005184366716448396
2020-04-01,135.63455200195312,12456564435,0.01527757028175758
2020-04-02,142.02914428710938,15322861686,0.047145747088574996
2020-04-03,142.09130859375,13184603402,0.0004376869758151436
2020-04-04,145.21939086914062,11946658257,0.02201459263306571
2020-04-05,143.54664611816406,11280993591,-0.011518742372937596
2020-04-06,169.13587951660156,21636382525,0.17826423737809294
2020-04-07,165.10194396972656,21659346091,-0.023850264996428838
2020-04-08,172.64173889160156,17063110836,0.045667511481618295
2020-04-09,170.80714416503906,14901696210,-0.010626600139346465
2020-04-10,158.41244506835938,17980944616,-0.07256546063848213
2020-04-11,158.2160186767578,13555089447,-0.0012399681825301379
2020-04-12,161.14242553710938,15123721386,0.01849627417518529
2020-04-13,156.27955627441406,16465282133,-0.030177461003746964
2020-04-14,157.5963897705078,14723156630,0.008426140484949274
2020-04-15,153.28689575195312,14171753737,-0.02734513160377705
2020-04-16,172.15737915039062,22910469236,0.12310565300359055
2020-04-17,171.63858032226562,16714684266,-0.003013514905287895
2020-04-18,186.91400146484375,20160323443,0.08899759665861406
2020-04-19,181.61495971679688,19146038381,-0.02835015946648367
2020-04-20,172.2971649169922,21266681335,-0.05130521634525309
2020-04-21,172.73770141601562,16458767984,0.0025568412529346496
2020-04-22,182.59957885742188,17994666395,0.05709163292415953
2020-04-23,185.02867126464844,21275740032,0.013302836854422573
2020-04-24,189.2369384765625,16788555028,0.022743865494742277
2020-04-25,195.5153045654297,18260969748,0.0331772757444222
2020-04-26,197.31753540039062,18335367012,0.009217850433584918
2020-04-27,197.22471618652344,18670194595,-0.00047040529712094603
2020-04-28,198.41539001464844,18217507467,0.006037143067803674
2020-04-29,216.96823120117188,26397548759,0.09350505112105334
2020-04-30,207.60205078125,28089191904,-0.04316844161041067
2020-05-01,214.21910095214844,20816320834,0.03187372256679111
2020-05-02,215.32537841796875,18260876092,0.005164233538947682
2020-05-03,210.9331512451172,20469034664,-0.020398093365129433
2020-05-04,208.17401123046875,22602446422,-0.013080637151445917
2020-05-05,206.77439880371094,19004689099,-0.006723281251511781
2020-05-06,204.0557861328125,20343543799,-0.013147723734789785
2020-05-07,212.28941345214844,23594744655,0.04034988409481799
2020-05-08,212.9915771484375,20445139356,0.00330757754176636
2020-05-09,211.60012817382812,18950547549,-0.006532882629624592
2020-05-10,188.5995635986328,25211575193,-0.10869825445616221
2020-05-11,185.912841796875,20054601647,-0.014245641667949727
2020-05-12,189.3125,15899726284,0.018286301098228597
2020-05-13,199.1932830810547,17054662289,0.05219297764835762
2020-05-14,202.9490966796875,20150524861,0.018855121721672363
2020-05-15,195.62266540527344,16602342092,-0.03609984668213273
2020-05-16,200.6771240234375,15379081645,0.025837796493022314
2020-05-17,207.15869140625,15470397303,0.03229848650838507
2020-05-18,214.52505493164062,17411566928,0.035559036772175645
2020-05-19,213.45111083984375,14346192779,-0.005006147613569434
2020-05-20,210.09674072265625,12730175511,-0.015714933991157976
2020-05-21,199.88360595703125,13308321229,-0.04861158117206166
2020-05-22,207.169189453125,12041592114,0.036449129788362455
2020-05-23,208.69439697265625,10665476768,0.007362134898328376
2020-05-24,202.37034606933594,11833299572,-0.03030292616887509
2020-05-25,205.3197479248047,10415044124,0.014574278854364575
2020-05-26,201.90231323242188,10159741290,-0.016644452016541522
2020-05-27,208.86343383789062,10631034756,0.034477666422055187
2020-05-28,219.84042358398438,12212469604,0.05255582341240994
2020-05-29,220.6751251220703,12265816557,0.0037968519368642983
2020-05-30,242.34559631347656,15027397867,0.0982007880562834
2020-05-31,230.9757080078125,12234904813,-0.046916009527802616
2020-06-01,246.99176025390625,13951727936,0.06934085140049451
2020-06-02,237.21905517578125,13782107567,-0.03956692752858926
2020-06-03,244.1793212890625,9861760817,0.02934109196296908
2020-06-04,244.4263916015625,10170414304,0.0010118396234197746
2020-06-05,241.22198486328125,9293963914,-0.01310990485636565
2020-06-06,241.9313201904297,8114873845,0.0029405915366731428
2020-06-07,245.16725158691406,9544883157,0.013375413294720584
2020-06-08,246.30990600585938,8076783299,0.00466071390672762
2020-06-09,244.9114532470703,8446545788,-0.005677614763718863
2020-06-10,247.4449462890625,8792990206,0.01034452659686913
2020-06-11,231.70266723632812,12356528860,-0.06361931932262788
2020-06-12,237.4932098388672,8868955009,0.02499126432857568
2020-06-13,238.90884399414062,7141624980,0.005960735282637852
2020-06-14,234.1147003173828,7439385176,-0.020066832171668714
2020-06-15,229.9289093017578,10536099884,-0.017879231889114333
2020-06-16,234.41616821289062,7965648016,0.01951585350776286
2020-06-17,233.0282745361328,7701391592,-0.005920639720965681
2020-06-18,232.10116577148438,6713800872,-0.003978524779853165
2020-06-19,227.13829040527344,6946372590,-0.021382380177690008
2020-06-20,229.27426147460938,6252830566,0.009403835282570938
2020-06-21,228.9898223876953,5600408178,-0.0012406062725255351
2020-06-22,242.53318786621094,9079586552,0.05914396254513776
2020-06-23,244.14215087890625,6624530348,0.0066339911121064965
2020-06-24,235.7724609375,8815030025,-0.03428203573727662
2020-06-25,232.94448852539062,7010426122,-0.01199449842812228
2020-06-26,229.6680450439453,7187490226,-0.014065340211250277
2020-06-27,222.9597930908203,6918380955,-0.029208468909296514
2020-06-28,225.34716796875,6205925718,0.01070764753067932
2020-06-29,228.1948699951172,6726164653,0.012636955023823893
2020-06-30,226.31500244140625,6094093001,-0.008237992176384878
2020-07-01,231.11341857910156,6463737443,0.021202377597294486
2020-07-02,229.39219665527344,6212210566,-0.00744752050491182
2020-07-03,225.38706970214844,5109032700,-0.017459734949675898
2020-07-04,229.07411193847656,5228310135,0.016358712330749814
2020-07-05,227.6645965576172,5292172429,-0.006153097654430395
2020-07-06,241.51022338867188,8782917553,0.06081589777420948
2020-07-07,239.07553100585938,6441497597,-0.01008111519525301
2020-07-08,246.67001342773438,9892586411,0.03176603807977685
2020-07-09,243.01596069335938,8429099199,-0.014813526312331904
2020-07-10,240.9849853515625,7281370522,-0.008357374289335584
2020-07-11,239.4581756591797,5643067316,-0.006335704650459517
2020-07-12,242.13169860839844,6596394718,0.011164884814891307
2020-07-13,239.60458374023438,7787751468,-0.010436943542246335
2020-07-14,240.21148681640625,7357458555,0.0025329360010484248
2020-07-15,238.42352294921875,6189328448,-0.007443290455772633
2020-07-16,233.64088439941406,5832057567,-0.020059424047782937
2020-07-17,232.77308654785156,5859850529,-0.0037142380015947607
2020-07-18,235.4838104248047,5397402117,0.01164534919888971
2020-07-19,238.48751831054688,6251377305,0.01275547512299724
2020-07-20,236.15316772460938,5600686192,-0.009788145738083509
2020-07-21,245.0167236328125,6806696015,0.037533080727248036
2020-07-22,262.1906433105469,7702077383,0.07009284681918926
2020-07-23,274.6890563964844,10281309262,0.047669180441096026
2020-07-24,279.2154235839844,9466060358,0.01647814895460087
2020-07-25,304.0567626953125,10785021813,0.08896836282346765
2020-07-26,309.64361572265625,12003973026,0.018374375158832335
2020-07-27,321.51409912109375,15644257058,0.03833595396673628
2020-07-28,316.6572570800781,12357108065,-0.015106155699835644
2020-07-29,318.1908874511719,10878845706,0.004843187189946141
2020-07-30,334.5866394042969,11827689045,0.05152803741320544
2020-07-31,345.5546569824219,12030600492,0.032780799608892464
2020-08-01,385.19970703125,14045259477,0.11472873899322056
2020-08-02,370.6717224121094,18909744275,-0.037715461237258996
2020-08-03,386.295166015625,12834648062,0.042149003171452204
2020-08-04,389.87548828125,14086704221,0.009268358966418422
2020-08-05,401.590576171875,12875466638,0.030048280137513927
2020-08-06,394.9619445800781,11304626458,-0.016505944076137702
2020-08-07,379.5128479003906,12751687084,-0.03911540565284821
2020-08-08,393.98736572265625,9342060531,0.038139730716217235
2020-08-09,391.1204528808594,9451065592,-0.007276661870967205
2020-08-10,395.8875732421875,11685827893,0.01218836889304864
2020-08-11,380.3840637207031,12792218737,-0.039161394722536436
2020-08-12,391.024169921875,12408772745,0.027972008335723553
2020-08-13,428.7417907714844,18480303526,0.09645854080361627
2020-08-14,437.3978271484375,15064589987,0.020189392691058572
2020-08-15,433.35491943359375,12416067894,-0.009243090532024323
2020-08-16,433.78662109375,12168816874,0.0009961849763249209
2020-08-17,429.53125,13227089410,-0.009809825584340293
2020-08-18,423.6693115234375,11978984079,-0.013647292197162653
2020-08-19,406.4637756347656,13137391167,-0.04061076745635395
2020-08-20,416.4397888183594,10043032427,0.024543424978067163
2020-08-21,389.1263427734375,11781796374,-0.06558798361324525
2020-08-22,395.83514404296875,10131847985,0.017240676181713432
2020-08-23,391.3844909667969,8137303970,-0.011243703706330654
2020-08-24,408.1441955566406,10328860398,0.04282158587440188
2020-08-25,384.00103759765625,12428442042,-0.05915350070348824
2020-08-26,386.46612548828125,9967343483,0.006419482369232066
2020-08-27,382.63262939453125,10457777652,-0.00991935862142268
2020-08-28,395.8746643066406,9120674421,0.034607699121382396
2020-08-29,399.9214782714844,8777703481,0.010222462637086371
2020-08-30,428.3957214355469,11211948040,0.07119958469630605
2020-08-31,435.0797424316406,12774741797,0.015602445733341463
2020-09-01,477.0519104003906,18862763756,0.09647005795804109
2020-09-02,440.0404968261719,19691854014,-0.07758361882075893
2020-09-03,385.67193603515625,19622845896,-0.123553539238214
2020-09-04,388.24114990234375,16747106257,0.006661656260499305
2020-09-05,335.26007080078125,29880047640,-0.13646435756459385
2020-09-06,353.3622741699219,27643678917,0.053994510368928994
2020-09-07,352.6734924316406,21763614732,-0.0019492226211732522
2020-09-08,337.60211181640625,17991403432,-0.04273465666874776
2020-09-09,351.1100158691406,14547933520,0.04001131385125989
2020-09-10,368.1018981933594,31421134556,0.04839475251697656
2020-09-11,374.6955871582031,27296269329,0.01791267308646205
2020-09-12,387.18310546875,13295405814,0.03332710268956118
2020-09-13,365.57000732421875,15005899191,-0.05582138745017029
2020-09-14,377.26885986328125,17536695361,0.03200167493140915
2020-09-15,364.8392028808594,16140584321,-0.0329464164811436
2020-09-16,365.8122863769531,16107612177,0.002667157170638479
2020-09-17,389.01922607421875,19899531080,0.06343947582272258
2020-09-18,384.3645324707031,14108357740,-0.011965201952840232
2020-09-19,385.54437255859375,11049507684,0.003069586260487034
2020-09-20,371.0528259277344,12292195784,-0.03758723421298804
2020-09-21,341.78607177734375,17398267133,-0.07887489895061617
2020-09-22,344.503173828125,12732578043,0.00794971555350954
2020-09-23,321.1163024902344,12899346599,-0.06788579355602253
2020-09-24,349.3555908203125,15714304470,0.08794099866959249
2020-09-25,352.1832580566406,14381086966,0.008093951580075087
2020-09-26,355.48809814453125,13049148579,0.009383864826871147
2020-09-27,357.4385070800781,13598126926,0.005486566064312859
2020-09-28,355.159423828125,14258455166,-0.006376154798124589
2020-09-29,359.75738525390625,11600013236,0.012946190125610713
2020-09-30,359.9378662109375,11818610610,0.0005016740848944323
2020-10-01,353.2059020996094,14679481911,-0.01870312835433363
2020-10-02,346.2389221191406,14215390463,-0.01972498177140869
2020-10-03,346.5220947265625,10060167889,0.0008178531913418663
2020-10-04,352.5790100097656,10696959020,0.017479160421163265
2020-10-05,353.956787109375,11809507622,0.003907711634822508
2020-10-06,340.81585693359375,12830796112,-0.03712580364145024
2020-10-07,341.80865478515625,11929918060,0.0029130036979352347
2020-10-08,350.7661437988281,13461017711,0.02620615039517382
2020-10-09,365.5904846191406,13043501763,0.042262747082040475
2020-10-10,370.96759033203125,13618484324,0.014708002366342399
2020-10-11,375.1420593261719,12584512533,0.011252921017721018
2020-10-12,387.73126220703125,15867455424,0.033558494889834645
2020-10-13,381.1907653808594,14226744838,-0.01686863418993423
2020-10-14,379.4840393066406,13918846567,-0.0044773541995790644
2020-10-15,377.44183349609375,14964182545,-0.005381532815657342
2020-10-16,366.22900390625,14670784817,-0.02970743726519065
2020-10-17,368.8559265136719,10951115359,0.0071728961371237965
2020-10-18,378.21368408203125,11047103109,0.025369682024107387
2020-10-19,379.93560791015625,12811242092,0.004552780347713448
2020-10-20,369.13690185546875,13741586582,-0.02842246378033897
2020-10-21,392.1899719238281,20241324322,0.06245127472350509
2020-10-22,413.7729797363281,15772846485,0.055032023655851914
2020-10-23,409.7666931152344,14256222052,-0.009682330208334755
2020-10-24,412.4576110839844,12201739194,0.006566951423729428
2020-10-25,406.2177734375,10890207469,-0.015128433756102622
2020-10-26,393.8883056640625,15155684229,-0.030351866854822607
2020-10-27,403.9970397949219,13940434102,0.025663961040470307
2020-10-28,388.6507568359375,15276441134,-0.037986127241859236
2020-10-29,386.7301025390625,12920477749,-0.004941851425972588
2020-10-30,382.8199768066406,13688056970,-0.010110735385608915
2020-10-31,386.59033203125,11276963426,0.009848898837674147
2020-11-01,396.3581848144531,10475146018,0.02526667630791546
2020-11-02,383.15673828125,13997574252,-0.033306859903456054
2020-11-03,387.6021728515625,12588494762,0.011602130737028649
2020-11-04,402.1419982910156,15126077675,0.03751223924387381
2020-11-05,414.0673522949219,15440711038,0.02965458483467409
2020-11-06,454.71929931640625,16738305610,0.0981771366329065
2020-11-07,435.713134765625,18873289788,-0.04179757617359503
2020-11-08,453.5547790527344,11292383601,0.040948144234179695
2020-11-09,444.1630554199219,13704320630,-0.02070692244149086
2020-11-10,449.67962646484375,12090381666,0.01242014836129579
2020-11-11,462.9605407714844,14075403511,0.029534169495399443
2020-11-12,461.0052795410156,12877327234,-0.004223386354289427
2020-11-13,474.6264343261719,13191505725,0.029546635124694687
2020-11-14,460.14984130859375,10312037942,-0.030501025586850417
2020-11-15,447.55908203125,10308617165,-0.027362302769762148
2020-11-16,459.9403076171875,11441239444,0.027663890831452376
2020-11-17,480.3600769042969,14593057877,0.044396563964784974
2020-11-18,479.48406982421875,17880199224,-0.001823646722940775
2020-11-19,471.63043212890625,12473929218,-0.016379350617824917
2020-11-20,509.74456787109375,18629943296,0.08081356321758748
2020-11-21,549.4866333007812,20757099184,0.07796466688339021
2020-11-22,558.068115234375,21967049601,0.015617271492200935
2020-11-23,608.4540405273438,27272302872,0.09028633587462331
2020-11-24,603.8977661132812,23281758100,-0.007488280314670304
2020-11-25,570.6866455078125,20088492893,-0.05499460748003315
2020-11-26,518.8011474609375,31104004592,-0.09091766638538712
2020-11-27,517.4937133789062,16831105703,-0.0025201063807008817
2020-11-28,538.2297973632812,14770243833,0.04007021428140933
2020-11-29,575.758056640625,15017517758,0.06972534679646114
2020-11-30,614.842529296875,20276867833,0.06788350107386454
2020-12-01,587.3241577148438,27178964465,-0.04475677961558855
2020-12-02,598.3523559570312,16883292129,0.018777021338771238
2020-12-03,616.708740234375,16146190946,0.030678218435329363
2020-12-04,569.3541870117188,16337589997,-0.07678592848328947
2020-12-05,596.595458984375,13498010566,0.047845914887590935
2020-12-06,601.9089965820312,11290893016,0.008906433191264718
2020-12-07,591.8433837890625,10720480962,-0.01672281499383932
2020-12-08,554.8277587890625,14398919320,-0.06254293959158741
2020-12-09,573.4791259765625,15855915840,0.033616499701109914
2020-12-10,559.6785278320312,11672582040,-0.024064691319026776
2020-12-11,545.79736328125,11098819124,-0.024802031631535493
2020-12-12,568.5673217773438,8534557897,0.041718703731370654
2020-12-13,589.6632080078125,9070377862,0.037103585490145585
2020-12-14,586.0111694335938,8125837102,-0.006193431308962327
2020-12-15,589.3555908203125,9326645840,0.005707094951707736
2020-12-16,636.1818237304688,15817248373,0.07945327683237835
2020-12-17,642.8689575195312,25479532147,0.010511356250089365
2020-12-18,654.8119506835938,15756303983,0.018577647939548747
2020-12-19,659.2979125976562,12830893778,0.006850763657229253
2020-12-20,638.2908325195312,13375855442,-0.03186280386564
2020-12-21,609.81787109375,14419493621,-0.04460813155249255
2020-12-22,634.8541870117188,14745890080,0.04105539884074627
2020-12-23,583.714599609375,15261413038,-0.0805532804990381
2020-12-24,611.607177734375,14317413703,0.04778461622112218
2020-12-25,626.4107055664062,13520927700,0.02420430689984565
2020-12-26,635.8358154296875,14761125202,0.015046214535492375
2020-12-27,682.642333984375,26093552821,0.07361415859069909
2020-12-28,730.3973388671875,24222565862,0.06995611391998069
2020-12-29,731.5201416015625,18710683199,0.0015372492130329984
2020-12-30,751.6189575195312,17294574210,0.027475410142453693
2020-12-31,737.8034057617188,13926846861,-0.018381058140691575
2021-01-01,730.3675537109375,13652004358,-0.010078365039673964
2021-01-02,774.5349731445312,19740771179,0.06047286631119175
2021-01-03,975.5076904296875,45200463368,0.2594753293956862
2021-01-04,1040.2330322265625,56945985763,0.06635041674388553
2021-01-05,1100.006103515625,41535932781,0.057461231702209625
2021-01-06,1207.1121826171875,44699914188,0.09736862255513934
2021-01-07,1225.6781005859375,40468027280,0.015380441218393326
2021-01-08,1224.1971435546875,44334826666,-0.0012082756724967059
2021-01-09,1281.0772705078125,33233105361,0.04646320835871487
2021-01-10,1262.2467041015625,40616938053,-0.014699009060386903
2021-01-11,1090.1453857421875,60733630300,-0.13634523092842832
2021-01-12,1043.4345703125,37494601692,-0.0428482439504031
2021-01-13,1130.7393798828125,30109792795,0.08367061246989871
2021-01-14,1218.4530029296875,33410915929,0.07757191852287426
2021-01-15,1171.8345947265625,35972039310,-0.03826032525754719
2021-01-16,1233.53759765625,32319240157,0.052655044668727724
2021-01-17,1230.1722412109375,29258032819,-0.0027282155417935883
2021-01-18,1257.279541015625,25817455560,0.02203536943575002
2021-01-19,1377.2958984375,47195935190,0.09545717838129009
2021-01-20,1382.2740478515625,46784030909,0.00361443711529974
2021-01-21,1121.5709228515625,45932464754,-0.18860451399286926
2021-01-22,1236.51220703125,43918338506,0.1024824037765284
2021-01-23,1230.9906005859375,27253895441,-0.004465468609136769
2021-01-24,1391.609375,36418163554,0.13047928581876245
2021-01-25,1324.414794921875,43565777745,-0.04828551839708972
2021-01-26,1357.05810546875,41572917750,0.0246473466409749
2021-01-27,1253.1871337890625,39394416990,-0.07654128534445381
2021-01-28,1332.4921875,34637234789,0.06328269064744974
2021-01-29,1382.5228271484375,53611955259,0.03754666640282833
2021-01-30,1376.115478515625,30616574234,-0.004634533699547028
2021-01-31,1314.9862060546875,25198853581,-0.04442161534791822
2021-02-01,1369.04052734375,29210670920,0.041106378941601296
2021-02-02,1515.1937255859375,45437142801,0.10675593258422955
2021-02-03,1660.9095458984375,41874566399,0.09616976222373852
2021-02-04,1594.7626953125,44396871836,-0.03982567909810919
2021-02-05,1718.65087890625,40108628454,0.07768440029221635
2021-02-06,1677.8468017578125,39873420648,-0.023741923184774527
2021-02-07,1614.227783203125,39889440151,-0.03791706041817189
2021-02-08,1746.6168212890625,48012285956,0.08201385173983122
2021-02-09,1768.0350341796875,44180727529,0.012262685569933707
2021-02-10,1744.243408203125,41916084617,-0.01345653537210656
2021-02-11,1783.7979736328125,36021495262,0.022677205052725746
2021-02-12,1843.5325927734375,37905036865,0.03348732312940794
2021-02-13,1814.10986328125,35359490535,-0.015959972504702824
2021-02-14,1805.0841064453125,31439114900,-0.004975308838028325
2021-02-15,1779.791015625,38955610883,-0.014012139783403876
2021-02-16,1781.0675048828125,34269369268,0.0007172130023165302
2021-02-17,1848.458251953125,35955412703,0.03783727842182305
2021-02-18,1937.44921875,28255902969,0.04814334686912458
2021-02-19,1960.164794921875,26268814253,0.0117244756414987
2021-02-20,1919.5340576171875,34696091102,-0.02072822520328288
2021-02-21,1935.60107421875,23626547717,0.00837026909619265
2021-02-22,1781.992919921875,42409646036,-0.0793594074434344
2021-02-23,1570.2039794921875,52029864713,-0.11884948478862234
2021-02-24,1626.57568359375,31329000537,0.03590087965500732
2021-02-25,1475.7037353515625,24481681873,-0.09275433646521236
2021-02-26,1446.03369140625,31435997881,-0.02010569143015961
2021-02-27,1459.97314453125,20742103233,0.009639784472410318
2021-02-28,1416.0489501953125,27637026080,-0.03008561801322729
2021-03-01,1564.7076416015625,24032838645,0.10498132242232572
2021-03-02,1492.6087646484375,22523669722,-0.046078177824534605
2021-03-03,1575.8531494140625,22674780680,0.055771067902868676
2021-03-04,1541.914306640625,22906118718,-0.02153680549869552
2021-03-05,1533.2750244140625,21067146937,-0.005602958730816177
2021-03-06,1654.7415771484375,22746262366,0.07922032955620151
2021-03-07,1723.15380859375,23809935410,0.04134315133557287
2021-03-08,1834.7279052734375,27630991158,0.06474993475523938
2021-03-09,1868.048828125,23461244507,0.01816123402047265
2021-03-10,1799.166259765625,25154173185,-0.03687407273423038
2021-03-11,1826.1949462890625,24013132909,0.015022895397648561
2021-03-12,1772.1024169921875,22435821312,-0.02962034771084776
2021-03-13,1924.6854248046875,25014689475,0.08610281570039335
2021-03-14,1854.5643310546875,19344589211,-0.036432495849089586
2021-03-15,1791.7022705078125,26244738810,-0.03389586410902523
2021-03-16,1806.9718017578125,23828509590,0.008522359714190797
2021-03-17,1823.4493408203125,24512917348,0.009118868953279069
2021-03-18,1782.8551025390625,23263845504,-0.022262334013067764
2021-03-19,1817.6241455078125,21249297710,0.019501889367920855
2021-03-20,1812.6346435546875,22677674970,-0.00274506804140795
2021-03-21,1788.217041015625,22977404620,-0.013470780019506856
2021-03-22,1691.333984375,23599296129,-0.0541785781135381
2021-03-23,1678.650146484375,21998237965,-0.0074993100167096705
2021-03-24,1593.4134521484375,31228051473,-0.050776926040515424
2021-03-25,1595.3592529296875,29650328701,0.0012211524752892
2021-03-26,1702.842041015625,22548516548,0.06737215325548651
2021-03-27,1716.49462890625,18102277710,0.008017530435460829
2021-03-28,1691.35595703125,16599472938,-0.014645354230451879
2021-03-29,1819.6849365234375,22796570548,0.07587343099405097
2021-03-30,1846.03369140625,22512781703,0.014479844479645232
2021-03-31,1918.362060546875,30226902621,0.039180416629085224
2021-04-01,1977.27685546875,30914259795,0.03071098836529318
2021-04-02,2143.2255859375,34862511022,0.08392791834374091
2021-04-03,2028.4224853515625,32011518871,-0.053565570203716883
2021-04-04,2093.122802734375,26006501902,0.031896864607867226
2021-04-05,2107.88720703125,28889391170,0.007053768788714887
2021-04-06,2118.37890625,29222865881,0.004977353239657756
2021-04-07,1971.0772705078125,36116271935,-0.06953507481952037
2021-04-08,2088.57373046875,25312956529,0.059610275923209555
2021-04-09,2072.10888671875,19812472092,-0.007883295432574822
2021-04-10,2135.942138671875,24986243611,0.030805935133171092
2021-04-11,2157.656982421875,19692836132,0.010166400745060589
2021-04-12,2139.353271484375,21727936609,-0.008483142170705449
2021-04-13,2299.187744140625,29456642939,0.07471158447120319
2021-04-14,2435.10498046875,35592822986,0.05911532743444026
2021-04-15,2519.1162109375,32325606817,0.03450004461515177
2021-04-16,2431.946533203125,36196928256,-0.034603277671709454
2021-04-17,2344.89501953125,32349808978,-0.03579499486660964
2021-04-18,2237.136962890625,50696368718,-0.04595432023313606
2021-04-19,2166.188720703125,34060654971,-0.03171385720426667
2021-04-20,2330.2109375,39433483315,0.07571926454479683
2021-04-21,2364.751708984375,38899067643,0.014823023499079602
2021-04-22,2403.53515625,53575904724,0.016400642451499525
2021-04-23,2363.586181640625,55413933925,-0.01662092376951263
2021-04-24,2211.625732421875,31854226936,-0.06429232426518516
2021-04-25,2316.0595703125,31814355546,0.047220393740067035
2021-04-26,2534.481689453125,35208325408,0.09430764300727978
2021-04-27,2662.865234375,32275969215,0.050654753378619466
2021-04-28,2746.380126953125,34269031076,0.03136279354284577
2021-04-29,2756.876953125,32578127990,0.003822058741562495
2021-04-30,2773.20703125,29777179889,0.005923397526498064
2021-05-01,2945.892822265625,28726205272,0.062269347030246225
2021-05-02,2952.05615234375,28032013047,0.0020921772956372653
2021-05-03,3431.086181640625,49174290212,0.16226995848861292
2021-05-04,3253.62939453125,62402045158,-0.051720294307653125
2021-05-05,3522.783203125,48334198383,0.08272417536125909
2021-05-06,3490.88037109375,44300394788,-0.00905614401787469
2021-05-07,3484.72900390625,39607240515,-0.0017621248893077146
2021-05-08,3902.647705078125,50208491286,0.11992860871057798
2021-05-09,3928.8447265625,50568290278,0.006712627801450655
2021-05-10,3952.2939453125,62691789007,0.005968476837850734
2021-05-11,4168.701171875,52679737865,0.05475484100041772
2021-05-12,3785.8486328125,69023382175,-0.09183976573938502
2021-05-13,3715.1484375,78398214539,-0.0186748605582725
2021-05-14,4079.057373046875,48174271215,0.09795273100628976
2021-05-15,3638.1220703125,42422321751,-0.10809735250304064
2021-05-16,3587.506103515625,47359478734,-0.013912663131868785
2021-05-17,3282.397705078125,54061732774,-0.08504749250140786
2021-05-18,3380.070068359375,40416525218,0.029756407375664207
2021-05-19,2460.67919921875,84482912776,-0.2720034941722024
2021-05-20,2784.294189453125,67610826680,0.13151449824793127
2021-05-21,2430.621337890625,53774070802,-0.12702423935739582
2021-05-22,2295.70556640625,42089937660,-0.05550670085100928
2021-05-23,2109.579833984375,56005721977,-0.08107561141354924
2021-05-24,2643.591064453125,53697121740,0.2531362984543515
2021-05-25,2706.62890625,49558333256,0.023845534449147276
2021-05-26,2888.69873046875,42499766020,0.06726811488576234
2021-05-27,2736.488525390625,33373635283,-0.052691616288219056
2021-05-28,2419.90625,39999114805,-0.115689239130076
2021-05-29,2279.51416015625,33773720220,-0.05801550776760467
2021-05-30,2390.305419921875,25876619428,0.048603014494119634
2021-05-31,2714.9453125,31007383150,0.1358152351044477
2021-06-01,2633.518310546875,27363223090,-0.0299921333878157
2021-06-02,2706.125,27723267359,0.027570223894910928
2021-06-03,2855.12646484375,30038207402,0.05506082122730849
2021-06-04,2688.195068359375,34173841611,-0.05846725128986907
2021-06-05,2630.576904296875,30496672724,-0.021433773441770665
2021-06-06,2715.0927734375,25311639414,0.032128263957071024
2021-06-07,2590.26318359375,30600111277,-0.04597617844406354
2021-06-08,2517.438720703125,41909736778,-0.028114696356679736
2021-06-09,2608.26708984375,36075832186,0.03607967431090309
2021-06-10,2471.5185546875,28753626390,-0.05242888494385056
2021-06-11,2353.768798828125,24832564195,-0.04764267524354615
2021-06-12,2372.484375,25724364410,0.007951323078627226
2021-06-13,2508.3916015625,27092945370,0.05728477202826676
2021-06-14,2537.89111328125,26964576331,0.011760329487777943
2021-06-15,2610.936767578125,29005279219,0.028782028478138377
2021-06-16,2367.66357421875,24101926180,-0.09317467829181958
2021-06-17,2372.001953125,21871633186,0.0018323460112703582
2021-06-18,2231.733154296875,22752818388,-0.05913519533292433
2021-06-19,2178.4990234375,18765854896,-0.023853268817950024
2021-06-20,2246.364501953125,22535930423,0.03115240254206708
2021-06-21,1888.447509765625,33745173825,-0.1593316631723415
2021-06-22,1874.9500732421875,35547251725,-0.0071473718245484985
2021-06-23,1989.736328125,28408659206,0.06122096610515215
2021-06-24,1988.456298828125,20272845769,-0.0006433160408149119
2021-06-25,1813.21728515625,22774334998,-0.08812816946248714
2021-06-26,1829.2392578125,20637542361,0.008836212177885328
2021-06-27,1978.8946533203125,19885474742,0.0818129147779052
2021-06-28,2079.657470703125,25514602841,0.05091873749506903
2021-06-29,2160.768310546875,24815124419,0.03900201883549914
2021-06-30,2274.547607421875,25828056268,0.052656870391718735
2021-07-01,2113.60546875,29061701793,-0.07075786769497328
2021-07-02,2150.040283203125,31796212554,0.017238228700587443
2021-07-03,2226.1142578125,17433361641,0.035382581063104546
2021-07-04,2321.72412109375,18787107473,0.0429492165308718
2021-07-05,2198.58251953125,20103794829,-0.05303886040710504
2021-07-06,2324.679443359375,20891861314,0.057353737104673064
2021-07-07,2315.161865234375,22398345285,-0.004094146464876158
2021-07-08,2120.0263671875,23188123689,-0.08428589852706492
2021-07-09,2146.6923828125,23029574602,0.012578152818153887
2021-07-10,2111.403564453125,17581542471,-0.016438693611583566
2021-07-11,2139.664794921875,14705386138,0.013385044405790802
2021-07-12,2036.7210693359375,17768129077,-0.04811208084100682
2021-07-13,1940.083984375,16621628658,-0.04744738315710828
2021-07-14,1994.331298828125,17342819679,0.02796132275201524
2021-07-15,1911.1756591796875,15688092552,-0.04169600090882597
2021-07-16,1880.3829345703125,14884569147,-0.016111927996504405
2021-07-17,1898.8251953125,13364282076,0.009807715440898646
2021-07-18,1895.5521240234375,13791868728,-0.001723734916274866
2021-07-19,1817.296630859375,14157735481,-0.04128374639361532
2021-07-20,1787.5107421875,17368597636,-0.01639021839697663
2021-07-21,1990.9708251953125,21253359756,0.1138231386284283
2021-07-22,2025.2027587890625,17495480331,0.01719358875607435
2021-07-23,2124.776611328125,16200392492,0.04916734984036908
2021-07-24,2189.21875,16057446601,0.03032890061397775
2021-07-25,2191.373779296875,14566483636,0.0009843828063664795
2021-07-26,2233.36669921875,29614324233,0.01916282850447759
2021-07-27,2298.33349609375,23067480378,0.029089175950248514
2021-07-28,2296.54541015625,18991302378,-0.0007779923760146135
2021-07-29,2380.956787109375,16313373113,0.03675580573317805
2021-07-30,2466.96142578125,20212848934,0.03612188139554173
2021-07-31,2536.2099609375,18001710283,0.028070376144742504
2021-08-01,2561.85205078125,22697987055,0.010110397103823221
2021-08-02,2610.1533203125,22162754104,0.01885404331468732
2021-08-03,2502.349609375,22696753413,-0.04130167760589376
2021-08-04,2724.619873046875,25038698173,0.0888246242008488
2021-08-05,2827.328857421875,31057928075,0.03769662894668069
2021-08-06,2890.941650390625,26528577879,0.02249925501300054
2021-08-07,3157.23876953125,33081467129,0.09211431822037741
2021-08-08,3013.732666015625,28433638008,-0.045453041087839874
2021-08-09,3167.856201171875,31983260936,0.0511404136452529
2021-08-10,3141.691162109375,27605221710,-0.008259541279942217
2021-08-11,3164.2451171875,26729035052,0.007178921769949609
2021-08-12,3043.414306640625,25403699845,-0.03818629912409377
2021-08-13,3322.211669921875,23868866254,0.09160677291715547
2021-08-14,3265.443359375,19860862133,-0.017087505609842735
2021-08-15,3310.504150390625,22166205051,0.013799287280931383
2021-08-16,3156.509521484375,23080039949,-0.04651697201106941
2021-08-17,3014.845947265625,25509056745,-0.04487981843695865
2021-08-18,3020.08984375,21539248425,0.0017393580222999638
2021-08-19,3182.7021484375,19546290360,0.05384353217968729
2021-08-20,3286.935302734375,20885619828,0.03274989283808627
2021-08-21,3226.083984375,18113977628,-0.01851308673728791
2021-08-22,3242.115478515625,15983278460,0.004969335646024975
2021-08-23,3319.25732421875,20511110509,0.023793676139643116
2021-08-24,3172.456298828125,20131028906,-0.04422706980850821
2021-08-25,3224.915283203125,18902728235,0.01653576265002532
2021-08-26,3100.325439453125,17405668117,-0.03863352454525626
2021-08-27,3270.600830078125,18489602004,0.05492177964873113
2021-08-28,3244.4033203125,13709633698,-0.008009999118418598
2021-08-29,3227.002685546875,13296586731,-0.005363277326429605
2021-08-30,3224.374267578125,19306924485,-0.0008145075244350153
2021-08-31,3433.732666015625,27280502987,0.0649299309148601
2021-09-01,3834.828125,30070890104,0.11681033382537342
2021-09-02,3790.989990234375,24387397330,-0.011431577462321041
2021-09-03,3940.61474609375,26207765094,0.039468517786860335
2021-09-04,3887.828369140625,20806963328,-0.013395467548673934
2021-09-05,3952.133544921875,18371468576,0.016540127206146282
2021-09-06,3928.37939453125,18674691198,-0.0060104624807395535
2021-09-07,3426.394287109375,39131346397,-0.1277842736169259
2021-09-08,3497.315185546875,31738430771,0.02069840552335589
2021-09-09,3427.340087890625,24118055831,-0.020008233157088995
2021-09-10,3211.505859375,22355974097,-0.06297426662682348
2021-09-11,3270.278076171875,18627122934,0.01830051675767863
2021-09-12,3410.134521484375,16810411424,0.04276591838826538
2021-09-13,3285.51171875,22721552948,-0.036544834800279036
2021-09-14,3429.169677734375,19125420848,0.043724683179346746
2021-09-15,3615.28271484375,17548551804,0.054273499009923176
2021-09-16,3571.294921875,20093903064,-0.012167179288121388
2021-09-17,3398.538818359375,17722363229,-0.04837351921216426
2021-09-18,3432.018310546875,15995220233,0.009851143087328929
2021-09-19,3329.447998046875,14257609743,-0.029886295240556526
2021-09-20,2958.993408203125,27371684581,-0.11126606874805267
2021-09-21,2764.43115234375,30405062665,-0.06575285207462656
2021-09-22,3077.867919921875,23742102645,0.11338201253895797
2021-09-23,3155.523681640625,18516291047,0.0252303749670717
2021-09-24,2931.669189453125,25595422789,-0.07094052042452526
2021-09-25,2925.565673828125,18932786754,-0.002081925084507441
2021-09-26,3062.265380859375,21172766310,0.046725906122755845
2021-09-27,2934.138916015625,19164053681,-0.04184041841853481
2021-09-28,2807.296630859375,16895079070,-0.04322981589722885
2021-09-29,2853.143310546875,15763456158,0.01633125590773976
2021-09-30,3001.678955078125,17661065099,0.0520603518169509
2021-10-01,3307.51611328125,22307625573,0.10188869721917504
2021-10-02,3391.6943359375,19202671704,0.02545058580916182
2021-10-03,3418.358642578125,15516566862,0.00786164789618482
2021-10-04,3380.089111328125,17747154101,-0.01119529436534994
2021-10-05,3518.5185546875,16632591670,0.040954376881792376
2021-10-06,3580.56201171875,21855226591,0.01763340339603814
2021-10-07,3587.974853515625,19090322927,0.0020703011908782543
2021-10-08,3563.75927734375,16222029488,-0.00674909305681104
2021-10-09,3575.716796875,12707036942,0.003355310670748457
2021-10-10,3425.852783203125,16171746693,-0.041911600438504726
2021-10-11,3545.35400390625,18579189588,0.03488218212091221
2021-10-12,3492.5732421875,18109578443,-0.014887303682677766
2021-10-13,3606.20166015625,16211275589,0.03253429780547168
2021-10-14,3786.01416015625,19443499909,0.049862020193349066
2021-10-15,3862.634765625,20966841512,0.020237802139014605
2021-10-16,3830.382080078125,16578095629,-0.008349918515181298
2021-10-17,3847.1044921875,15908090346,0.004365729517258554
2021-10-18,3748.76025390625,17386204158,-0.02556318355297138
2021-10-19,3877.65087890625,15998757133,0.03438220005285597
2021-10-20,4155.9921875,20338319988,0.0717809099596558
2021-10-21,4054.32275390625,28220661820,-0.02446333607159845
2021-10-22,3970.181884765625,19432937968,-0.02075337220243678
2021-10-23,4171.66357421875,14781537792,0.050748730234816186
2021-10-24,4087.903076171875,14978083638,-0.02007844030485162
2021-10-25,4217.876953125,15995727040,0.031794755044642464
2021-10-26,4131.10205078125,17157714562,-0.02057312323429894
2021-10-27,3930.25732421875,26219530404,-0.04861771122902114
2021-10-28,4287.31884765625,25958154575,0.09084940093801008
2021-10-29,4414.74658203125,22967641914,0.029722010166018054
2021-10-30,4325.650390625,14615490626,-0.020181496208386274
2021-10-31,4288.07421875,17498160238,-0.008686825906328188
2021-11-01,4324.626953125,17985288261,0.008524277451908313
2021-11-02,4584.798828125,20794448222,0.0601605358843722
2021-11-03,4607.19384765625,21220463155,0.004884624248695513
2021-11-04,4537.32421875,18415244464,-0.015165333002385761
2021-11-05,4486.2431640625,15086003586,-0.011257968843489952
2021-11-06,4521.5810546875,14429076700,0.007876944992210255
2021-11-07,4620.5546875,13541376033,0.021889164788917004
2021-11-08,4812.08740234375,19290896267,0.04145232072718552
2021-11-09,4735.06884765625,20834172627,-0.01600522772092372
2021-11-10,4636.17431640625,22748160545,-0.020885552973311183
2021-11-11,4730.38427734375,17933201129,0.020320625262970626
2021-11-12,4667.115234375,18316060208,-0.013375032398906361
2021-11-13,4651.46044921875,14457436261,-0.0033542744008004943
2021-11-14,4626.35888671875,12172962219,-0.005396490580547919
2021-11-15,4557.50390625,16275851299,-0.01488319046462594
2021-11-16,4216.365234375,27417502801,-0.07485208546001998
2021-11-17,4287.59375,22183461850,0.016893345729229292
2021-11-18,4000.65087890625,21383250893,-0.06692398763146579
2021-11-19,4298.306640625,20626269711,0.07440183378363852
2021-11-20,4409.93115234375,15448261277,0.02596941564469657
2021-11-21,4269.73291015625,14094831413,-0.031791480942506056
2021-11-22,4088.457763671875,19752218877,-0.04245585152485365
2021-11-23,4340.763671875,22133497059,0.06171175606728707
2021-11-24,4239.9814453125,21838037128,-0.023217625786793206
2021-11-25,4274.7431640625,18705358318,0.008198554450852713
2021-11-26,4030.908935546875,26281795488,-0.05704067335916796
2021-11-27,4096.912109375,16515693874,0.016374265676426303
2021-11-28,4294.45361328125,15953126340,0.048217169085520206
2021-11-29,4445.10498046875,19086475837,0.03508045044929298
2021-11-30,4631.47900390625,28626354111,0.041927923919998555
2021-12-01,4586.990234375,27634826695,-0.009605737064494413
2021-12-02,4511.30224609375,21502671027,-0.016500577593133392
2021-12-03,4220.7060546875,25879591528,-0.0644151456839035
2021-12-04,4119.58740234375,38478999182,-0.023957757548988323
2021-12-05,4198.32275390625,25533062707,0.019112436240023678
2021-12-06,4358.7373046875,28229518513,0.03820919928845279
2021-12-07,4315.0615234375,22366213354,-0.01002028298494384
2021-12-08,4439.35791015625,18704315119,0.028805240908762686
2021-12-09,4119.81591796875,22296131874,-0.07197932643737959
2021-12-10,3908.49609375,28014595631,-0.05129351127002291
2021-12-11,4084.452392578125,19131502454,0.0450189266171952
2021-12-12,4134.453125,14057603914,0.01224172241858712
2021-12-13,3784.226806640625,23999841386,-0.08470922459893049
2021-12-14,3745.4404296875,23836759957,-0.010249485280602655
2021-12-15,4018.388671875,26411188833,0.07287480532970947
2021-12-16,3962.4697265625,19825531254,-0.013915763227156375
2021-12-17,3879.486572265625,23143541098,-0.020942280956898096
2021-12-18,3960.860107421875,19530895889,0.020975336205050432
2021-12-19,3922.592529296875,16167785597,-0.009661431377819718
2021-12-20,3933.844482421875,21589690675,0.0028684990961875823
2021-12-21,4020.260009765625,16388555198,0.021967194618366825
2021-12-22,3982.099609375,13921756199,-0.009492022978098258
2021-12-23,4108.015625,18007273742,0.03162050877094025
2021-12-24,4047.98291015625,12769090623,-0.01461355562486455
2021-12-25,4093.281005859375,10894785525,0.011190288276532456
2021-12-26,4067.328125,11197244172,-0.0063403613927860425
2021-12-27,4037.547607421875,11424360002,-0.007321887161027885
2021-12-28,3800.89306640625,17299472803,-0.058613436676413055
2021-12-29,3628.53173828125,15722555672,-0.045347586768066606
2021-12-30,3713.85205078125,12925377999,0.02351372914831229
2021-12-31,3682.6328125,14157285268,-0.008406161003285728
2022-01-01,3769.697021484375,9776191466,0.023641838167751006
2022-01-02,3829.56494140625,9881471548,0.01588136117589123
2022-01-03,3761.38037109375,12080777893,-0.017804782359288618
2022-01-04,3794.056640625,14030925983,0.008687307931515731
2022-01-05,3550.386962890625,18061338502,-0.06422404850925867
2022-01-06,3418.408203125,24293791313,-0.0371730634280415
2022-01-07,3193.21044921875,24494179209,-0.06587795854818668
2022-01-08,3091.97265625,16037732700,-0.031704077942472875
2022-01-09,3157.75146484375,12334683863,0.021274058960640163
2022-01-10,3083.097900390625,19535744145,-0.02364136800640171
2022-01-11,3238.111572265625,15211447193,0.05027854349203764
2022-01-12,3372.25830078125,16662871689,0.04142745718356022
2022-01-13,3248.28857421875,15294466275,-0.03676163434271329
2022-01-14,3310.00146484375,13562957230,0.018998586244709736
2022-01-15,3330.53076171875,9619999078,0.006202201749167191
2022-01-16,3350.921875,9505934874,0.006122481592311324
2022-01-17,3212.304931640625,12344309617,-0.04136680845756069
2022-01-18,3164.025146484375,13024154091,-0.015029639521672689
2022-01-19,3095.825927734375,13187424144,-0.021554575451392277
2022-01-20,3001.1201171875,10645922764,-0.030591452089873683
2022-01-21,2557.931640625,26796291874,-0.14767435465989753
2022-01-22,2405.18115234375,27369692036,-0.05971640752836038
2022-01-23,2535.0390625,16481489511,0.053990906269038685
2022-01-24,2440.352294921875,28220804648,-0.03735120652726631
2022-01-25,2455.93505859375,16179776932,0.006385456601614825
2022-01-26,2468.0302734375,21229909340,0.0049248919678990255
2022-01-27,2423.001220703125,16126522783,-0.018244935331225953
2022-01-28,2547.092041015625,14666227351,0.05121368460412512
2022-01-29,2597.084716796875,11172062661,0.019627353458854913
2022-01-30,2603.466552734375,9501221177,0.0024573075711489256
2022-01-31,2688.27880859375,13778234614,0.03257666428258821
2022-02-01,2792.1171875,13194846235,0.03862634283851252
2022-02-02,2682.85400390625,13876301217,-0.039132735575322264
2022-02-03,2679.16259765625,12755505065,-0.0013759251322007504
2022-02-04,2983.5869140625,18987223729,0.11362666703116964
2022-02-05,3014.648193359375,13102093957,0.010410717097086852
2022-02-06,3057.47607421875,9466018022,0.014206593311191451
2022-02-07,3142.470703125,15197063785,0.027798951436755814
2022-02-08,3122.608642578125,17136080906,-0.00632052369720526
2022-02-09,3239.45703125,13951308490,0.037420119536786256
2022-02-10,3077.482177734375,18629485080,-0.05000061799033162
2022-02-11,2927.383544921875,16043881065,-0.04877319319619966
2022-02-12,2917.36279296875,11254355757,-0.0034231086563658586
2022-02-13,2883.46337890625,9054963563,-0.011619882910758439
2022-02-14,2933.47900390625,12164552172,0.01734567720397817
2022-02-15,3179.877197265625,13921257873,0.08399521286202116
2022-02-16,3127.830078125,12352406833,-0.01636765067071777
2022-02-17,2881.48193359375,15860206214,-0.07876007915331673
2022-02-18,2785.7275390625,15748173433,-0.03323095432766643
2022-02-19,2763.701171875,9774183169,-0.00790686342387692
2022-02-20,2628.6484375,11641437834,-0.048866619788482835
2022-02-21,2573.816162109375,18646392740,-0.02085949365019457
2022-02-22,2639.29931640625,16360200507,0.02544204798341476
2022-02-23,2590.359619140625,13382637240,-0.01854268553832039
2022-02-24,2598.067138671875,29312342666,0.002975463126547284
2022-02-25,2764.53564453125,17208902048,0.0640739815309288
2022-02-26,2781.11181640625,11724648351,0.005996005841990337
2022-02-27,2621.8017578125,16150857254,-0.05728286710874153
2022-02-28,2919.201171875,19266124733,0.1134332194172587
2022-03-01,2972.485107421875,18757425786,0.018252916606172453
2022-03-02,2950.118408203125,16636517503,-0.0075245790678323266
2022-03-03,2834.468994140625,13091199728,-0.03920161771843611
2022-03-04,2617.156005859375,14496939024,-0.07666797157791327
2022-03-05,2664.8310546875,8072368396,0.018216357267732075
2022-03-06,2555.037353515625,8872976607,-0.04120099883208184
2022-03-07,2497.771240234375,14594098731,-0.02241302390450539
2022-03-08,2576.74755859375,13922922903,0.031618715552175436
2022-03-09,2729.783447265625,14173665398,0.0593911064983772
2022-03-10,2608.048583984375,13292477213,-0.04459506244101141
2022-03-11,2559.56298828125,12382419582,-0.018590756322895086
2022-03-12,2574.754150390625,6532996574,0.005935060859578956
2022-03-13,2518.944580078125,8632000379,-0.021675689037740864
2022-03-14,2590.696044921875,11244398839,0.02848473341224711
2022-03-15,2620.149658203125,12861105614,0.011368996119395458
2022-03-16,2772.0556640625,17915109769,0.057976079871540964
2022-03-17,2814.8544921875,12685265194,0.015439382650158429
2022-03-18,2945.343017578125,15830879093,0.04635711215367966
2022-03-19,2946.257080078125,11576463120,0.00031034161201071164
2022-03-20,2860.459228515625,12684727326,-0.029120965764543816
2022-03-21,2897.9765625,15206116098,0.013115842942408973
2022-03-22,2973.131103515625,16830539230,0.025933453702879916
2022-03-23,3031.067138671875,16008767658,0.019486538985025836
2022-03-24,3108.06201171875,18070503166,0.02540190286930155
2022-03-25,3106.67138671875,17030503831,-0.0004474251140281771
2022-03-26,3143.178955078125,8876420740,0.011751345351635134
2022-03-27,3291.57763671875,13431866834,0.047212927981994834
2022-03-28,3336.634521484375,20620450770,0.013688537758611341
2022-03-29,3401.98779296875,19533323636,0.0195865837458582
2022-03-30,3385.157958984375,15302506131,-0.004947058898670642
2022-03-31,3281.642822265625,17685495686,-0.030579115649246424
2022-04-01,3449.55224609375,20982988937,0.051166270347545506
2022-04-02,3445.059326171875,23571556215,-0.0013024646682661123
2022-04-03,3522.83349609375,15333808649,0.022575567663241758
2022-04-04,3521.2412109375,18209969743,-0.0004519898990444915
2022-04-05,3411.79248046875,16681503199,-0.031082429152761826
2022-04-06,3171.69189453125,25632563639,-0.07037373677091652
2022-04-07,3233.274658203125,16745496605,0.019416376407197067
2022-04-08,3192.073974609375,17557050669,-0.012742710703286475
2022-04-09,3261.916259765625,9908112156,0.02187990808226714
2022-04-10,3211.866943359375,10427054790,-0.015343531967263346
2022-04-11,2981.05224609375,21891804831,-0.07186309437345806
2022-04-12,3030.37646484375,20235707410,0.016545908853034197
2022-04-13,3118.34423828125,16088473629,0.0290286617712483
2022-04-14,3019.909423828125,15821419931,-0.03156637206525337
2022-04-15,3040.91650390625,11256651536,0.0069561954118133595
2022-04-16,3062.310302734375,8766710365,0.007035312808044258
2022-04-17,2993.4033203125,10463091281,-0.022501632953508044
2022-04-18,3057.606689453125,18629381299,0.021448285536718847
2022-04-19,3104.1064453125,14156035096,0.015207893160284813
2022-04-20,3077.745849609375,15547362265,-0.00849216873439762
2022-04-21,2987.480712890625,20783591093,-0.029328327006015287
2022-04-22,2964.835693359375,16782795477,-0.007579971791462747
2022-04-23,2938.114013671875,9116955609,-0.00901287034129783
2022-04-24,2922.732666015625,9696829579,-0.005235109183876596
2022-04-25,3009.3935546875,22332690614,0.029650638144067543
2022-04-26,2808.29833984375,19052045399,-0.06682250466394446
2022-04-27,2888.9296875,17419284041,0.028711816872254436
2022-04-28,2936.94091796875,18443524633,0.01661903738138304
2022-04-29,2815.601806640625,18771041399,-0.041314794787239206
2022-04-30,2730.186767578125,13520941867,-0.030336334797430475
2022-05-01,2827.756103515625,15332730152,0.03573723860073175
2022-05-02,2857.410400390625,18609741545,0.010486865128902734
2022-05-03,2783.476318359375,13026093219,-0.02587450581867512
2022-05-04,2940.644775390625,18186749944,0.05646480841047263
2022-05-05,2749.213134765625,22642925048,-0.0650985260875554
2022-05-06,2694.979736328125,21027599270,-0.01972688030319758
2022-05-07,2636.093017578125,13369276367,-0.02185052375578611
2022-05-08,2517.4599609375,20802269935,-0.04500336515045189
2022-05-09,2245.430419921875,36333567678,-0.10805714698013369
2022-05-10,2343.510986328125,38202099639,0.04368007377831029
2022-05-11,2072.108642578125,45743399154,-0.11581014355526464
2022-05-12,1961.7015380859375,42463486402,-0.053282488294059016
2022-05-13,2014.418212890625,24816096567,0.026872933410718503
2022-05-14,2056.27392578125,15457044616,0.020778065161833226
2022-05-15,2145.706787109375,14846088335,0.04349267877534668
2022-05-16,2022.7259521484375,21459552191,-0.057314837096923754
2022-05-17,2090.4091796875,18509929297,0.033461392764142284
2022-05-18,1916.6561279296875,17740965589,-0.08311915841461581
2022-05-19,2018.336181640625,18734247914,0.053050754503766395
2022-05-20,1961.315673828125,15892482289,-0.02825124393605738
2022-05-21,1974.518310546875,8546822406,0.006731520527228918
2022-05-22,2043.170166015625,10941123403,0.03476891305694485
2022-05-23,1972.181884765625,16434529708,-0.03474418451813721
2022-05-24,1978.9827880859375,13057109007,0.0034484158752532412
2022-05-25,1944.827880859375,13364545730,-0.017258819749310206
2022-05-26,1803.913330078125,23458681818,-0.07245605236746355
2022-05-27,1724.9228515625,25470760032,-0.04378840002928741
2022-05-28,1757.9417724609375,23214777872,0.019142259532667127
2022-05-29,1812.031005859375,10642556101,0.030768501122035552
2022-05-30,1996.4412841796875,19580808705,0.10176993535099799
2022-05-31,1942.3280029296875,18363115560,-0.02710486988964189
2022-06-01,1823.5693359375,21037797760,-0.061142436711543735
2022-06-02,1834.1505126953125,17065041354,0.00580245376432198
2022-06-03,1775.07861328125,14878001811,-0.03220668042518249
2022-06-04,1801.6094970703125,8677951273,0.014946314822654516
2022-06-05,1805.2049560546875,8850385937,0.0019956927348694364
2022-06-06,1859.2896728515625,16518471852,0.029960430041737984
2022-06-07,1814.04833984375,24020076750,-0.024332589842456676
2022-06-08,1793.572265625,18041476023,-0.01128750197501005
2022-06-09,1789.8260498046875,12013083393,-0.0020886896458599535
2022-06-10,1665.042236328125,18504740451,-0.06971840279684127
2022-06-11,1529.6634521484375,21127089064,-0.08130651657115606
2022-06-12,1445.216552734375,23465074882,-0.05520619538595595
2022-06-13,1204.582763671875,45162788786,-0.16650362093294369
2022-06-14,1211.662841796875,33327826525,0.0058776186564533095
2022-06-15,1233.2064208984375,37539999450,0.017780176430609806
2022-06-16,1067.730712890625,18907671369,-0.13418330070586004
2022-06-17,1086.519287109375,14591486540,0.01759673482453694
2022-06-18,993.6367797851562,21655406608,-0.08548629410097963
2022-06-19,1127.656494140625,21795481981,0.13487797259723666
2022-06-20,1127.6424560546875,19739691429,-1.2448902667161477e-05
2022-06-21,1124.8245849609375,15632089439,-0.0024989047535589615
2022-06-22,1051.421875,15010593493,-0.06525702846678672
2022-06-23,1143.38671875,14657862919,0.0874671204172921
2022-06-24,1226.8447265625,16981552654,0.07299193391343572
2022-06-25,1243.4468994140625,12481946184,0.013532415710079349
2022-06-26,1199.8316650390625,12096607824,-0.035076073128295526
2022-06-27,1193.6806640625,12492225250,-0.005126553295592751
2022-06-28,1144.5792236328125,14023205651,-0.04113448588718749
2022-06-29,1098.94384765625,15386286815,-0.03987087571947978
2022-06-30,1067.298828125,16350755497,-0.0287958475755975
2022-07-01,1059.767333984375,17499453625,-0.007056593656957433
2022-07-02,1066.5128173828125,9935603640,0.006365060690327828
2022-07-03,1073.7669677734375,8557248150,0.0068017470323764595
2022-07-04,1151.05908203125,13670889311,0.0719822052433643
2022-07-05,1134.541015625,16195518291,-0.014350320208673328
2022-07-06,1186.9739990234375,15373536703,0.046215150158809504
2022-07-07,1237.5933837890625,14230795894,0.04264574018240608
2022-07-08,1222.5062255859375,16315929082,-0.012190723060375164
2022-07-09,1216.978271484375,8821353104,-0.00452182081846908
2022-07-10,1168.401611328125,10984558039,-0.03991579906928
2022-07-11,1097.236572265625,12064180410,-0.06090802885970559
2022-07-12,1038.191650390625,12583282453,-0.05381238956798651
2022-07-13,1113.587158203125,18302588147,0.07262195547819328
2022-07-14,1191.5262451171875,16688640823,0.0699892112978604
2022-07-15,1233.129150390625,17411448225,0.034915643229785465
2022-07-16,1352.62646484375,18364013796,0.09690575753178088
2022-07-17,1338.6357421875,16079711737,-0.010343374922703541
2022-07-18,1578.7178955078125,27440420623,0.17934838115706353
2022-07-19,1542.9752197265625,27753529276,-0.02264031837667424
2022-07-20,1520.20068359375,22942708340,-0.014760143806359038
2022-07-21,1576.74951171875,20009556587,0.037198265160175215
2022-07-22,1537.4051513671875,18926100582,-0.02495282862569259
2022-07-23,1549.2974853515625,14998811383,0.00773532856566761
2022-07-24,1599.4766845703125,17217849557,0.03238835646038862
2022-07-25,1445.3834228515625,20585056021,-0.09633979863866915
2022-07-26,1441.8067626953125,18238563509,-0.0024745407341075776
2022-07-27,1636.232666015625,23007524016,0.13484879413164408
2022-07-28,1725.4681396484375,27231399966,0.054537154456223425
2022-07-29,1727.406982421875,23249531113,0.0011236618798609044
2022-07-30,1695.969482421875,15576977870,-0.018199243328242076
2022-07-31,1681.517333984375,14200735370,-0.008521467271251915
2022-08-01,1635.19580078125,16191371176,-0.027547461014490793
2022-08-02,1632.9454345703125,20426082309,-0.0013762059625289647
2022-08-03,1618.87451171875,16786218830,-0.008616897144064772
2022-08-04,1608.205810546875,14467440626,-0.006590196519029812
2022-08-05,1732.254638671875,18546491876,0.07713492098552788
2022-08-06,1691.6580810546875,11757911705,-0.023435675512644583
2022-08-07,1699.350830078125,10252090340,0.00454746092581626
2022-08-08,1775.51611328125,16841424404,0.044820223025767714
2022-08-09,1703.0250244140625,16368619692,-0.04082817853633558
2022-08-10,1851.74267578125,23512477984,0.08732558197044393
2022-08-11,1881.22412109375,23826986482,0.015920919087778707
2022-08-12,1957.2464599609375,17168141904,0.040411101481618195
2022-08-13,1981.3365478515625,16038975216,0.012308152490466462
2022-08-14,1936.802001953125,14062754456,-0.02247702236489202
2022-08-15,1904.2281494140625,20349931313,-0.016818369924346488
2022-08-16,1878.139404296875,15637578930,-0.01370043034245405
2022-08-17,1832.9996337890625,20308508124,-0.02403430246154259
2022-08-18,1847.0078125,14999352229,0.007642215771740624
2022-08-19,1612.9873046875,25906358731,-0.12670250024321428
2022-08-20,1577.0037841796875,18334580263,-0.022308619790894157
2022-08-21,1619.3189697265625,15849221752,0.02683264680235764
2022-08-22,1622.505859375,18557078599,0.0019680431761850414
2022-08-23,1662.7698974609375,18322041914,0.024815958508431768
2022-08-24,1657.0592041015625,16780932907,-0.0034344459615821554
2022-08-25,1696.45703125,14818795695,0.023775751072091955
2022-08-26,1507.7828369140625,26713710143,-0.11121660664574373
2022-08-27,1491.39501953125,18120831899,-0.010868818096081423
2022-08-28,1430.54736328125,12823572918,-0.040799154786720804
2022-08-29,1553.037353515625,17965837488,0.08562456118434225
2022-08-30,1523.8388671875,21835784470,-0.018800891209749815
2022-08-31,1553.6849365234375,20591680941,0.019586105840063928
2022-09-01,1586.1767578125,16434276817,0.020912747832753542
2022-09-02,1577.220458984375,17708478709,-0.005646469590486647
2022-09-03,1556.8726806640625,9516825994,-0.01290103625298844
2022-09-04,1577.6416015625,8884144998,0.013340153730219573
2022-09-05,1617.1832275390625,13060541168,0.025063757153335864
2022-09-06,1561.74853515625,22946059125,-0.0342785476863805
2022-09-07,1629.9063720703125,19560363854,0.04364200470163615
2022-09-08,1635.34765625,17621046717,0.0033384029125402837
2022-09-09,1719.08544921875,20242323690,0.05120488762662756
2022-09-10,1776.2037353515625,13130928217,0.03322597265817717
2022-09-11,1761.800048828125,12464301922,-0.008109253593359123
2022-09-12,1713.7652587890625,17688391310,-0.02726460932443109
2022-09-13,1580.7879638671875,23066821734,-0.07759364606085906
2022-09-14,1634.7550048828125,17897150206,0.03413932940354747
2022-09-15,1471.6934814453125,26946275878,-0.09974676508128455
2022-09-16,1432.44775390625,16764804299,-0.026667052639602784
2022-09-17,1469.74169921875,10798098671,0.026035117309375133
2022-09-18,1335.3291015625,15762284723,-0.09145321094699688
2022-09-19,1377.5413818359375,18712714223,0.031611892696747024
2022-09-20,1324.38818359375,14722317220,-0.03858555462874502
2022-09-21,1252.6077880859375,20643507800,-0.054198909652784066
2022-09-22,1327.68017578125,18461527259,0.05993287636350053
2022-09-23,1328.259521484375,18771106339,0.00043635938360231386
2022-09-24,1317.9932861328125,12098209717,-0.0077290884691642026
2022-09-25,1294.216796875,11802651633,-0.018039916825051683
2022-09-26,1335.3201904296875,16034549271,0.031759279939756135
2022-09-27,1330.127685546875,17870598937,-0.003888584116399585
2022-09-28,1337.410888671875,18994979566,0.005475566897929385
2022-09-29,1335.65234375,13796915736,-0.0013148875463555587
2022-09-30,1327.9786376953125,14250100093,-0.005745287005705868
2022-10-01,1311.6444091796875,6227961237,-0.012300068730000668
2022-10-02,1276.093505859375,7578351650,-0.027104071096941795
2022-10-03,1323.439208984375,10153070907,0.037102064157215064
2022-10-04,1362.1265869140625,10139774963,0.02923245561039156
2022-10-05,1352.837158203125,9774451820,-0.006819798394790189
2022-10-06,1351.70947265625,12033514861,-0.0008335707960394068
2022-10-07,1332.5169677734375,10061619355,-0.01419869082155445
2022-10-08,1315.50048828125,5804676208,-0.012770178469562854
2022-10-09,1322.604248046875,5486230123,0.005400043427506773
2022-10-10,1291.337646484375,8794491050,-0.023640179296771646
2022-10-11,1279.57568359375,9274845260,-0.009108355915005362
2022-10-12,1294.9063720703125,8355638578,0.011981072064065401
2022-10-13,1288.1239013671875,17499038202,-0.005237807805579919
2022-10-14,1297.422119140625,13113767755,0.007218418789969316
2022-10-15,1274.8717041015625,6798512624,-0.017380939253601735
2022-10-16,1306.296630859375,7491625206,0.024649481713894028
2022-10-17,1331.713623046875,9401189650,0.019457289858260562
2022-10-18,1310.447021484375,10416747806,-0.01596935046278447
2022-10-19,1285.7442626953125,8350692785,-0.01885063522910002
2022-10-20,1283.200927734375,9009111996,-0.001978103293734268
2022-10-21,1299.9464111328125,10412565245,0.013049775009127629
2022-10-22,1314.2991943359375,7175324564,0.011041057600688076
2022-10-23,1363.447021484375,9909510925,0.03739470233280473
2022-10-24,1344.99853515625,13092820173,-0.013530768733529763
2022-10-25,1461.6654052734375,25367291294,0.0867412618435559
2022-10-26,1566.566650390625,32705548427,0.07176830260791678
2022-10-27,1514.3748779296875,22813499245,-0.03331602421634816
2022-10-28,1555.4779052734375,19974623205,0.027141910462713303
2022-10-29,1619.698486328125,21618154775,0.04128672020153079
2022-10-30,1590.7833251953125,13930073427,-0.017852187537918507
2022-10-31,1572.7144775390625,19306919714,-0.011358459301194612
2022-11-01,1579.70458984375,14507311208,0.004444616238050703
2022-11-02,1519.7117919921875,23254218281,-0.03797722576567086
2022-11-03,1531.541748046875,14248351007,0.007784341818641627
2022-11-04,1645.0933837890625,20806964347,0.074142044046136
2022-11-05,1627.968017578125,11006973190,-0.010409966011469485
2022-11-06,1572.2347412109375,11632744705,-0.034234871794410315
2022-11-07,1568.59130859375,15279963349,-0.002317359184151657
2022-11-08,1332.8355712890625,42048003440,-0.1502977455077471
2022-11-09,1100.1697998046875,38864492427,-0.17456449729905577
2022-11-10,1299.464599609375,28581002122,0.18114912792558768
2022-11-11,1287.2210693359375,20920539099,-0.009421980619647496
2022-11-12,1255.268310546875,10964962767,-0.02482305452438449
2022-11-13,1221.8192138671875,10717455214,-0.026646969734394843
2022-11-14,1241.604248046875,15028035663,0.016193094653558227
2022-11-15,1251.7362060546875,11798011594,0.008160376403149927
2022-11-16,1215.6025390625,11939561598,-0.028866838569826303
2022-11-17,1200.80859375,9723646871,-0.012170051342529575
2022-11-18,1212.30029296875,7979913378,0.009569967502366605
2022-11-19,1218.4267578125,5978745776,0.005053586870582327
2022-11-20,1142.4666748046875,9651002684,-0.062342756772829966
2022-11-21,1108.35302734375,14080099208,-0.0298596433605115
2022-11-22,1135.1734619140625,12040670755,0.024198458350936924
2022-11-23,1183.1995849609375,11242676044,0.04230729897957275
2022-11-24,1203.983154296875,9706372376,0.01756556510001106
2022-11-25,1198.9259033203125,5483308196,-0.004200433335394882
2022-11-26,1205.89794921875,5074160558,0.005815243360018485
2022-11-27,1195.126953125,4486976868,-0.008931930020055212
2022-11-28,1170.086181640625,7275411870,-0.02095239457105269
2022-11-29,1216.9012451171875,7639405818,0.040009927654150346
2022-11-30,1295.6885986328125,9836925304,0.06474424595402373
2022-12-01,1276.27392578125,6857935276,-0.014984057799110495
2022-12-02,1294.3033447265625,6213645709,0.014126606037395906
2022-12-03,1243.3348388671875,5672609405,-0.03937910387625765
2022-12-04,1280.256591796875,5174128454,0.029695743878074943
2022-12-05,1259.6767578125,6120359523,-0.016074772913678648
2022-12-06,1271.65380859375,5089212680,0.009508035062938625
2022-12-07,1232.4375,5752205180,-0.030838824473082838
2022-12-08,1281.1163330078125,6227269815,0.0394980134958669
2022-12-09,1264.2847900390625,5706183865,-0.013138184671514397
2022-12-10,1266.3841552734375,3282499999,0.0016605160885547754
2022-12-11,1263.8685302734375,3362005848,-0.0019864627881867047
2022-12-12,1274.6190185546875,5151109364,0.00850601785212901
2022-12-13,1320.5491943359375,8812883119,0.03603443469196854
2022-12-14,1309.3287353515625,7830915428,-0.008496812562910572
2022-12-15,1266.3538818359375,6032859783,-0.03282205022719986
2022-12-16,1168.2593994140625,9297811507,-0.07746214058242495
2022-12-17,1188.1495361328125,5077258586,0.017025445486444024
2022-12-18,1184.7152099609375,3350092519,-0.0028904831146532306
2022-12-19,1167.60986328125,4943628091,-0.014438361671959554
2022-12-20,1217.70361328125,6684951715,0.04290281503722926
2022-12-21,1213.5999755859375,4217182733,-0.0033699807166168716
2022-12-22,1218.18212890625,5297471739,0.003775670247603724
2022-12-23,1220.159423828125,4835831923,0.0016231521337866095
2022-12-24,1221.1485595703125,2626153345,0.0008106610684399662
2022-12-25,1218.9620361328125,3942720070,-0.0017905466295349282
2022-12-26,1226.974365234375,3282098400,0.006573075177125132
2022-12-27,1212.7916259765625,4091530737,-0.011559116196452335
2022-12-28,1189.986083984375,4991669631,-0.018804171717317075
2022-12-29,1201.5953369140625,4132233940,0.009755788816300015
2022-12-30,1199.2327880859375,4055668253,-0.001966176761464933
2022-12-31,1196.771240234375,3018513333,-0.002052602193683639
2023-01-01,1200.96484375,2399674550,0.003504097838116227
2023-01-02,1214.6566162109375,3765758498,0.011400643850810077
2023-01-03,1214.77880859375,3392972131,0.00010059829352737637
2023-01-04,1256.526611328125,6404416893,0.03436658792451519
2023-01-05,1250.4385986328125,4001786456,-0.004845112423745301
2023-01-06,1269.3790283203125,4977252792,0.015147028977039678
2023-01-07,1264.2703857421875,2565213548,-0.00402452101708739
2023-01-08,1287.3594970703125,3495088905,0.018262795354943462
2023-01-09,1321.5389404296875,7990438824,0.026550037838815266
2023-01-10,1336.5860595703125,5830173253,0.011386058087499595
2023-01-11,1387.9327392578125,6314904311,0.03841629150614301
2023-01-12,1417.9384765625,12230193038,0.021619013988194213
2023-01-13,1451.6148681640625,7684148212,0.02375024880007759
2023-01-14,1550.7069091796875,15444626014,0.0682633136301174
2023-01-15,1552.4794921875,6774614499,0.0011430806152468165
2023-01-16,1576.83349609375,8454485431,0.015687166258109064
2023-01-17,1567.8460693359375,7599462786,-0.0056996675806778585
2023-01-18,1515.5069580078125,10354880595,-0.033382812478710555
2023-01-19,1552.5565185546875,6432638856,0.024446974889233086
2023-01-20,1659.754150390625,8528894754,0.0690458804911851
2023-01-21,1627.1181640625,8859250310,-0.019663144882297257
2023-01-22,1628.382080078125,7517988734,0.0007767819470894111
2023-01-23,1628.2510986328125,8264507375,-8.043655534839544e-05
2023-01-24,1556.604248046875,8180274691,-0.04400233517182761
2023-01-25,1611.7110595703125,10598973448,0.035401940854640435
2023-01-26,1603.10595703125,8395315241,-0.005339109940311948
2023-01-27,1598.156494140625,8124465373,-0.0030874209336673175
2023-01-28,1572.43505859375,5803653357,-0.01609444108957936
2023-01-29,1646.1556396484375,8801292300,0.046883068812149764
2023-01-30,1567.3265380859375,9180418120,-0.04788678522483769
2023-01-31,1586.535400390625,6585191019,0.012255813857491304
2023-02-01,1641.792724609375,8116969489,0.034828926102213
2023-02-02,1643.2415771484375,10558081069,0.0008824820072261819
2023-02-03,1664.74560546875,8169519805,0.013086346292204398
2023-02-04,1667.0592041015625,5843302512,0.0013897610693263118
2023-02-05,1631.6458740234375,6926696531,-0.02124299484445158
2023-02-06,1616.2470703125,6919871886,-0.009437589342205732
2023-02-07,1672.0035400390625,8030277434,0.03449749159686455
2023-02-08,1650.716796875,7806089579,-0.01273127876485547
2023-02-09,1546.438232421875,10524969124,-0.0631716867790626
2023-02-10,1514.869140625,8397387897,-0.02041406577709526
2023-02-11,1539.9267578125,5064007416,0.01654111006391079
2023-02-12,1515.03369140625,5319698775,-0.016165097645040705
2023-02-13,1507.1658935546875,9363855114,-0.005193150420476522
2023-02-14,1556.8751220703125,9249575045,0.03298192238041198
2023-02-15,1673.7459716796875,10015035156,0.0750675811775845
2023-02-16,1640.067626953125,12704861676,-0.020121538929091298
2023-02-17,1694.7833251953125,9802443159,0.03336185492779764
2023-02-18,1691.8194580078125,5491437195,-0.0017488177653378623
2023-02-19,1681.4361572265625,6959144003,-0.006137357465717308
2023-02-20,1702.6751708984375,7703604237,0.0126314719596059
2023-02-21,1658.036376953125,8721608198,-0.026216858452078218
2023-02-22,1643.231689453125,9189387004,-0.008929048666112882
2023-02-23,1651.0738525390625,9013236167,0.004772402538407272
2023-02-24,1608.3731689453125,8909129423,-0.025862370437327087
2023-02-25,1594.9149169921875,5657686235,-0.00836761779727413
2023-02-26,1640.817138671875,5727967432,0.028780357616977614
2023-02-27,1634.326416015625,7239824677,-0.003955786725572508
2023-02-28,1605.8951416015625,6323676957,-0.01739632556596371
2023-03-01,1663.4337158203125,7701847224,0.035829596047825873
2023-03-02,1647.3193359375,7080950926,-0.009687419299942324
2023-03-03,1569.1676025390625,9922240199,-0.04744176292568125
2023-03-04,1566.9239501953125,4389045367,-0.0014298360099453955
2023-03-05,1564.46875,5020886238,-0.001566891740346743
2023-03-06,1567.398681640625,5245153345,0.0018727965263767299
2023-03-07,1561.93310546875,6854058349,-0.0034870363462051746
2023-03-08,1534.0882568359375,7130327525,-0.017827171045494916
2023-03-09,1438.6607666015625,9457897583,-0.0622046937711358
2023-03-10,1429.1580810546875,12665194936,-0.0066052302026157195
2023-03-11,1482.61669921875,14917080154,0.0374056718236595
2023-03-12,1590.29296875,11480965122,0.07262583079496476
2023-03-13,1680.3089599609375,15711468959,0.05660340137307651
2023-03-14,1703.507080078125,16159781303,0.013805865867504874
2023-03-15,1656.1805419921875,12715339905,-0.027781826468116
2023-03-16,1677.2154541015625,9364980166,0.012700856927151394
2023-03-17,1792.485107421875,12467445117,0.06872680134113085
2023-03-18,1761.65966796875,10317822213,-0.017197040759496796
2023-03-19,1785.5765380859375,9170565472,0.013576328363562151
2023-03-20,1735.3212890625,10978325507,-0.028145110529571027
2023-03-21,1806.7607421875,10758627746,0.04116785380048826
2023-03-22,1737.717041015625,12484103560,-0.03821408090164813
2023-03-23,1816.4051513671875,11012966854,0.04528246457522944
2023-03-24,1752.0447998046875,10913669383,-0.035432817130064076
2023-03-25,1743.7647705078125,6614309912,-0.0047259232742210555
2023-03-26,1775.6767578125,6990313307,0.01830062623377482
2023-03-27,1715.4608154296875,8585750760,-0.03391154505901961
2023-03-28,1772.78564453125,8346890042,0.033416577391890856
2023-03-29,1793.0018310546875,9136176952,0.011403627159211949
2023-03-30,1792.7371826171875,9724496987,-0.00014760076254038967
2023-03-31,1822.0220947265625,9149379763,0.016335306922469428
2023-04-01,1813.860595703125,5556443606,-0.004479363366151845
2023-04-02,1795.7081298828125,6199721188,-0.010007641085160612
2023-04-03,1810.297119140625,9643826401,0.008124365544173617
2023-04-04,1871.005126953125,10398322335,0.03353483092395293
2023-04-05,1909.114013671875,10319231689,0.020368135912491647
2023-04-06,1872.922607421875,8263191830,-0.018957173846517184
2023-04-07,1865.6361083984375,8356130492,-0.00389044320067633
2023-04-08,1849.4981689453125,5016362733,-0.008650100295806706
2023-04-09,1859.3878173828125,6361497715,0.005347206395527104
2023-04-10,1911.20751953125,8380134275,0.02786922752961596
2023-04-11,1892.189697265625,8877222956,-0.009950684094362172
2023-04-12,1920.68212890625,11010714187,0.015057915008098277
2023-04-13,2012.6346435546875,12546950499,0.04787492592582243
2023-04-14,2101.635498046875,16298099411,0.044221068526871576
2023-04-15,2092.466796875,8036468153,-0.004362650507376609
2023-04-16,2120.005859375,7898126856,0.013161051129283452
2023-04-17,2076.242919921875,9648882546,-0.020642838914618267
2023-04-18,2104.537353515625,9134015143,0.013627708647316883
2023-04-19,1936.4034423828125,13779745451,-0.07989115082796949
2023-04-20,1943.09765625,11324135406,0.0034570346864029045
2023-04-21,1849.9998779296875,12044274581,-0.04791204292839435
2023-04-22,1874.2286376953125,6970642726,0.013096627764505042
2023-04-23,1862.06201171875,6607451862,-0.006491537762182253
2023-04-24,1842.7574462890625,8438191338,-0.010367305335802768
2023-04-25,1866.753662109375,8677255481,0.013021906854120191
2023-04-26,1866.564208984375,14356524696,-0.00010148801571707722
2023-04-27,1908.786376953125,14008145806,0.022620260136523074
2023-04-28,1892.5128173828125,7691759733,-0.00852560546680392
2023-04-29,1908.9169921875,4796651246,0.008667933265241068
2023-04-30,1876.92431640625,6539641957,-0.016759595054255505
2023-05-01,1831.954833984375,8625783201,-0.023959134648528724
2023-05-02,1870.789306640625,7536785767,0.02119837887694409
2023-05-03,1904.65185546875,8306390869,0.018100674783592785
2023-05-04,1877.7041015625,6578438233,-0.014148388236346676
2023-05-05,1995.0609130859375,9498261360,0.06250016252602375
2023-05-06,1900.2218017578125,9623243037,-0.04753695022846638
2023-05-07,1873.076416015625,6883942236,-0.014285377484394957
2023-05-08,1849.042724609375,9895102899,-0.012831132355707098
2023-05-09,1848.6031494140625,6129516088,-0.0002377312267921594
2023-05-10,1842.4014892578125,9945549603,-0.0033547817757508813
2023-05-11,1796.4906005859375,8353828312,-0.02491904665707234
2023-05-12,1808.019775390625,9047198660,0.006417609310578776
2023-05-13,1796.1148681640625,4647630864,-0.006584500561665818
2023-05-14,1800.5009765625,4711210241,0.0024419977119396474
2023-05-15,1817.5499267578125,6748889346,0.009469003581360047
2023-05-16,1824.1214599609375,5595959668,0.003615599828306948
2023-05-17,1821.859619140625,6352161579,-0.0012399617404649232
2023-05-18,1801.728515625,5673124255,-0.011049755592651422
2023-05-19,1812.5894775390625,4796110259,0.0060280790473556944
2023-05-20,1820.47802734375,2951655969,0.004352088491321071
2023-05-21,1804.5313720703125,3386768865,-0.00875959777262747
2023-05-22,1817.5347900390625,4534841049,0.0072059805498594365
2023-05-23,1854.380615234375,6820047160,0.020272418111193735
2023-05-24,1800.0999755859375,7101647419,-0.02927157413235626
2023-05-25,1805.9537353515625,6321689859,0.0032519081412238915
2023-05-26,1828.689697265625,5451414258,0.012589448704585227
2023-05-27,1831.1182861328125,3216737652,0.001328048640957924
2023-05-28,1910.9141845703125,6359610561,0.04357768640169235
2023-05-29,1893.078125,5884674572,-0.009333783648857619
2023-05-30,1901.026611328125,5363439784,0.004198710144688311
2023-05-31,1874.1304931640625,5984512548,-0.014148207081263298
2023-06-01,1862.201416015625,5640027197,-0.006365126223573547
2023-06-02,1907.256591796875,6097746022,0.024194577124557304
2023-06-03,1892.4124755859375,3472274607,-0.007782967574883282
2023-06-04,1890.5135498046875,3747042696,-0.0010034418002142775
2023-06-05,1811.828369140625,9246593033,-0.041621061468822385
2023-06-06,1884.494873046875,8704411776,0.040106725970251
2023-06-07,1832.39599609375,7919894455,-0.027646069882318547
2023-06-08,1846.3018798828125,4536041931,0.0075889075389308225
2023-06-09,1840.2252197265625,4610831509,-0.003291260341800495
2023-06-10,1752.384765625,10788500406,-0.04773353454780638
2023-06-11,1753.415283203125,4559112981,0.0005880658165602348
2023-06-12,1742.5286865234375,6031384958,-0.006208795362955821
2023-06-13,1739.03759765625,6214125203,-0.0020034613456795247
2023-06-14,1650.519287109375,7462905534,-0.050900745714856144
2023-06-15,1665.519775390625,7328564880,0.00908834473998854
2023-06-16,1716.6688232421875,6281023479,0.030710561716126294
2023-06-17,1727.2041015625,4875187477,0.006137047622508218
2023-06-18,1720.5775146484375,3820038842,-0.003836597486115201
2023-06-19,1737.659423828125,5210480121,0.009928009075009792
2023-06-20,1792.1199951171875,7171072578,0.03134133797581806
2023-06-21,1891.0072021484375,11731457711,0.05517889834423939
2023-06-22,1872.9429931640625,8477657143,-0.00955269179506646
2023-06-23,1892.862060546875,8290615074,0.010635170133588723
2023-06-24,1876.0596923828125,5026191704,-0.008876699741769856
2023-06-25,1900.506103515625,6937581709,0.01303072137420247
2023-06-26,1859.432861328125,8619702292,-0.021611739163331922
2023-06-27,1889.703369140625,7686042202,0.016279430380120807
2023-06-28,1827.97119140625,7135265016,-0.03266765501002877
2023-06-29,1852.227294921875,5677228612,0.013269412357076016
2023-06-30,1933.18896484375,12895131248,0.04371043993566137
2023-07-01,1924.56591796875,5136809625,-0.004460529742211228
2023-07-02,1937.4383544921875,6343966490,0.0066884882472737495
2023-07-03,1955.38916015625,7858509087,0.009265226747700916
2023-07-04,1936.633544921875,5683423776,-0.009591755757138554
2023-07-05,1910.5880126953125,6034088075,-0.013448869712526457
2023-07-06,1848.636474609375,8905008384,-0.0324253777759973
2023-07-07,1870.6025390625,6468885150,0.01188230609685803
2023-07-08,1865.53955078125,4299007854,-0.0027066082588487195
2023-07-09,1863.009765625,4392863807,-0.0013560608539179286
2023-07-10,1880.556396484375,6336468234,0.009418432035694924
2023-07-11,1878.3360595703125,4905225892,-0.0011806808443571848
2023-07-12,1872.11376953125,6379007000,-0.0033126606963430616
2023-07-13,2006.511474609375,11114853969,0.07178928293005193
2023-07-14,1939.3470458984375,10627449471,-0.03347323429785665
2023-07-15,1931.466552734375,4380084234,-0.004063477540406812
2023-07-16,1923.681884765625,4329306566,-0.0040304440984128
2023-07-17,1911.6461181640625,6678090758,-0.0062566304215256885
2023-07-18,1897.5992431640625,5814708445,-0.007348051957174251
2023-07-19,1889.0079345703125,6018487800,-0.004527462068031229
2023-07-20,1890.9691162109375,7366830684,0.0010382072011101418
2023-07-21,1892.080078125,4668158260,0.0005875092853386832
2023-07-22,1864.912353515625,4101305643,-0.014358654754347167
2023-07-23,1889.191650390625,4480604100,0.013019001578937539
2023-07-24,1850.0020751953125,6344373569,-0.020744097184215993
2023-07-25,1857.741943359375,4163381707,0.00418370782813593
2023-07-26,1872.159912109375,5781548155,0.007761018047494739
2023-07-27,1860.357177734375,4291339248,-0.006304340937255626
2023-07-28,1874.744873046875,3800973336,0.007733834924120275
2023-07-29,1881.06884765625,2497302218,0.0033732454481110175
2023-07-30,1861.643798828125,4003005547,-0.010326601736203367
2023-07-31,1856.162353515625,4391613314,-0.002944411447533879
2023-08-01,1871.7921142578125,7634860636,0.008420470716144157
2023-08-02,1839.0897216796875,6448512422,-0.017471166978973995
2023-08-03,1835.136474609375,4710581074,-0.0021495672689105794
2023-08-04,1827.712890625,4861242484,-0.00404524899760117
2023-08-05,1834.9879150390625,2866049749,0.0039803978247232585
2023-08-06,1827.4620361328125,2963395076,-0.004101323417211589
2023-08-07,1826.9388427734375,5837881974,-0.00028629506333388566
2023-08-08,1855.807373046875,5812855406,0.015801585470487156
2023-08-09,1854.297607421875,5870081833,-0.000813535740253668
2023-08-10,1850.75341796875,3760304518,-0.0019113379853046286
2023-08-11,1847.1243896484375,3353025102,-0.0019608383726750223
2023-08-12,1848.889892578125,2291124840,0.0009558116061818556
2023-08-13,1839.2801513671875,3054625661,-0.005197573554549306
2023-08-14,1844.185791015625,4083364724,0.0026671519533285615
2023-08-15,1826.9327392578125,4483923893,-0.009355376145865901
2023-08-16,1805.6590576171875,4976573383,-0.011644479943617059
2023-08-17,1684.9334716796875,14208462072,-0.06685956876976196
2023-08-18,1660.945068359375,9645084584,-0.014237003254733094
2023-08-19,1669.471923828125,4871231360,0.005133737190461396
2023-08-20,1684.85205078125,4105056995,0.009212569995102449
2023-08-21,1667.26904296875,5077248383,-0.010435935786971329
2023-08-22,1633.892578125,7244623133,-0.020018643652328416
2023-08-23,1679.2744140625,7191868448,0.027775287399602888
2023-08-24,1659.944580078125,5104531920,-0.011510825045927042
2023-08-25,1652.93505859375,5396997823,-0.004222744282248891
2023-08-26,1646.3067626953125,2423247747,-0.004010015919243992
2023-08-27,1657.5130615234375,2624065031,0.006806932390764242
2023-08-28,1652.4573974609375,4855588534,-0.0030501503607176517
2023-08-29,1729.7257080078125,11304916729,0.046759638502996026
2023-08-30,1705.1121826171875,5023904190,-0.014229727451396501
2023-08-31,1645.63916015625,6593153505,-0.03487924317662894
2023-09-01,1628.4912109375,6104510092,-0.01042023648557433
2023-09-02,1637.025390625,2943590996,0.0052405439035725365
2023-09-03,1636.11767578125,3151878318,-0.0005544903878390572
2023-09-04,1629.6552734375,3887968912,-0.003949839574139524
2023-09-05,1633.62939453125,4417491902,0.0024386268424532176
2023-09-06,1632.2523193359375,4987397046,-0.0008429544668591138
2023-09-07,1647.5982666015625,4907290296,0.009401700388986578
2023-09-08,1636.1378173828125,4598495496,-0.006955851709160243
2023-09-09,1635.162353515625,2081625742,-0.0005961990834902897
2023-09-10,1616.828857421875,4339499949,-0.011212034116571123
2023-09-11,1551.6376953125,7693700923,-0.04032038506124014
2023-09-12,1592.429443359375,6813819740,0.02628947992827646
2023-09-13,1607.988525390625,4979469106,0.009770657090104162
2023-09-14,1626.974365234375,5538958553,0.011807198586281986
2023-09-15,1641.640380859375,4348584771,0.009014288078772026
2023-09-16,1635.2216796875,2819575929,-0.003909931338625383
2023-09-17,1622.896728515625,3032716258,-0.007537174515831024
2023-09-18,1637.3470458984375,5916674789,0.008904027674040194
2023-09-19,1643.544677734375,4405868861,0.0037851668963293505
2023-09-20,1622.890625,5156431986,-0.012566772911124402
2023-09-21,1584.3070068359375,5191732312,-0.02377462631781635
2023-09-22,1593.268310546875,3460791634,0.005656292418244391
2023-09-23,1593.8577880859375,2101436678,0.00036998008129596194
2023-09-24,1580.8533935546875,3086456944,-0.008159068286052618
2023-09-25,1588.3228759765625,4394930984,0.0047249684583838825
2023-09-26,1593.417236328125,3544861160,0.0032073833529786544
2023-09-27,1597.4912109375,5533036096,0.0025567531946391053
2023-09-28,1652.8826904296875,6658092168,0.03467404334555346
2023-09-29,1667.94384765625,5529687537,0.009112054541902781
2023-09-30,1671.161865234375,3155292192,0.001929332083119517
2023-10-01,1733.8104248046875,5054880180,0.037488026069531166
2023-10-02,1663.6275634765625,8420552922,-0.04047897066718298
2023-10-03,1656.6856689453125,4742827302,-0.00417274556135816
2023-10-04,1647.838134765625,5127524863,-0.005340502634588518
2023-10-05,1611.4764404296875,5403759057,-0.022066302247040315
2023-10-06,1645.83154296875,4941208729,0.021319022529365572
2023-10-07,1634.51123046875,2578994988,-0.006878172039150754
2023-10-08,1633.548583984375,3315554175,-0.0005889506700414993
2023-10-09,1579.806640625,7020801716,-0.032898895010697204
2023-10-10,1567.7130126953125,5254966125,-0.007655131722261288
2023-10-11,1566.2547607421875,5416504273,-0.000930177871406368
2023-10-12,1539.6124267578125,5003930677,-0.01701021740023334
2023-10-13,1552.0894775390625,4575141511,0.008104020573232784
2023-10-14,1555.2568359375,2429214718,0.002040706057397923
2023-10-15,1558.06982421875,2923337883,0.0018086969407560272
2023-10-16,1600.5343017578125,8846928526,0.027254540765113022
2023-10-17,1565.4395751953125,5032686973,-0.02192688186935865
2023-10-18,1563.7498779296875,4354138855,-0.0010793755903444335
2023-10-19,1567.45703125,5035110867,0.0023706817647977108
2023-10-20,1604.6668701171875,6747486127,0.023738984945261166
2023-10-21,1629.304443359375,4212179634,0.015353699699918621
2023-10-22,1663.429931640625,5248406817,0.020944819993793384
2023-10-23,1765.3826904296875,14362295879,0.061290684296216424
2023-10-24,1784.4375,15888690475,0.010793585817743923
2023-10-25,1787.3975830078125,9439066475,0.0016588325496480483
2023-10-26,1804.039306640625,11196672635,0.009310588640725426
2023-10-27,1780.0452880859375,7493399771,-0.013300163952285393
2023-10-28,1776.6181640625,4226112731,-0.0019253015900076997
2023-10-29,1795.5460205078125,4358528382,0.01065386858481232
2023-10-30,1810.088623046875,7534051038,0.008099264721129096
2023-10-31,1816.458984375,6477922747,0.0035193643267046326
2023-11-01,1847.0897216796875,10628825648,0.01686288408831138
2023-11-02,1800.6209716796875,9004197724,-0.02515781959835861
2023-11-03,1832.795166015625,7622864055,0.01786838809609348
2023-11-04,1857.6986083984375,4845080427,0.013587684453004512
2023-11-05,1894.15771484375,8867152645,0.019625953467631962
2023-11-06,1899.83740234375,8104122602,0.002998529349214518
2023-11-07,1888.124267578125,9203228152,-0.006165335386688842
2023-11-08,1889.3223876953125,6751627017,0.0006345557534326307
2023-11-09,2120.56103515625,24709695029,0.12239237144858772
2023-11-10,2078.289794921875,14740624457,-0.019933988946118864
2023-11-11,2052.7138671875,10228351203,-0.012306237463546976
2023-11-12,2045.18701171875,7951011698,-0.003666782589169526
2023-11-13,2055.265380859375,14322027970,0.004927847225156823
2023-11-14,1979.0526123046875,13087862495,-0.03708171667973137
2023-11-15,2060.408447265625,12626326991,0.04110847506282078
2023-11-16,1960.881591796875,14651619483,-0.04830442993030459
2023-11-17,1961.28076171875,11881648738,0.0002035665608492998
2023-11-18,1963.2850341796875,8064677046,0.0010219202166552588
2023-11-19,2013.2044677734375,7716048818,0.025426483024461932
2023-11-20,2022.2391357421875,12866464824,0.004487705105652884
2023-11-21,1937.0667724609375,13653500841,-0.04211784935612506
2023-11-22,2064.42529296875,13372200584,0.06574813130783852
2023-11-23,2062.210693359375,7828437946,-0.0010727438851469984
2023-11-24,2081.152099609375,12141148820,0.009185000500188556
2023-11-25,2084.4130859375,5362623390,0.0015669139841998359
2023-11-26,2063.2861328125,8054814154,-0.010135684364837805
2023-11-27,2027.4173583984375,10574810069,-0.017384294811873313
2023-11-28,2049.338134765625,9910633038,0.010812167645888104
2023-11-29,2029.92919921875,8945151861,-0.009470831200383945
2023-11-30,2052.55615234375,8107789163,0.011146671092621574
2023-12-01,2087.139892578125,10866891430,0.016849107974407973
2023-12-02,2165.7041015625,9130124831,0.03764204271297267
2023-12-03,2193.691650390625,8278465782,0.012923071442646705
2023-12-04,2243.2158203125,16149367134,0.022575720663866372
2023-12-05,2293.841796875,15383072559,0.02256848231190145
2023-12-06,2231.661376953125,12790612571,-0.027107545082919904
2023-12-07,2357.57958984375,14766891042,0.05642353010676748
2023-12-08,2358.73193359375,12543458699,0.0004887825441670657
2023-12-09,2341.17529296875,10613312823,-0.007443253883560597
2023-12-10,2352.462646484375,7369608905,0.004821233826242777
2023-12-11,2224.578857421875,17989249470,-0.054361666168691425
2023-12-12,2202.0380859375,11391132228,-0.010132601687358522
2023-12-13,2260.648681640625,12576395493,0.02661652224701272
2023-12-14,2316.5791015625,12608711052,0.02474087211166509
2023-12-15,2219.33740234375,10259157898,-0.041976420815141524
2023-12-16,2226.926513671875,6866555430,0.0034195392373013167
2023-12-17,2196.481201171875,7410453853,-0.013671449108484612
2023-12-18,2217.2734375,10366536490,0.009466157195896718
2023-12-19,2177.87255859375,10619179629,-0.017769968394459656
2023-12-20,2201.911376953125,12652290807,0.011037752537226941
2023-12-21,2239.54248046875,12616530536,0.017090198956007274
2023-12-22,2326.52490234375,16137246310,0.03883937127050796
2023-12-23,2309.04638671875,7995772945,-0.007512713750621014
2023-12-24,2265.692138671875,9450799236,-0.018775823775668332
2023-12-25,2272.561767578125,8036302656,0.003032022219169095
2023-12-26,2231.46533203125,10668581464,-0.0180837485401647
2023-12-27,2378.739990234375,14161342927,0.06599907965814755
2023-12-28,2347.566162109375,15660799060,-0.013105185204343561
2023-12-29,2300.690673828125,12536968996,-0.019967696347748753
2023-12-30,2292.0654296875,6888195427,-0.003748980355657072
2023-12-31,2281.47119140625,6871481744,-0.004622136062972015
2024-01-01,2352.327880859375,6906765990,0.031057455259582145
2024-01-02,2355.83642578125,12910543630,0.001491520357524756
2024-01-03,2210.761962890625,19332933581,-0.06158087263741796
2024-01-04,2269.0380859375,11044564896,0.02636019798833411
2024-01-05,2268.647216796875,10860953290,-0.00017226204489362296
2024-01-06,2241.624755859375,5970741680,-0.011911266210730354
2024-01-07,2222.865966796875,6490053615,-0.008368389496710593
2024-01-08,2333.03271484375,13830287095,0.04956067963271038
2024-01-09,2344.8271484375,14891130716,0.005055408575588727
2024-01-10,2582.103515625,29042100476,0.10119141078079541
2024-01-11,2619.619140625,22575246883,0.014529094117638142
2024-01-12,2524.460205078125,23623839263,-0.036325484903951155
2024-01-13,2576.597900390625,12250316867,0.020653007406344237
2024-01-14,2472.2412109375,9405587417,-0.04050173658734413
2024-01-15,2511.36376953125,9700630000,0.01582473361444947
2024-01-16,2587.691162109375,11063317095,0.030392806292802277
2024-01-17,2528.369384765625,10441017520,-0.022924597112815248
2024-01-18,2467.018798828125,11900028080,-0.024264882460276693
2024-01-19,2489.49853515625,11405278376,0.009112105809166549
2024-01-20,2469.589111328125,5297826161,-0.007997363142403069
2024-01-21,2453.9130859375,4578471955,-0.006347624922185768
2024-01-22,2310.826416015625,13923771728,-0.05830959162402838
2024-01-23,2240.68603515625,16182147521,-0.030352942295125973
2024-01-24,2233.561767578125,10134722960,-0.0031795028247356694
2024-01-25,2217.710205078125,9302247037,-0.007096988643921831
2024-01-26,2267.19970703125,9975117607,0.022315585616102362
2024-01-27,2267.885986328125,5144367230,0.0003026990938410634
2024-01-28,2257.208740234375,7296214994,-0.004708017139361198
2024-01-29,2317.064208984375,8948195551,0.02651747163790663
2024-01-30,2344.49365234375,10173440062,0.011838016077853064
2024-01-31,2282.54443359375,10807883277,-0.02642328277923489
2024-02-01,2303.82470703125,8895583113,0.009323048929214206
2024-02-02,2308.0380859375,7186143091,0.0018288626271742991
2024-02-03,2296.038330078125,4647754021,-0.005199115184661651
2024-02-04,2289.546142578125,5438100035,-0.002827560592065126
2024-02-05,2298.888916015625,7277068110,0.0040806224708709316
2024-02-06,2372.201904296875,9520885493,0.03189061801573012
2024-02-07,2423.7451171875,9660628536,0.021728004179265792
2024-02-08,2419.906494140625,9941841732,-0.0015837568973957605
2024-02-09,2487.515625,13634203177,0.02793873689875137
2024-02-10,2501.228271484375,6474444159,0.005512587075457986
2024-02-11,2507.570556640625,7347245813,0.002535668266889557
2024-02-12,2658.115966796875,13022696866,0.060036360595147054
2024-02-13,2642.185302734375,18271237044,-0.005993216346274366
2024-02-14,2777.90234375,21448973822,0.05136545149773286
2024-02-15,2824.37890625,23734481937,0.016730812227639058
2024-02-16,2803.69140625,17057114638,-0.007324619212465078
2024-02-17,2786.672607421875,17932379943,-0.006070139812886177
2024-02-18,2878.998046875,23355830478,0.03313106792926823
2024-02-19,2943.57470703125,15163110589,0.022430254937596983
2024-02-20,3013.503662109375,20341598470,0.02375647368863687
2024-02-21,2970.35546875,18897136867,-0.014318281375232278
2024-02-22,2971.00732421875,18058908246,0.0002194536901753974
2024-02-23,2921.658203125,12822717059,-0.01661023205546175
2024-02-24,2992.385986328125,10701688842,0.02420809632265497
2024-02-25,3112.697265625,14620450464,0.04020580227502868
2024-02-26,3178.99365234375,17504464351,0.021298694046122835
2024-02-27,3244.519287109375,21090315368,0.0206120684504405
2024-02-28,3385.703857421875,32885894265,0.04351478842287437
2024-02-29,3341.919677734375,28469171094,-0.012932076026531347
2024-03-01,3435.053955078125,16880101987,0.02786849665007196
2024-03-02,3422.0498046875,12024340617,-0.003785719397915277
2024-03-03,3490.99365234375,13643324467,0.020146944548209422
2024-03-04,3630.433837890625,26772963830,0.039942835603055116
2024-03-05,3554.964599609375,47706899137,-0.02078793930730316
2024-03-06,3819.226318359375,34938642613,0.07433596350833915
2024-03-07,3874.34765625,22457177587,0.01443259270225794
2024-03-08,3892.06103515625,26135487051,0.0045719642318817755
2024-03-09,3915.4189453125,11926623780,0.006001424424042279
2024-03-10,3881.193115234375,15783924355,-0.00874129449649308
2024-03-11,4066.445068359375,28806262507,0.047730671374699885
2024-03-12,3980.273193359375,26917010932,-0.021190960052674845
2024-03-13,4006.45703125,22028114691,0.006578402189656218
2024-03-14,3883.140380859375,25434810823,-0.030779476587110888
2024-03-15,3735.22021484375,33505075433,-0.03809292261097419
2024-03-16,3522.860107421875,20199855932,-0.05685343706857138
2024-03-17,3642.4130859375,19938757095,0.03393634003909307
2024-03-18,3517.985107421875,21162220224,-0.0341608641249429
2024-03-19,3157.6181640625,34166976701,-0.10243560798455653
2024-03-20,3513.39306640625,36605316331,0.11267192037115104
2024-03-21,3492.9912109375,22213647922,-0.0058068810073729216
2024-03-22,3333.68798828125,20574952329,-0.04560653406668436
2024-03-23,3336.593994140625,13242137554,0.0008717090110383907
2024-03-24,3454.636474609375,12156660941,0.035378137308897495
2024-03-25,3590.8837890625,18603921705,0.039438972943898865
2024-03-26,3587.5048828125,18505553577,-0.0009409678643157449
2024-03-27,3500.115234375,18753082145,-0.024359450730277232
2024-03-28,3561.2939453125,16419674157,0.017479056214108946
2024-03-29,3511.80615234375,12712701619,-0.013896014686989755
2024-03-30,3507.9443359375,9389066783,-0.0010996667352133338
2024-03-31,3647.8564453125,10499881424,0.03988435846648297
2024-04-01,3505.030029296875,16002098681,-0.03915351882861429
2024-04-02,3277.234619140625,22076539151,-0.0649910010049034
2024-04-03,3311.44189453125,16010734587,0.010437847565395009
2024-04-04,3330.04052734375,14476330517,0.00561647566373269
2024-04-05,3318.88525390625,15214447092,-0.0033498911937862585
2024-04-06,3354.183837890625,8956926798,0.010635674717235144
2024-04-07,3453.49462890625,9931108526,0.02960803456678729
2024-04-08,3695.292724609375,19055143129,0.07001548335394525
2024-04-09,3505.163330078125,18279773833,-0.051451781685670994
2024-04-10,3543.737060546875,16872482726,0.011004831112360725
2024-04-11,3505.247802734375,14076734489,-0.010861205883757163
2024-04-12,3243.034912109375,22104869556,-0.07480580700184813
2024-04-13,3004.900390625,29930408174,-0.07342952756850973
2024-04-14,3156.94189453125,25486284994,0.050597851556279494
2024-04-15,3101.600341796875,21925843181,-0.01753011445356112
2024-04-16,3084.920166015625,19441391169,-0.005377925568445963
2024-04-17,2984.7275390625,17711869375,-0.03247819118850337
2024-04-18,3066.027587890625,15183777035,0.027238683519387852
2024-04-19,3059.278564453125,20399982867,-0.0022012272375354636
2024-04-20,3157.627197265625,9918642130,0.032147655318233825
2024-04-21,3147.28857421875,9394387894,-0.0032741746890918577
2024-04-22,3201.652099609375,12063858733,0.017273130222613897
2024-04-23,3219.91162109375,11054442653,0.0057031560320381924
2024-04-24,3139.80517578125,14000234760,-0.024878460883124842
2024-04-25,3156.509521484375,13989030260,0.005320185415315981
2024-04-26,3130.164794921875,10622333862,-0.008346157799679732
2024-04-27,3252.168212890625,11820785577,0.03897667565831631
2024-04-28,3262.774658203125,11379192678,0.0032613458524253236
2024-04-29,3215.428955078125,15032246816,-0.01451087129353712
2024-04-30,3012.286865234375,18266894653,-0.06317729070733402
2024-05-01,2969.78466796875,20005057445,-0.014109611457047588
2024-05-02,2988.16845703125,13163903903,0.0061902767768931
2024-05-03,3103.5419921875,12862183229,0.03861011747338838
2024-05-04,3117.576416015625,8283229638,0.004522066678476877
2024-05-05,3137.2490234375,8783447639,0.006310224609351378
2024-05-06,3062.728759765625,13008587255,-0.02375337855399917
2024-05-07,3006.5771484375,11743187337,-0.01833385054066039
2024-05-08,2973.6572265625,11791662158,-0.010949302229649516
2024-05-09,3036.0205078125,10861947179,0.0209719132026831
2024-05-10,2909.791259765625,12278653601,-0.041577205332458456
2024-05-11,2911.60205078125,6795916454,0.0006223095933592937
2024-05-12,2928.701904296875,5908941395,0.005873005038939505
2024-05-13,2949.359619140625,13352264795,0.007053539594945368
2024-05-14,2881.157958984375,12444516140,-0.023124226599441355
2024-05-15,3037.056640625,14666902956,0.05410973083044013
2024-05-16,2945.131103515625,13035465176,-0.030267969283067964
2024-05-17,3094.11865234375,14449438097,0.050587747570991715
2024-05-18,3122.948974609375,9407051320,0.009317781735288744
2024-05-19,3071.843017578125,8747800800,-0.0163646468279689
2024-05-20,3663.85546875,31228143948,0.19272223475749883
2024-05-21,3789.312744140625,37643853967,0.03424187347472718
2024-05-22,3737.2177734375,25155809461,-0.013747867811565229
2024-05-23,3776.92724609375,45623656317,0.010625410415868064
2024-05-24,3726.9345703125,22257061429,-0.013236335392203924
2024-05-25,3749.236572265625,10000027764,0.005984006837891798
2024-05-26,3825.8974609375,14650794791,0.020447066274494885
2024-05-27,3892.0068359375,18949181813,0.017279442451079374
2024-05-28,3840.25634765625,19846044324,-0.013296607756030476
2024-05-29,3763.196533203125,17411416736,-0.020066320442424512
2024-05-30,3746.849609375,15065849797,-0.0043438931992773044
2024-05-31,3760.026611328125,15290700646,0.0035168216840502087
2024-06-01,3813.198974609375,8661024535,0.014141485892959826
2024-06-02,3780.89599609375,11126903059,-0.00847135927884124
2024-06-03,3766.38916015625,14082454300,-0.0038368778068711418
2024-06-04,3812.515869140625,13331489271,0.01224693121792586
2024-06-05,3864.260986328125,15480034434,0.013572433260235606
2024-06-06,3811.60595703125,13606583873,-0.0136261576231963
2024-06-07,3678.629150390625,18220286186,-0.03488734358684775
2024-06-08,3680.949951171875,9096091805,0.0006308874002707299
2024-06-09,3705.90380859375,7910768788,0.006779189544245501
2024-06-10,3666.717529296875,10377300126,-0.010574014146293997
2024-06-11,3498.33056640625,19184721538,-0.04592308012417712
2024-06-12,3559.61767578125,17142905351,0.01751895888957078
2024-06-13,3469.28125,14472382154,-0.025378125970065946
2024-06-14,3480.27197265625,15793876596,0.003168011430681794
2024-06-15,3565.549560546875,12733651076,0.024503138996214258
2024-06-16,3620.5634765625,9878388158,0.015429295002475696
2024-06-17,3511.37890625,17838856988,-0.03015678941117861
2024-06-18,3483.681396484375,21022514455,-0.007887929643914382
2024-06-19,3559.347412109375,15275373778,0.021720130807989513
2024-06-20,3511.0869140625,16115123753,-0.013558805157003362
2024-06-21,3516.07568359375,15933353456,0.0014208618736464285
2024-06-22,3494.8134765625,7423703673,-0.006047141456727134
2024-06-23,3418.61181640625,9418141333,-0.02180421377772701
2024-06-24,3350.25634765625,23137744903,-0.019995095208515723
2024-06-25,3395.029052734375,13235546063,0.013363963957398806
2024-06-26,3369.477294921875,11694054195,-0.007526226555239823
2024-06-27,3444.800537109375,11771834016,0.0223545777563241
2024-06-28,3373.635986328125,12861158844,-0.02065854031739267
2024-06-29,3372.9677734375,6584792001,-0.00019806905467367741
2024-06-30,3432.88916015625,8396416013,0.017765182101838528
2024-07-01,3440.341552734375,12281551839,0.0021708806286613314
2024-07-02,3416.354736328125,9421757718,-0.0069722194841920215
2024-07-03,3292.916748046875,16121324440,-0.03613149037734886
2024-07-04,3054.52197265625,20252514386,-0.07239623520151972
2024-07-05,2981.5986328125,31131942647,-0.023873895979977133
2024-07-06,3069.3779296875,11586293705,0.029440346500360093
2024-07-07,2929.38720703125,10857947538,-0.045608825587177826
2024-07-08,3018.73193359375,22627377457,0.03049945952793487
2024-07-09,3064.032958984375,15269945822,0.015006640664742665
2024-07-10,3102.21875,14578679176,0.01246259146908213
2024-07-11,3100.330810546875,15230095766,-0.0006085771524413364
2024-07-12,3134.15869140625,12751638331,0.010911055279745563
2024-07-13,3177.19873046875,8565105946,0.013732565354943382
2024-07-14,3244.0791015625,10517709666,0.021050106325543716
2024-07-15,3489.552734375,18305490390,0.0756682020158721
2024-07-16,3443.513427734375,20446664416,-0.013193469233778732
2024-07-17,3388.75244140625,16739123962,-0.0159026492788078
2024-07-18,3426.258544921875,15035622003,0.011067820433664055
2024-07-19,3505.73486328125,17705629736,0.023196240831611536
2024-07-20,3519.29541015625,10360198325,0.003868103950767088
2024-07-21,3536.60546875,13845913681,0.0049186148294897425
2024-07-22,3440.419921875,18723199034,-0.027197137968854812
2024-07-23,3481.995849609375,24468405650,0.012084550339342526
2024-07-24,3336.33935546875,16040945448,-0.04183132330756956
2024-07-25,3174.42724609375,25293745810,-0.04852986825503891
2024-07-26,3275.951416015625,15993893521,0.031981885880926875
2024-07-27,3247.60791015625,15198233287,-0.008651992126869734
2024-07-28,3271.464599609375,8959236446,0.007345926636807887
2024-07-29,3320.539306640625,18334852719,0.015000836945357587
2024-07-30,3278.667724609375,14045773047,-0.012609873928464688
2024-07-31,3231.295654296875,16135380637,-0.01444857310697567
2024-08-01,3201.564453125,20217639556,-0.009201015429318393
2024-08-02,2986.01318359375,21400241741,-0.06732685619396284
2024-08-03,2903.3857421875,17844091431,-0.02767149249716494
2024-08-04,2686.39892578125,21139601426,-0.07473578631090383
2024-08-05,2417.206298828125,67668132244,-0.10020575290203382
2024-08-06,2458.723876953125,26041995921,0.01717585219975959
2024-08-07,2336.58935546875,24264218606,-0.049673947786168404
2024-08-08,2683.352783203125,23468291180,0.14840580649003665
2024-08-09,2599.5986328125,17907141655,-0.03121250061300085
2024-08-10,2610.02294921875,9361014219,0.004009971491242048
2024-08-11,2553.252197265625,13595441987,-0.021751054706288353
2024-08-12,2724.431884765625,21653090666,0.0670437834865365
2024-08-13,2703.671875,16383053029,-0.007619940833063277
2024-08-14,2662.914794921875,15825365408,-0.015074713930707695
2024-08-15,2570.087646484375,16345801912,-0.03485922591835067
2024-08-16,2593.1865234375,13275561555,0.008987583355268836
2024-08-17,2614.546875,6676568717,0.008237105726658145
2024-08-18,2613.357177734375,9207267415,-0.00045503000041835495
2024-08-19,2637.306396484375,11968963282,0.009164158253623267
2024-08-20,2573.10693359375,13249483464,-0.024342815448445854
2024-08-21,2631.3955078125,12766015263,0.02265299333570292
2024-08-22,2622.951416015625,10723280428,-0.003208978571182075
2024-08-23,2764.447021484375,16857181970,0.05394518732020126
2024-08-24,2769.3896484375,11765811307,0.0017879260896347393
2024-08-25,2749.15771484375,9375535539,-0.007305556877908126
2024-08-26,2681.340576171875,12282035835,-0.024668333251928187
2024-08-27,2458.7265625,18028996056,-0.08302340092495786
2024-08-28,2528.41552734375,20359545410,0.02834351973360194
2024-08-29,2528.792724609375,13946434277,0.00014918325787260933
2024-08-30,2525.822021484375,15526218255,-0.0011747515310726042
2024-08-31,2513.393798828125,6646876013,-0.004920466505769938
2024-09-01,2427.90234375,11800443265,-0.034014349489517204
2024-09-02,2538.187255859375,12520444224,0.04542394894641233
2024-09-03,2420.603759765625,11406800197,-0.04632577672207194
2024-09-04,2448.97705078125,16709600747,0.011721576032903469
2024-09-05,2367.737548828125,13632325040,-0.03317283105091118
2024-09-06,2223.87646484375,25825618367,-0.06075888100671323
2024-09-07,2274.107177734375,11124608320,0.022587006825558698
2024-09-08,2297.29296875,10718443487,0.010195557730363625
2024-09-09,2358.482177734375,15887712451,0.026635352920471922
2024-09-10,2389.5810546875,12795818970,0.013185970725884122
2024-09-11,2339.841552734375,15355180967,-0.020815155801287455
2024-09-12,2361.78173828125,12162634681,0.009376782595058808
2024-09-13,2441.607177734375,13759640866,0.03379882152498004
2024-09-14,2418.595703125,8170291680,-0.009424724345186375
2024-09-15,2320.897216796875,10155470375,-0.04039471590968735
2024-09-16,2295.28369140625,16819033263,-0.011036044683605084
2024-09-17,2341.707763671875,15356783863,0.020225853753695455
2024-09-18,2369.72900390625,18159056422,0.011966155926492306
2024-09-19,2464.752197265625,18437147349,0.04009875947956032
2024-09-20,2561.072021484375,19112788620,0.039078907942797114
2024-09-21,2615.857177734375,10797825021,0.021391493792606076
2024-09-22,2582.862548828125,13180663011,-0.012613314361003103
2024-09-23,2648.54638671875,19912841456,0.025430636221980274
2024-09-24,2654.35498046875,16658812503,0.0021931251720292977
2024-09-25,2579.388671875,14119729962,-0.028242759218479185
2024-09-26,2632.199951171875,17336033595,0.020474339471486358
2024-09-27,2695.900634765625,17023020294,0.024200548885121798
2024-09-28,2677.5390625,10252590559,-0.006810923232421495
2024-09-29,2659.346923828125,11126215671,-0.006794350426726936
2024-09-30,2603.062744140625,17826446789,-0.021164662339909768
2024-10-01,2448.921142578125,25482371785,-0.059215476810716816
2024-10-02,2365.231689453125,20148256472,-0.03417400898294953
2024-10-03,2349.791259765625,18051447791,-0.006528083382423278
2024-10-04,2414.7939453125,14879264082,0.027663174452933648
2024-10-05,2415.6318359375,8152969183,0.0003469822452661919
2024-10-06,2439.957763671875,8458690205,0.010070213255379601
2024-10-07,2421.796630859375,17414044416,-0.0074432160600884645
2024-10-08,2439.8408203125,14067361080,0.007450745129958358
2024-10-09,2368.283447265625,14954047093,-0.029328705566008972
2024-10-10,2383.85791015625,15327769940,0.0065762664129611625
2024-10-11,2436.513427734375,13489061564,0.022088362462288513
2024-10-12,2476.523193359375,9372169184,0.016420909144015505
2024-10-13,2467.677001953125,9189490605,-0.00357202041554483
2024-10-14,2628.89990234375,21434687898,0.06533387483978648
2024-10-15,2606.02197265625,22003780898,-0.00870247272142377
2024-10-16,2611.10205078125,17012396419,0.0019493612019787498
2024-10-17,2604.2734375,15150712321,-0.0026152226716711358
2024-10-18,2641.55224609375,17043738652,0.014314475606500121
2024-10-19,2648.656982421875,8557834553,0.002689606589697968
2024-10-20,2746.364013671875,14559296242,0.03688927328017333
2024-10-21,2665.712158203125,17328615363,-0.029366775513825272
2024-10-22,2620.197509765625,15541911074,-0.01707410468059689
2024-10-23,2509.098876953125,17876984551,-0.04240086191916037
2024-10-24,2534.49853515625,16128627601,0.010123020035770258
2024-10-25,2435.93408203125,22560233078,-0.03888913398757343
2024-10-26,2479.603271484375,13597102184,0.017927081761059283
2024-10-27,2505.940673828125,9801434566,0.01062161945285034
2024-10-28,2565.34814453125,18971841402,0.02370665487957191
2024-10-29,2637.95751953125,22185845095,0.02830390688093809
2024-10-30,2657.37255859375,22382690746,0.007359875554762585
2024-10-31,2515.79931640625,19760409505,-0.05327564692788833
2024-11-01,2511.885498046875,20215438328,-0.001555695771857435
2024-11-02,2491.068603515625,9639457439,-0.00828735806127956
2024-11-03,2456.42529296875,15667779706,-0.013907007819047301
2024-11-04,2397.0263671875,17110200696,-0.024181043059307794
2024-11-05,2422.650634765625,17894057485,0.010690023242502233
2024-11-06,2724.169189453125,41887574364,0.12445812465100636
2024-11-07,2895.58544921875,35352318438,0.06292423408548897
2024-11-08,2962.296630859375,32303261101,0.023038926949513483
2024-11-09,3131.14453125,29210133088,0.05699898471735465
2024-11-10,3191.331298828125,47418730187,0.01922197042565066
2024-11-11,3374.81298828125,55417771668,0.05749377681988088
2024-11-12,3246.25732421875,56686078066,-0.0380926778784183
2024-11-13,3192.595947265625,52010205682,-0.016530228997185037
2024-11-14,3058.94873046875,35743352141,-0.041861613246530704
2024-11-15,3103.04052734375,32701369872,0.014414035918883572
2024-11-16,3133.27392578125,26650658846,0.00974315294018413
2024-11-17,3075.66162109375,28348163224,-0.01838725437104416
2024-11-18,3207.8564453125,35445557613,0.04298093890177013
2024-11-19,3111.384033203125,29823634432,-0.030073793436219964
2024-11-20,3072.18798828125,29785491216,-0.012597623598885388
2024-11-21,3361.053955078125,51619069348,0.09402613638837987
2024-11-22,3331.600830078125,36775716442,-0.008763062239896535
2024-11-23,3396.223388671875,38835184688,0.019396849109391878
2024-11-24,3363.659912109375,27901454185,-0.009588143309746888
2024-11-25,3413.5439453125,51544793988,0.01483028442427825
2024-11-26,3326.517333984375,39902959158,-0.0254945044570557
2024-11-27,3657.249267578125,43383987191,0.09942287996365606
2024-11-28,3579.8115234375,32362724276,-0.021173767078749073
2024-11-29,3593.494384765625,27622629486,0.003822229533186672
2024-11-30,3705.705322265625,30670867436,0.03122613408711894
2024-12-01,3711.1650390625,28018113530,0.0014733272945559595
2024-12-02,3644.198486328125,47284967570,-0.018044617264257212
2024-12-03,3620.711669921875,36839829742,-0.0064449882448404106
2024-12-04,3841.3310546875,56799745752,0.06093260244895049
2024-12-05,3811.00830078125,60568296606,-0.007893814272854183
2024-12-06,4005.810546875,52853668566,0.051115670898385535
2024-12-07,4002.692626953125,22574636761,-0.0007783493216640958
2024-12-08,4005.70458984375,20943378971,0.0007524841828581152
2024-12-09,3718.6904296875,57029832059,-0.07165135464156769
2024-12-10,3631.833740234375,58416417599,-0.02335679484361486
2024-12-11,3832.822021484375,35968053196,0.055340716460503314
2024-12-12,3883.1015625,42971675764,0.013118151777930187
2024-12-13,3911.205322265625,34895127659,0.007237451638409276
2024-12-14,3868.4052734375,28756190559,-0.010942930708463194
2024-12-15,3951.941162109375,25069616984,0.02159439944037822
2024-12-16,3987.48095703125,46536359669,0.00899299697642908
2024-12-17,3886.76611328125,35418700472,-0.02525776168846805
2024-12-18,3618.791259765625,48946681636,-0.06894545380539963
2024-12-19,3417.927978515625,58879190250,-0.05550562793804503
2024-12-20,3472.553466796875,66383827229,0.015982047785855658
2024-12-21,3337.222412109375,31579389836,-0.038971625917780583
2024-12-22,3277.53515625,24780768375,-0.01788530954448675
2024-12-23,3415.785400390625,34496081389,0.042181162840310815
2024-12-24,3492.0498046875,23083678195,0.022327047913535125
2024-12-25,3493.2353515625,17651873225,0.00033949884489303805
2024-12-26,3331.225830078125,22247726776,-0.04637807223950974
2024-12-27,3328.9169921875,24091627403,-0.000693089573747363
2024-12-28,3397.90234375,14305648523,0.02072306150150305
2024-12-29,3349.513427734375,13440907792,-0.014240820106154684
2024-12-30,3356.392578125,26981583962,0.0020537760301735375
2024-12-31,3332.53173828125,20845452085,-0.0071090729967826505
2025-01-01,3353.504150390625,14195410493,0.006293237021109732
2025-01-02,3451.392578125,22243574698,0.029189893122086197
2025-01-03,3605.009765625,21877299255,0.04450875524089293
2025-01-04,3657.706787109375,16060610759,0.014617719482165947
2025-01-05,3634.103759765625,12830306908,-0.006452957745802013
2025-01-06,3688.611328125,23973574043,0.01499890260780301
2025-01-07,3381.577392578125,32235312545,-0.08323835401301194
2025-01-08,3326.329345703125,34337730882,-0.016337951334858714
2025-01-09,3219.4306640625,28815726276,-0.03213713091240178
2025-01-10,3267.489990234375,26503845190,0.014927896012281394
2025-01-11,3282.2177734375,11772144561,0.004507369034684849
2025-01-12,3265.951171875,11647743556,-0.004955978757455792
2025-01-13,3135.499755859375,39911742769,-0.03994285558798849
2025-01-14,3223.6845703125,22847737224,0.028124644018336253
2025-01-15,3450.53759765625,25991614661,0.07037072715887938
2025-01-16,3308.34521484375,26395516475,-0.041208762051769265
2025-01-17,3474.107177734375,28200207229,0.05010419171097702
2025-01-18,3305.78955078125,32420094038,-0.0484491750950794
2025-01-19,3208.96435546875,57242875399,-0.02928958236001966
2025-01-20,3278.035400390625,52383187336,0.02152440391061483
2025-01-21,3327.40625,32804001146,0.015061109347230373
2025-01-22,3240.224609375,22171220981,-0.026201080984625813
2025-01-23,3334.714111328125,32419520084,0.029161404946970837
2025-01-24,3309.554931640625,25578325671,-0.007544628669076459
2025-01-25,3317.26953125,13744316078,0.0023310081774501334
2025-01-26,3236.13427734375,14471528757,-0.02445844485711024
2025-01-27,3178.92041015625,39412486482,-0.017679695057172262
2025-01-28,3077.112548828125,20718206194,-0.0320259233300908
2025-01-29,3112.9990234375,22727786058,0.011662386097330613
2025-01-30,3247.780029296875,19958405782,0.0432961927853559
2025-01-31,3298.26513671875,30128115902,0.015544497153892722
2025-02-01,3118.32861328125,19917507079,-0.05455489961504678
2025-02-02,2868.69287109375,42060930305,-0.08005434100956466
2025-02-03,2884.566650390625,92453553253,0.005533453740142802
2025-02-04,2735.05126953125,48795275985,-0.05183287439003281
2025-02-05,2787.779052734375,31960764447,0.01927853557646908
2025-02-06,2688.40087890625,29500645692,-0.035647794157377954
2025-02-07,2622.211181640625,29526663418,-0.024620471517087794
2025-02-08,2632.308349609375,17059263074,0.0038506311160004802
2025-02-09,2628.72119140625,17517088276,-0.0013627424019899692
2025-02-10,2661.166748046875,19414208113,0.0123427150611084
2025-02-11,2602.781982421875,21156550492,-0.02193953673434812
2025-02-12,2736.902099609375,26919387954,0.051529524214203315
2025-02-13,2675.902587890625,19481004625,-0.022287794557012575
2025-02-14,2726.091552734375,17732289901,0.018755901306300338
2025-02-15,2693.559814453125,10803019357,-0.011933472391497446
2025-02-16,2663.31591796875,10593602117,-0.011228225310643603
2025-02-17,2743.19970703125,24170425078,0.029994109419593684
2025-02-18,2669.3388671875,23004152928,-0.026925068435387
2025-02-19,2715.77099609375,15272401903,0.017394617624989728
2025-02-20,2740.386474609375,15917259320,0.009063900656951951
2025-02-21,2659.655517578125,31441524621,-0.029459697666460616
2025-02-22,2764.029296875,16403164397,0.039243345090012705
2025-02-23,2821.310302734375,20493767269,0.020723733255699095
2025-02-24,2513.8212890625,29127380459,-0.10898801644535905
2025-02-25,2493.592529296875,40044790246,-0.008047015853369976
2025-02-26,2331.45263671875,28815111323,-0.06502260921668868
2025-02-27,2305.484375,24286213447,-0.01113823258073876
2025-02-28,2237.9052734375,35737904667,-0.029312322518993406
2025-03-01,2216.643310546875,16135258239,-0.009500832382402846
2025-03-02,2519.694580078125,34854193845,0.13671629895947635
2025-03-03,2145.573974609375,31473561910,-0.14847855308604507
2025-03-04,2170.01513671875,33935738380,0.011391432967872817
2025-03-05,2241.977294921875,22105432727,0.03316205356610458
2025-03-06,2202.476806640625,18509069102,-0.017618594251921915
2025-03-07,2138.987548828125,22425792863,-0.02882630029114286
2025-03-08,2201.51025390625,10533204814,0.029230046295678047
2025-03-09,2015.5091552734375,16103964994,-0.08448795471326165
2025-03-10,1861.1513671875,35005066442,-0.07658500963990722
2025-03-11,1919.844970703125,30898385863,0.031536179458804936
2025-03-12,1908.982666015625,22898872951,-0.005657907202539225
2025-03-13,1862.9696044921875,17977225564,-0.024103446480985946
2025-03-14,1909.467529296875,12122715282,0.024959035666801466
2025-03-15,1937.3946533203125,6456484591,0.01462560823630299
2025-03-16,1887.43505859375,9292997638,-0.025786999381329778
2025-03-17,1927.0029296875,10436892087,0.020963831795744126
2025-03-18,1932.54345703125,10170844746,0.002875204421535882
2025-03-19,2057.7490234375,20065206266,0.06478796942480636
2025-03-20,1982.099853515625,13217865782,-0.03676306928602102
2025-03-21,1964.8475341796875,9708125480,-0.008704061657306195
2025-03-22,1980.037841796875,6117036512,0.007731036303297412
2025-03-23,2005.2991943359375,7522339707,0.012758015026691494
2025-03-24,2077.47900390625,14044912402,0.035994533770415726
2025-03-25,2067.76416015625,11735658914,-0.004676265671871183
2025-03-26,2009.1893310546875,13178523590,-0.028327615997143618
2025-03-27,2002.357421875,11593274543,-0.003400331205273277
2025-03-28,1895.5029296875,18160526498,-0.05336434495667708
2025-03-29,1827.3203125,12194771785,-0.03597072635426679
2025-03-30,1806.2186279296875,9854857162,-0.01154788485957492
2025-03-31,1823.47998046875,15765030938,0.009556624138489678
2025-04-01,1905.491455078125,15001220420,0.044975253629213396
2025-04-02,1795.313232421875,22593742104,-0.05782142048584138
2025-04-03,1815.63720703125,16450974373,0.011320573057860273
2025-04-04,1815.335205078125,18061720814,-0.00016633386447217902
2025-04-05,1805.9732666015625,6374712479,-0.0051571403729591125
2025-04-06,1576.72802734375,22154445576,-0.12693722742042624
2025-04-07,1555.240966796875,46073959047,-0.013627626435405826
2025-04-08,1472.5531005859375,21315312919,-0.05316723773116572
2025-04-09,1668.0400390625,39252195855,0.1327537447707503
2025-04-10,1522.518798828125,21379604307,-0.08724085563087758
2025-04-11,1567.1497802734375,14871838813,0.02931391157840868
2025-04-12,1643.528564453125,12110995013,0.04873738626716384
2025-04-13,1596.685791015625,13909890792,-0.028501344272703122
2025-04-14,1622.7698974609375,16518325094,0.016336405441875312
2025-04-15,1588.6324462890625,13175452875,-0.021036532181973544
2025-04-16,1578.1053466796875,15339621551,-0.00662651680945181
2025-04-17,1582.54833984375,11312160796,0.002815397066748826
2025-04-18,1588.9246826171875,7123507323,0.004029161456178265
2025-04-19,1612.9228515625,7168138700,0.015103402450633574
2025-04-20,1587.5142822265625,7642784469,-0.01575312130479345
2025-04-21,1579.7344970703125,15403785611,-0.004900607977736393
2025-04-22,1757.3316650390625,23747917555,0.11242216226721125
2025-04-23,1796.104248046875,22904644756,0.022063326905880754
2025-04-24,1769.8316650390625,15207402759,-0.014627537926254486
2025-04-25,1786.634521484375,17459399281,0.009494042160750782
2025-04-26,1821.881103515625,11926379867,0.019727919508667258
2025-04-27,1792.864990234375,11321944113,-0.015926458222360718
2025-04-28,1798.851806640625,17043640437,0.0033392455309573243
2025-04-29,1799.1756591796875,14734257744,0.00018003291759050022
2025-04-30,1793.775390625,14810431362,-0.0030015237962643937
2025-05-01,1839.2215576171875,15861442721,0.025335483600515296
2025-05-02,1842.7078857421875,13570171872,0.0018955454880142941
2025-05-03,1833.8397216796875,8344452620,-0.004812571830357215
2025-05-04,1808.59423828125,8918979887,-0.013766461212495806
2025-05-05,1819.697509765625,11389336489,0.006139172208646793
2025-05-06,1815.0875244140625,13206516310,-0.0025333800408158247
2025-05-07,1811.606689453125,50540755039,-0.0019177229274721652
2025-05-08,2206.5146484375,37777245241,0.2179876908621854
2025-05-09,2345.50732421875,43766026875,0.0629919569669184
2025-05-10,2582.422607421875,30265913403,0.10100811912068441
2025-05-11,2510.23779296875,26496368543,-0.027952363120453683
2025-05-12,2496.397705078125,32121858921,-0.005513456904119418
2025-05-13,2680.129638671875,33528741590,0.0735988233044782
2025-05-14,2610.063232421875,26602676588,-0.02614291683469505
2025-05-15,2546.85693359375,26637688883,-0.02421638604114429
2025-05-16,2536.297607421875,21298907763,-0.004146022508211833
2025-05-17,2475.75439453125,18830706230,-0.023870705359441913
2025-05-18,2498.233642578125,25005164865,0.009079756900171487
2025-05-19,2529.166748046875,27351331811,0.01238199059589462
2025-05-20,2524.173095703125,23453322578,-0.001974425904344268
2025-05-21,2552.34716796875,31952904125,0.011161703733228778
2025-05-22,2664.156982421875,26596978352,0.04380666386466037
2025-05-23,2526.44189453125,30536501878,-0.051691806751355096
2025-05-24,2530.646240234375,11380899856,0.001664137106111907
2025-05-25,2551.763916015625,14556431364,0.008344775909608915
2025-05-26,2564.138427734375,14936610009,0.004849395212889407
2025-05-27,2663.06982421875,26264200536,0.03858270497969518
2025-05-28,2682.212890625,19087366068,0.007188345657390238
2025-05-29,2632.65478515625,27567479811,-0.01847657419064974
2025-05-30,2529.943603515625,24599403943,-0.039014299261621144
2025-05-31,2529.08740234375,13992843765,-0.00033842697943353706
2025-06-01,2536.266357421875,13287852482,0.002838555548326349
2025-06-02,2607.097412109375,16744168824,0.027927293393387842
2025-06-03,2593.2802734375,18291179016,-0.005299816803046031
2025-06-04,2608.64306640625,18621211035,0.005924077364914293
2025-06-05,2416.28564453125,26194462737,-0.07373849813037003
2025-06-06,2477.19482421875,19407449565,0.02520777285804554
2025-06-07,2526.50537109375,11664303387,0.019905800865118284
2025-06-08,2510.787109375,12097170203,-0.006221345063654238
2025-06-09,2681.51708984375,20605172560,0.06799858890117094
2025-06-10,2813.517578125,35555755055,0.049226047740363876
2025-06-11,2773.529296875,30705408054,-0.01421291324458307
2025-06-12,2651.795166015625,25924959613,-0.04389141697422694
2025-06-13,2579.486083984375,37986747138,-0.02726797414745119
2025-06-14,2533.444091796875,14285000473,-0.017849288846087386
2025-06-15,2546.837158203125,13961893828,0.005286505610925474
2025-06-16,2540.60498046875,22792449577,-0.0024470263889081467
2025-06-17,2510.761474609375,25653232897,-0.011746613932036243
2025-06-18,2524.301513671875,19873957905,0.005392801825034654
2025-06-19,2521.653564453125,12782730709,-0.0010489829382142046
2025-06-20,2407.30419921875,22592586688,-0.04534697662134013
2025-06-21,2300.49560546875,16108791762,-0.04436854876282892
2025-06-22,2228.213134765625,28458151601,-0.031420390689421374
2025-06-23,2421.824951171875,26247439429,0.0868910668308287
2025-06-24,2448.0087890625,19539047009,0.01081161455453472
2025-06-25,2419.310302734375,17158118625,-0.011723195789307361
2025-06-26,2416.146728515625,18300413888,-0.0013076347482894324
2025-06-27,2423.866943359375,15309834970,0.0031952591093227234
2025-06-28,2437.109375,8273074809,0.00546334924732772
2025-06-29,2500.9599609375,12500580479,0.02619931078698512
2025-06-30,2486.46435546875,16859727663,-0.005796016607685361
2025-07-01,2405.792724609375,15025451796,-0.032444314225516746
2025-07-02,2571.33544921875,22792512025,0.06881005288444131
2025-07-03,2591.00732421875,20873559425,0.007650450666005781
2025-07-04,2508.518310546875,17222740209,-0.03183665785149692
2025-07-05,2517.280029296875,9289382302,0.003492786444157847
2025-07-06,2571.236572265625,13190436110,0.021434461935417204
2025-07-07,2543.01318359375,18440266947,-0.010976581842489175
2025-07-08,2615.505859375,17537487206,0.028506606355380493
2025-07-09,2770.777587890625,27229452849,0.05936584999764771
2025-07-10,2954.84521484375,33929201261,0.06643175827521208
2025-07-11,2957.88623046875,36226558863,0.0010291624108509367
2025-07-12,2942.91162109375,16317198254,-0.005062604917237423
2025-07-13,2973.35888671875,17361753131,0.010345966697322684
2025-07-14,3013.350830078125,36349290556,0.013450089573111779
2025-07-15,3139.8896484375,39013656112,0.04199272686615596
2025-07-16,3371.5068359375,46771354461,0.07376602792880305
2025-07-17,3476.784423828125,47532846793,0.03122567831346279
2025-07-18,3549.016357421875,59198465810,0.020775499653849394
2025-07-19,3595.273681640625,26031719746,0.013033843623181607
2025-07-20,3759.471435546875,44600451066,0.04567044638207407
2025-07-21,3763.371337890625,42611467663,0.0010373538968471152
2025-07-22,3749.1455078125,45248868820,-0.0037800761075303946
2025-07-23,3629.70361328125,41283228953,-0.03185843128317001
2025-07-24,3708.005615234375,40377960354,0.021572560819185016
2025-07-25,3727.266845703125,42264509577,0.005194498732584263
2025-07-26,3741.39599609375,24635287361,0.0037907536475187964
2025-07-27,3875.24658203125,28897450394,0.03577557309550983
2025-07-28,3787.42578125,35831336149,-0.022661990384936437
2025-07-29,3793.454833984375,35540435995,0.0015918602984175134
2025-07-30,3808.20166015625,34392494235,0.0038874395023140718
2025-07-31,3696.707763671875,32839839444,-0.029277308933214563
2025-08-01,3488.365966796875,46261558200,-0.05635874139752328
2025-08-02,3392.7412109375,30165065282,-0.027412478154400954
2025-08-03,3497.379150390625,19363593865,0.030841709681774132
2025-08-04,3718.986083984375,30905749658,0.06336371438852972
2025-08-05,3611.8994140625,32778742296,-0.028794587423448093
2025-08-06,3683.920654296875,26924415763,0.01993999056395901
2025-08-07,3914.325927734375,38627826066,0.06254349511267532
2025-08-08,4009.848876953125,45460293892,0.02440342244929994
2025-08-09,4263.59912109375,45279715746,0.06328174749903215
2025-08-10,4254.2177734375,36173931367,-0.0022003353011864624
2025-08-11,4226.966796875,49989853803,-0.006405637420032861
2025-08-12,4590.9248046875,57237189036,0.08610382463415012
2025-08-13,4756.27587890625,62550014642,0.036016942392504525
2025-08-14,4548.16650390625,75681632806,-0.04375468965602913
2025-08-15,4439.98876953125,55445715824,-0.023784910750758614
2025-08-16,4426.18017578125,26816931514,-0.0031100515039045318
2025-08-17,4473.271484375,31348101438,0.010639266076744924
2025-08-18,4312.5048828125,53518423360,-0.03593937951766457
2025-08-19,4073.464111328125,50440367102,-0.055429681352263005
2025-08-20,4334.50048828125,49577862965,0.06408215951312646
2025-08-21,4223.2099609375,33618359942,-0.025675513855549226
2025-08-22,4831.3486328125,75965521535,0.14399915644733907
2025-08-23,4776.09033203125,36503623278,-0.011437448418844975
2025-08-24,4779.6474609375,52405003873,0.0007447783980119027
2025-08-25,4372.98779296875,63936163545,-0.08508151935728459
2025-08-26,4600.4267578125,53829747706,0.05200997021062914
2025-08-27,4503.39306640625,43509902322,-0.021092323933093016
2025-08-28,4507.177734375,36045274078,0.0008404036496352241
2025-08-29,4360.15283203125,46899991962,-0.032620169651272346
2025-08-30,4374.1533203125,25883112278,0.0032110086092389523
2025-08-31,4390.01904296875,26683044984,0.0036271528440883216
2025-09-01,4314.47021484375,37530746508,-0.017209225605980594
2025-09-02,4325.36572265625,39884692334,0.002525340834435452
2025-09-03,4450.38916015625,35260873497,0.028904708992612438
2025-09-04,4298.744140625,34919798552,-0.03407455260068215
2025-09-05,4306.98876953125,44163736676,0.00191791570666755
2025-09-06,4274.2421875,18108246446,-0.007603126867408605
2025-09-07,4305.34765625,17426783536,0.007277423081211376
2025-09-08,4308.072265625,32277142378,0.0006328430576436617
2025-09-09,4309.04150390625,30703320925,0.00022498189944109015
2025-09-10,4349.14599609375,39521365146,0.009307056372314992
2025-09-11,4461.2333984375,35959212991,0.025772278613875654
2025-09-12,4715.24609375,43839753626,0.05693777317310178
2025-09-13,4668.1796875,34843845977,-0.009981749693273922
2025-09-14,4609.59765625,28394160275,-0.012549223717087221
2025-09-15,4526.8203125,40224062009,-0.0179576071325368
2025-09-16,4503.564453125,32761501436,-0.005137349788500112
2025-09-17,4592.7333984375,44120899417,0.019799637873646025
2025-09-18,4589.9189453125,33497259158,-0.0006128056825500661
2025-09-19,4470.9169921875,30352619653,-0.025926809284188335
2025-09-20,4482.265625,18056494322,0.002538323308692858
2025-09-21,4451.3291015625,19330306133,-0.006901983511407805
2025-09-22,4202.87744140625,58221334533,-0.055815163176552995
2025-09-23,4165.50390625,32460075911,-0.008892368544476281
2025-09-24,4153.46923828125,33538388785,-0.0028891265593804505
2025-09-25,3868.333984375,68963092031,-0.0686499014554498
2025-09-26,4035.887939453125,47873508328,0.043314242191835106
2025-09-27,4018.658203125,20382555776,-0.004269131498844225
2025-09-28,4141.4765625,24631307054,0.03056203169493088
2025-09-29,4217.341796875,38560429932,0.018318402441761972
2025-09-30,4145.95751953125,37679153330,-0.016926367551390986
2025-10-01,4351.1123046875,46161664723,0.04948308905476795
2025-10-02,4487.923828125,48074066058,0.03144288491246505
2025-10-03,4514.87060546875,49603450230,0.006004285806920251
2025-10-04,4489.197265625,21832270764,-0.005686395488865736
2025-10-05,4515.4228515625,44880806324,0.005841932173111797
2025-10-06,4687.771484375,44992456374,0.0381688799649984
2025-10-07,4451.15185546875,54879425294,-0.05047593076900958
2025-10-08,4527.64794921875,40456628235,0.017185685016793073
2025-10-09,4369.1435546875,47903074596,-0.03500810935589638
2025-10-10,3843.0087890625,97736621123,-0.12042057191289324
2025-10-11,3750.611572265625,62475475938,-0.02404293663335999
2025-10-12,4164.427734375,61216174681,0.11033298280456205
2025-10-13,4245.4677734375,50253782420,0.01946006611990403
2025-10-14,4125.412109375,67094148347,-0.028278547964407763
2025-10-15,3987.45947265625,50462889453,-0.03343972264134598
2025-10-16,3894.75439453125,49147390731,-0.023249158708877005
2025-10-17,3832.558837890625,57404271888,-0.015969057439913503
2025-10-18,3890.34619140625,23815676385,0.015078008181977465
2025-10-19,3984.649658203125,32870655221,0.024240379173758653
2025-10-20,3980.76025390625,40224612563,-0.0009760969295927735
2025-10-21,3876.76416015625,49960290350,-0.02612468149719649
2025-10-22,3808.122314453125,46173305673,-0.017705963754152787
2025-10-23,3856.0263671875,36361652714,0.01257944172448533
2025-10-24,3934.5673828125,34090708715,0.0203683813713873
2025-10-25,3953.470947265625,15245229017,0.004804483597282472
2025-10-26,4157.9892578125,29120786315,0.051731330083082616
2025-10-27,4120.1220703125,40271333201,-0.009107091228975794
2025-10-28,3982.262451171875,39684155177,-0.03346008122768285
2025-10-29,3903.35302734375,35255876156,-0.01981522433432381
2025-10-30,3804.375244140625,39981939289,-0.025357117972616416
2025-10-31,3847.080322265625,37800100395,0.01122525392067275
2025-11-01,3874.18798828125,17490279524,0.007046295825625215
2025-11-02,3911.063232421875,20479611654,0.009518186585722344
2025-11-03,3602.30810546875,53091469560,-0.0789440386423853
2025-11-04,3292.574462890625,76827517773,-0.08598199640611282
2025-11-05,3425.171142578125,46955882330,0.040271429297028094
2025-11-06,3312.2578125,36731850433,-0.03296574838976807
2025-11-07,3435.301025390625,42609994022,0.037147836870148554
2025-11-08,3400.3759765625,23613870398,-0.01016651774327515
2025-11-09,3582.621337890625,28821543888,0.053595650182295396
2025-11-10,3568.4599609375,35638045619,-0.003952797579624412
2025-11-11,3415.2822265625,39734688531,-0.04292544572498369
2025-11-12,3413.09423828125,34898956623,-0.0006406464052173266
2025-11-13,3232.757080078125,50283416669,-0.05283685290035778
2025-11-14,3103.78564453125,47003809463,-0.039895183075048135
2025-11-15,3166.63134765625,19932940649,0.02024808099609965
2025-11-16,3092.847412109375,30987886524,-0.023300450051277788
2025-11-17,3024.538818359375,41026793235,-0.02208598894421776
2025-11-18,3122.97900390625,41581494270,0.03254717213392322
2025-11-19,3023.07080078125,40229739844,-0.031991314382848524
2025-11-20,2831.777587890625,43917885207,-0.0632777812683677
2025-11-21,2765.69921875,51476486049,-0.023334590055091975
2025-11-22,2767.607421875,15408928941,0.0006899532357182991
2025-11-23,2801.676025390625,20358404499,0.012309767363083646
2025-11-24,2952.71337890625,32491657389,0.05390964270915899
2025-11-25,2957.936279296875,23336017779,0.0017688477411781367
2025-11-26,3027.81201171875,21433162961,0.023623136478952533
2025-11-27,3014.542236328125,16972780500,-0.0043826285579375845
2025-11-28,3032.304443359375,20659958964,0.0058921738820569836
2025-11-29,2991.685302734375,12775481230,-0.013395469150188521
2025-11-30,2992.112548828125,11530446514,0.0001428111751458072
2025-12-01,2800.18896484375,36679598313,-0.06414317003534598
2025-12-02,2997.939697265625,26593645111,0.07062049558248629
2025-12-03,3191.57177734375,29949301036,0.06458838390069488
2025-12-04,3134.31640625,27434991113,-0.01793955301277983
2025-12-05,3024.432861328125,28000268228,-0.03505821706537382
2025-12-06,3040.207763671875,10962819760,0.005215821632364781
2025-12-07,3061.3017578125,20383496376,0.0069383396729270075
2025-12-08,3125.197998046875,25262165670,0.02087224497595197
2025-12-09,3321.114990234375,32012553374,0.0626894655346446
2025-12-10,3325.39013671875,30694387989,0.0012872624094455443
2025-12-11,3237.056884765625,29066243707,-0.026563274780229462
2025-12-12,3084.172607421875,24391003174,-0.0472294070775402
2025-12-13,3116.6953125,9916869400,0.01054503402301843
2025-12-14,3060.5947265625,15619543350,-0.018000022559953033
2025-12-15,2964.18310546875,28765976892,-0.03150094334836495
2025-12-16,2964.180908203125,22709189818,-7.412718940891239e-07
2025-12-17,2831.403564453125,26159825528,-0.04479394067431908
2025-12-18,2827.069091796875,29194181349,-0.001530856537254932
2025-12-19,2977.970703125,27870687989,0.05337740480626607
2025-12-20,2977.58251953125,7612418215,-0.00013035171680586544
2025-12-21,3001.61376953125,11178096676,0.008070725107488519
2025-12-22,3006.07373046875,20342034264,0.0014858543703297755
2025-12-23,2963.3740234375,21453213168,-0.014204477620910372
2025-12-24,2945.590576171875,13984770325,-0.006001080904730394
2025-12-25,2903.57958984375,11828871179,-0.014262330504439258
2025-12-26,2925.74560546875,18562196049,0.007634030664264602
2025-12-27,2947.998291015625,7378783299,0.0076058169600530245
2025-12-28,2948.568115234375,9227601389,0.0001932919094582708
2025-12-29,2934.538330078125,25957694515,-0.004758168917232131
2025-12-30,2971.416748046875,18816704381,0.01256702548089339
2025-12-31,2967.03759765625,16451891101,-0.0014737583994245407
2026-01-01,3000.394287109375,10268796662,0.01124242223269234
2026-01-02,3124.422607421875,25242778003,0.04133734051066695
2026-01-03,3125.91748046875,11460707919,0.00047844777570227315
2026-01-04,3140.71044921875,13890479323,0.004732360608502573
2026-01-05,3226.13037109375,27211995956,0.027197643098951785
2026-01-06,3295.94677734375,27853981622,0.021640912864389295
2026-01-07,3166.843994140625,22665982583,-0.03917016624496916
2026-01-08,3104.382568359375,22760237888,-0.01972355629036915
2026-01-09,3083.047119140625,18879517395,-0.006872686838344633
2026-01-10,3082.39599609375,6960662969,-0.00021119464663144072
2026-01-11,3118.88525390625,10497219711,0.01183795263773435
2026-01-12,3092.3251953125,21152711365,-0.008515881935856728
2026-01-13,3322.095458984375,27237310134,0.07430339604003233
2026-01-14,3354.72265625,33926411912,0.009821270239958713
2026-01-15,3317.101318359375,27598686935,-0.011214440579919382
2026-01-16,3295.482177734375,22732887284,-0.006517479736100618
2026-01-17,3308.8642578125,11206492253,0.004060735078022848
2026-01-18,3281.15771484375,13557863288,-0.0083734299173297
2026-01-19,3186.62109375,27956112545,-0.028811971050971552
2026-01-20,2935.605712890625,32985301273,-0.07877164352915944
2026-01-21,2978.901123046875,35797876195,0.014748373722715646
2026-01-22,2949.63330078125,21993593333,-0.009825039857546347
2026-01-23,2953.25634765625,22417700837,0.0012283041671792283
2026-01-24,2948.74072265625,8198666763,-0.0015290325215363554
2026-01-25,2815.90234375,22414089670,-0.04504918926428636
2026-01-26,2926.45703125,29668620102,0.03926083862438623
2026-01-27,3022.2109375,27976005223,0.032720079340819774
2026-01-28,3006.607421875,21751566455,-0.005162947242162819
2026-01-29,2818.232666015625,37487198041,-0.06265359238084345
2026-01-30,2702.375244140625,41877689970,-0.041109956346790044
2026-01-31,2445.091796875,47569532203,-0.09520641066538593
2026-02-01,2267.96484375,40358630560,-0.0724418417956253
2026-02-02,2344.356689453125,48844346396,0.03368299377022699
2026-02-03,2227.558837890625,47906083919,-0.04982085366444211
2026-02-04,2143.504150390625,45219604814,-0.037733992059035826
2026-02-05,1821.68310546875,60381662655,-0.15013782215594373
2026-02-06,2063.386962890625,64998454203,0.1326816155325108
2026-02-07,2090.54931640625,41145430304,0.013163964881106383
2026-02-08,2088.762939453125,19541713443,-0.0008545012256375717
2026-02-09,2103.567626953125,26750982266,0.007087777756089597
2026-02-10,2019.4974365234375,23267337087,-0.03996552777885132
2026-02-11,1940.621337890625,23922680362,-0.03905729079240505
2026-02-12,1946.940673828125,20106364835,0.0032563467246882194
2026-02-13,2048.52734375,20412430639,0.05217758881277712
2026-02-14,2086.009765625,16925555543,0.01829725240883784
2026-02-15,1966.04296875,31030538835,-0.05751017989077156
2026-02-16,1997.917724609375,19219250473,0.016212644568821766
2026-02-17,1992.1943359375,20929890501,-0.0028646768590002702
2026-02-18,1953.97412109375,20187307041,-0.019184983188783145
2026-02-19,1948.2010498046875,17380103826,-0.002954528018943803
2026-02-20,1969.0223388671875,21682976627,0.010687443713567113
2026-02-21,1973.7371826171875,11561261802,0.0023945100352251725
2026-02-22,1957.805908203125,9488829492,-0.008071629067117003
2026-02-23,1855.5028076171875,23731172668,-0.05225395436661606
2026-02-24,1852.969482421875,18475122228,-0.001365303886856295
2026-02-25,2054.6279296875,27717195805,0.10882988045871778
2026-02-26,2026.7926025390625,23327720766,-0.013547624241957545
2026-02-27,1930.7618408203125,21136821039,-0.04738065532627633
2026-02-28,1965.050537109375,21675923669,0.017759153699916874
2026-03-01,1939.066650390625,23649071468,-0.013223011941958851
2026-03-02,2027.2689208984375,26235436166,0.045486972038864204
2026-03-03,1982.7689208984375,24100196312,-0.021950713860043103
2026-03-04,2126.50537109375,33610946768,0.07249278959354588
2026-03-05,2071.60546875,22383576284,-0.025816959171616194
2026-03-06,1978.751220703125,19733648079,-0.04482236094062009
2026-03-07,1969.4554443359375,10236899078,-0.004697799435284367
2026-03-08,1936.604736328125,16314032554,-0.016680097080789325
2026-03-09,1992.938232421875,24015826480,0.02908879392733521
2026-03-10,2037.1204833984375,23552353781,0.022169403074209226
2026-03-11,2051.5732421875,19031715359,0.007094700046877733
2026-03-12,2073.13623046875,20624954899,0.010510464768130001
2026-03-13,2092.5634765625,29345212033,0.009370945241431228
2026-03-14,2097.086669921875,10073411269,0.0021615561057222177
2026-03-15,2177.476318359375,15333885132,0.03833396568225522
2026-03-16,2351.176025390625,38938369545,0.07977111189072517
2026-03-17,2318.053466796875,26737564550,-0.014087655809712052
2026-03-18,2203.671630859375,25617966362,-0.04934391616753975
2026-03-19,2137.423828125,24090913749,-0.03006246566260873
2026-03-20,2146.4970703125,17970488517,0.00424494293930433
2026-03-21,2076.68994140625,8654913047,-0.03252141820817256
2026-03-22,2053.04833984375,16438149794,-0.01138427123429453
2026-03-23,2152.14599609375,28509077302,0.04826854503462008
2026-03-24,2155.704345703125,18389631713,0.0016533960130185044
2026-03-25,2168.021484375,17086301657,0.005713742098458985
2026-03-26,2059.578369140625,18628112246,-0.050019391420208725
2026-03-27,1991.27197265625,19453998121,-0.03316523299517671
2026-03-28,1992.694580078125,8641221084,0.0007144214559386963
2026-03-29,1982.5596923828125,9451184647,-0.005086021609450597
2026-03-30,2023.514892578125,17840662425,0.020657738756954647
2026-03-31,2104.708251953125,21278561395,0.040124913175980215
2026-04-01,2138.737060546875,19542997434,0.016167945634351977
2026-04-02,2056.8525390625,18847170816,-0.038286390129433245
2026-04-03,2053.38525390625,9609678843,-0.001685723740716183
2026-04-04,2065.3515625,6926913517,0.005827600335098326
2026-04-05,2108.99560546875,9928800793,0.021131532161972943
2026-04-06,2107.761474609375,19097527675,-0.0005851746946151648
2026-04-07,2241.806640625,22588914083,0.06359598447469827
2026-04-08,2190.33544921875,21469476310,-0.022959692630716844
2026-04-09,2189.14404296875,17218638798,-0.0005439378020498653
2026-04-10,2245.148681640625,17131968712,0.025582893392399164
2026-04-11,2285.39013671875,12620960384,0.017923737259448957
2026-04-12,2192.201171875,15307071617,-0.04077595476873197
2026-04-13,2370.71484375,23709131572,0.08143124552858283
2026-04-14,2323.30859375,25185167270,-0.01999660571788242
2026-04-15,2359.43701171875,17004367348,0.015550417222206292
2026-04-16,2348.64501953125,20602833116,-0.004573969185826421
2026-04-17,2421.07177734375,26467618336,0.030837677558848364
2026-04-18,2351.1005859375,14400085617,-0.02890091572709097
2026-04-19,2264.9169921875,17083701612,-0.036656702084753356
2026-04-20,2315.21240234375,19084768822,0.022206292914811687
2026-04-21,2327.970458984375,16107716719,0.005510533991485822
2026-04-22,2376.088134765625,22465555335,0.020669366999717997
2026-04-23,2331.513916015625,19909161913,-0.018759497216376042
2026-04-24,2315.690185546875,13371168064,-0.006786890852357175
2026-04-25,2318.8291015625,6545621782,0.0013554991229898228
2026-04-26,2369.72900390625,10622966933,0.021950691540593592
2026-04-27,2303.06396484375,17879618684,-0.028131925191703266
2026-04-28,2289.419677734375,12761522276,-0.0059244064939814045
2026-04-29,2253.415771484375,21884731493,-0.01572621507544203
2026-04-30,2256.251220703125,12309496389,0.0012582894176169646
2026-05-01,2295.09375,13243880777,0.017215516135995923
2026-05-02,2316.23193359375,6905015549,0.009210161281538065
2026-05-03,2321.6357421875,9861070993,0.002333017050397679
2026-05-04,2346.39697265625,25497505008,0.01066542438971041
2026-05-05,2361.1826171875,17739612383,0.006301424994813232
2026-05-06,2350.802001953125,22745786496,-0.004396362720448854
2026-05-07,2291.107666015625,23409823896,-0.025393178961011564
2026-05-08,2306.97216796875,20013463010,0.00692438080865676
2026-05-09,2326.727294921875,12217205123,0.008563227258402195
2026-05-10,2369.0439453125,19587186882,0.018187198165845242
2026-05-11,2339.36083984375,15525623296,-0.012529571487047475
2026-05-12,2274.6435546875,16145394773,-0.027664515902802167
2026-05-13,2257.576416015625,15193768365,-0.007503214574742345
2026-05-14,2280.934814453125,17563432027,0.010346670115700896
2026-05-15,2223.328857421875,18146855938,-0.02525541574718848
2026-05-16,2179.751953125,11451672017,-0.01959984648757984
2026-05-17,2127.645263671875,10143205921,-0.023904871092521485
2026-05-18,2128.51611328125,19890789125,0.000409302069402262
2026-05-19,2109.9638671875,12030742868,-0.008716046816836354
2026-05-20,2126.9833984375,12076799234,0.008066266685735402
2026-05-21,2131.41064453125,14344389472,0.0020814671600175583
2026-05-22,2064.636962890625,13229489284,-0.031328398313085315
2026-05-23,2115.951416015625,16650709488,0.024853983556100134
2026-05-24,2097.993896484375,10602558120,-0.0084867352791419
2026-05-25,2111.370361328125,10167436482,0.00637583591933466
2026-05-26,2070.858154296875,15924080901,-0.019187636510046735
2026-05-27,2022.1982421875,14534289020,-0.02349746263809005
2026-05-28,2007.552734375,18109844096,-0.007242369965002715
2026-05-29,2011.978515625,14941194039,0.002204565376648926
2026-05-30,2019.458251953125,7478416074,0.0037176024843394995
2026-05-31,2004.341552734375,9253505209,-0.007485522022616653
2026-06-01,2003.22119140625,19458810001,-0.0005589672711203697
2026-06-02,1857.71630859375,25205401403,-0.0726354550544448
2026-06-03,1811.7322998046875,24083350214,-0.024752976854615305
2026-06-04,1769.58056640625,27112623897,-0.023265983281846703
2026-06-05,1580.86083984375,39924177669,-0.10664658628443302
2026-06-06,1568.7677001953125,18426248218,-0.00764971801669323
2026-06-07,1686.396240234375,15172606860,0.0749814902642485
2026-06-08,1690.1485595703125,17427269148,0.0022250520052251588
2026-06-09,1637.7066650390625,15196855528,-0.031027979306495035
2026-06-10,1620.1376953125,12655731412,-0.010727787888769158
2026-06-11,1672.2806396484375,12379882531,0.032184267106926345
2026-06-12,1665.1278076171875,9989137815,-0.0042772916588651455
2026-06-13,1680.214599609375,6101094488,0.009060440840140016
2026-06-14,1724.61328125,7804982667,0.026424411293025862
2026-06-15,1794.961181640625,17921331594,0.0407905361482761
2026-06-16,1790.398193359375,14698492893,-0.002542109728010611
2026-06-17,1747.885498046875,14185457929,-0.023744826972111888
2026-06-18,1709.533447265625,12942260783,-0.021941969782405923
2026-06-19,1710.982421875,7855725190,0.0008475848259608121
2026-06-20,1739.3013916015625,7773536600,0.01655129203228678
2026-06-21,1704.58056640625,8498711726,-0.019962512168946955
2026-06-22,1726.5108642578125,13584368622,0.012865509723484658
2026-06-23,1665.436767578125,10431438278,-0.03537429039344153
2026-06-24,1619.9249267578125,14059894232,-0.027327270363134648
2026-06-25,1564.816650390625,15976182558,-0.034019031040829484
2026-06-26,1576.6160888671875,15272225856,0.007540460713794772
2026-06-27,1571.5882568359375,6111411513,-0.0031890021082193742
2026-06-28,1570.3612060546875,6231562560,-0.0007807711567662245
2026-06-29,1610.205810546875,11882501822,0.025372891496913352
2026-06-30,1569.5838623046875,9639804637,-0.02522779881684256
2026-07-01,1608.960693359375,11666600557,0.025087433682497773
2026-07-02,1698.16943359375,13538465176,0.05544494691670465
2026-07-03,1756.5186767578125,10177742550,0.03436008328131357
2026-07-04,1779.032958984375,8083146790,0.01281755925767869
2026-07-05,1783.0059814453125,11323496681,0.0022332483728719765
2026-07-06,1797.57373046875,16997487730,0.008170330988810814
2026-07-07,1768.511474609375,9901110376,-0.0161674903047212
2026-07-08,1742.6776123046875,10110272581,-0.014607687128744051
2026-07-09,1744.484619140625,7763668656,0.0010369140127690635
2026-07-10,1795.6932373046875,9431692646,0.0293545827817554
2026-07-11,1788.099609375,6901680020,-0.004228800204808647
2026-07-12,1805.7880859375,6064480351,0.009892332882217136
2026-07-13,1773.500732421875,11436340419,-0.017879923877591963
2026-07-14,1889.4798583984375,13835437084,0.06539558955703528
2026-07-15,1916.9437255859375,12684088080,0.014535146837066026
2026-07-16,1863.193359375,11412820341,-0.028039616131406264
2026-07-17,1840.9881591796875,10651207679,-0.01191781845055584
2026-07-18,1861.39208984375,4754880124,0.011083140628755705
2026-07-19,1871.508544921875,7004738486,0.00543488668149128
2026-07-20,1903.7589111328125,12042633315,0.017232283709548213
2026-07-21,1928.3837890625,12526770542,0.012934872050072155
2026-07-22,1933.4901123046875,10800957306,0.002647980796742777
2026-07-23,1877.1002197265625,9768559906,-0.029164820765961497
2026-07-24,1860.1767578125,9056489653,-0.009015747660254259
2026-07-25,1873.222412109375,4367514252,0.007013126167760619
2026-07-26,1953.4112548828125,6638236222,0.04280796677162302
2026-07-27,1890.613525390625,13679804759,-0.03214772584893022
2026-07-28,1919.948486328125,11476069704,0.015516106567279087
2026-07-29,1908.51904296875,12003429702,-0.005952994802081224
2026-07-30,1917.3729248046875,8075086285,0.004639137276914562
2026-07-31,1860.345947265625,10253082786,-0.029742246175126108
2026-08-01,1843.417724609375,4889749337,-0.009099502531306869
2026-08-02,1882.52197265625,5798420478,0.021212906616248084
2026-08-03,1858.2564697265625,7822619495,-0.012889890945309235
2026-08-04,1868.3858642578125,7950029763,0.005451020726294331
2026-08-05,1906.5260009765625,9791973976,0.020413415370117205
2026-08-06,1902.0574951171875,7974662808,-0.0023437948693519894
2026-08-07,1913.2794189453125,9081145963,0.005899886757857242
2026-08-08,1915.532958984375,3746718589,0.0011778415723013858
2026-08-09,1908.6827392578125,4645577105,-0.0035761429707763526
2026-08-10,1871.2786865234375,8786188281,-0.019596788908417317
2026-08-11,1881.37353515625,7957496158,0.0053946259878410174
2026-08-12,1878.135009765625,7655429787,-0.0017213622548145624
2026-08-13,1883.9913330078125,7043525922,0.0031181588180491104
2026-08-14,1880.6500244140625,5615035669,-0.0017735265206425543
2026-08-15,1880.9083251953125,3145101774,0.00013734654395913815
2026-08-16,1873.9429931640625,3727196539,-0.0037031746512827812
2026-08-17,1912.2021484375,7808026613,0.020416392287813778
2026-08-18,1916.4595947265625,6819426768,0.002226462454579581
2026-08-19,2251.4580078125,29624109549,0.17480066577335518
2026-08-20,2326.384765625,27856115157,0.03327921620234808
2026-08-21,2515.28173828125,33328570085,0.081197648577922
2026-08-22,2408.219970703125,34577637376,-0.04256452307059755
